=== C201 repository preflight ===
=== C201 authoring syntax preflight ===
python_syntax_preflight = PASS
=== FOLD C201 V5-E selected-fact channel routing ===
repository = akakishi04/fold; branch = feat/sft-target-loss; commit = 1ce0334e0d5ee76c7e5fac40082c19bd43576415
target source = accepted C199 ALLOWED phase0 saved target
expected_focused_tests = 1759 (1731 existing +28 new); Gate_E = NOT_PASSED
source_and_artifact_precheck = PASS; accepted C200/C199 parents fixed
output_dir = M:\asobiba\fold\runs\c201-v5e-selected-fact-channel-route-37e1d67baaff4cd7a67addeb75da0aca
=== focused regression ===
test_boolean_canonicalizer_maps_only_selected_signed_channels (tests_lm.test_v05_controller.V05ControllerTests.test_boolean_canonicalizer_maps_only_selected_signed_channels) ... ok
test_boolean_canonicalizer_rejects_ambiguous_threshold_value (tests_lm.test_v05_controller.V05ControllerTests.test_boolean_canonicalizer_rejects_ambiguous_threshold_value) ... ok
test_boolean_canonicalizer_rejects_invalid_channels (tests_lm.test_v05_controller.V05ControllerTests.test_boolean_canonicalizer_rejects_invalid_channels) ... ok
test_boolean_canonicalizer_supports_zero_one_schema (tests_lm.test_v05_controller.V05ControllerTests.test_boolean_canonicalizer_supports_zero_one_schema) ... ok
test_configurable_five_action_contract (tests_lm.test_v05_controller.V05ControllerTests.test_configurable_five_action_contract) ... ok
test_control_lane_five_action_contract (tests_lm.test_v05_controller.V05ControllerTests.test_control_lane_five_action_contract) ... ok
test_control_lane_parameter_count_is_core_width_independent (tests_lm.test_v05_controller.V05ControllerTests.test_control_lane_parameter_count_is_core_width_independent) ... ok
test_default_two_action_contract_is_preserved (tests_lm.test_v05_controller.V05ControllerTests.test_default_two_action_contract_is_preserved) ... ok
test_invalid_action_count_is_rejected (tests_lm.test_v05_controller.V05ControllerTests.test_invalid_action_count_is_rejected) ... ok
test_invalid_control_lane_width_is_rejected (tests_lm.test_v05_controller.V05ControllerTests.test_invalid_control_lane_width_is_rejected) ... ok
test_authoritative_receipt_is_accepted (tests_lm.test_v05_reconciliation.V05ReconciliationTests.test_authoritative_receipt_is_accepted) ... ok
test_binding_failure_is_rejected_by_authority_gate (tests_lm.test_v05_reconciliation.V05ReconciliationTests.test_binding_failure_is_rejected_by_authority_gate) ... ok
test_exact_binding_matches (tests_lm.test_v05_reconciliation.V05ReconciliationTests.test_exact_binding_matches) ... ok
test_failed_verification_is_rejected (tests_lm.test_v05_reconciliation.V05ReconciliationTests.test_failed_verification_is_rejected) ... ok
test_stale_epoch_does_not_match (tests_lm.test_v05_reconciliation.V05ReconciliationTests.test_stale_epoch_does_not_match) ... ok
test_wrong_key_does_not_match (tests_lm.test_v05_reconciliation.V05ReconciliationTests.test_wrong_key_does_not_match) ... ok
test_wrong_mechanism_does_not_match (tests_lm.test_v05_reconciliation.V05ReconciliationTests.test_wrong_mechanism_does_not_match) ... ok
test_wrong_provider_is_rejected (tests_lm.test_v05_reconciliation.V05ReconciliationTests.test_wrong_provider_is_rejected) ... ok
test_exact_scope_matches (tests_lm.test_v05_receipt_scope.V05ReceiptScopeTests.test_exact_scope_matches) ... ok
test_other_receipt_is_rejected (tests_lm.test_v05_receipt_scope.V05ReceiptScopeTests.test_other_receipt_is_rejected) ... ok
test_other_source_is_rejected (tests_lm.test_v05_receipt_scope.V05ReceiptScopeTests.test_other_source_is_rejected) ... ok
test_stale_scope_epoch_is_rejected (tests_lm.test_v05_receipt_scope.V05ReceiptScopeTests.test_stale_scope_epoch_is_rejected) ... ok
test_advanced_provider_generation_is_rejected (tests_lm.test_v05_commit_context.V05CommitContextTests.test_advanced_provider_generation_is_rejected) ... ok
test_advanced_request_epoch_is_rejected (tests_lm.test_v05_commit_context.V05CommitContextTests.test_advanced_request_epoch_is_rejected) ... ok
test_both_advanced_are_rejected (tests_lm.test_v05_commit_context.V05CommitContextTests.test_both_advanced_are_rejected) ... ok
test_negative_versions_are_rejected (tests_lm.test_v05_commit_context.V05CommitContextTests.test_negative_versions_are_rejected) ... ok
test_unchanged_context_matches (tests_lm.test_v05_commit_context.V05CommitContextTests.test_unchanged_context_matches) ... ok
test_distinct_receipt_is_independent (tests_lm.test_v05_receipt_replay.V05ReceiptReplayTests.test_distinct_receipt_is_independent) ... ok
test_duplicate_delivery_is_rejected_without_state_change (tests_lm.test_v05_receipt_replay.V05ReceiptReplayTests.test_duplicate_delivery_is_rejected_without_state_change) ... ok
test_first_delivery_is_claimed (tests_lm.test_v05_receipt_replay.V05ReceiptReplayTests.test_first_delivery_is_claimed) ... ok
test_invalid_state_type_is_rejected (tests_lm.test_v05_receipt_replay.V05ReceiptReplayTests.test_invalid_state_type_is_rejected) ... ok
test_concurrent_duplicate_claim_has_one_winner (tests_lm.test_v05_receipt_atomic_claim.V05ReceiptAtomicClaimTests.test_concurrent_duplicate_claim_has_one_winner) ... ok
test_distinct_receipts_are_independent (tests_lm.test_v05_receipt_atomic_claim.V05ReceiptAtomicClaimTests.test_distinct_receipts_are_independent) ... ok
test_duplicate_claim_loses (tests_lm.test_v05_receipt_atomic_claim.V05ReceiptAtomicClaimTests.test_duplicate_claim_loses) ... ok
test_first_claim_wins (tests_lm.test_v05_receipt_atomic_claim.V05ReceiptAtomicClaimTests.test_first_claim_wins) ... ok
test_invalid_initial_state_is_rejected (tests_lm.test_v05_receipt_atomic_claim.V05ReceiptAtomicClaimTests.test_invalid_initial_state_is_rejected) ... ok
test_claim_survives_snapshot_restore (tests_lm.test_v05_receipt_recovery.V05ReceiptRecoveryTests.test_claim_survives_snapshot_restore) ... ok
test_complete_requires_pending_receipt (tests_lm.test_v05_receipt_recovery.V05ReceiptRecoveryTests.test_complete_requires_pending_receipt) ... ok
test_completion_survives_snapshot_restore (tests_lm.test_v05_receipt_recovery.V05ReceiptRecoveryTests.test_completion_survives_snapshot_restore) ... ok
test_multiple_restarts_preserve_pending_state (tests_lm.test_v05_receipt_recovery.V05ReceiptRecoveryTests.test_multiple_restarts_preserve_pending_state) ... ok
test_overlapping_snapshot_state_is_rejected (tests_lm.test_v05_receipt_recovery.V05ReceiptRecoveryTests.test_overlapping_snapshot_state_is_rejected) ... ok
test_invalid_snapshot_payload_is_rejected (tests_lm.test_v05_receipt_recovery_serialization.V05ReceiptRecoverySerializationTests.test_invalid_snapshot_payload_is_rejected) ... ok
test_snapshot_json_roundtrip_preserves_state (tests_lm.test_v05_receipt_recovery_serialization.V05ReceiptRecoverySerializationTests.test_snapshot_json_roundtrip_preserves_state) ... ok
test_applied_completes_without_replay (tests_lm.test_v05_post_transition_recovery.V05PostTransitionRecoveryTests.test_applied_completes_without_replay) ... ok
test_not_applied_requires_replay_before_completion (tests_lm.test_v05_post_transition_recovery.V05PostTransitionRecoveryTests.test_not_applied_requires_replay_before_completion) ... ok
test_still_unknown_holds_pending (tests_lm.test_v05_post_transition_recovery.V05PostTransitionRecoveryTests.test_still_unknown_holds_pending) ... ok
test_unknown_outcome_is_rejected (tests_lm.test_v05_post_transition_recovery.V05PostTransitionRecoveryTests.test_unknown_outcome_is_rejected) ... ok
test_naive_pending_replay_duplicates_applied_effect (tests_lm.test_v05_c127_negative_control.V05C127NegativeControlTests.test_naive_pending_replay_duplicates_applied_effect) ... ok
test_concurrent_acquire_has_one_owner (tests_lm.test_v05_recovery_ownership.V05RecoveryOwnershipTests.test_concurrent_acquire_has_one_owner) ... ok
test_distinct_receipts_are_independent (tests_lm.test_v05_recovery_ownership.V05RecoveryOwnershipTests.test_distinct_receipts_are_independent) ... ok
test_first_owner_wins (tests_lm.test_v05_recovery_ownership.V05RecoveryOwnershipTests.test_first_owner_wins) ... ok
test_only_owner_can_release (tests_lm.test_v05_recovery_ownership.V05RecoveryOwnershipTests.test_only_owner_can_release) ... ok
test_second_owner_loses (tests_lm.test_v05_recovery_ownership.V05RecoveryOwnershipTests.test_second_owner_loses) ... ok
test_active_lease_blocks_takeover (tests_lm.test_v05_recovery_fencing.V05RecoveryFencingTests.test_active_lease_blocks_takeover) ... ok
test_expired_lease_allows_higher_token_takeover (tests_lm.test_v05_recovery_fencing.V05RecoveryFencingTests.test_expired_lease_allows_higher_token_takeover) ... ok
test_first_owner_gets_first_token (tests_lm.test_v05_recovery_fencing.V05RecoveryFencingTests.test_first_owner_gets_first_token) ... ok
test_invalid_lease_duration_is_rejected (tests_lm.test_v05_recovery_fencing.V05RecoveryFencingTests.test_invalid_lease_duration_is_rejected) ... ok
test_same_worker_id_old_token_is_fenced_after_reacquire (tests_lm.test_v05_recovery_fencing.V05RecoveryFencingTests.test_same_worker_id_old_token_is_fenced_after_reacquire) ... ok
test_stale_owner_cannot_release_new_owner (tests_lm.test_v05_recovery_fencing.V05RecoveryFencingTests.test_stale_owner_cannot_release_new_owner) ... ok
test_stale_owner_is_fenced_after_takeover (tests_lm.test_v05_recovery_fencing.V05RecoveryFencingTests.test_stale_owner_is_fenced_after_takeover) ... ok
test_exact_expiry_cannot_renew (tests_lm.test_v05_recovery_lease_renewal.V05RecoveryLeaseRenewalTests.test_exact_expiry_cannot_renew) ... ok
test_naive_inclusive_expiry_would_disagree_at_boundary (tests_lm.test_v05_recovery_lease_renewal.V05RecoveryLeaseRenewalTests.test_naive_inclusive_expiry_would_disagree_at_boundary) ... ok
test_renewal_never_shortens_existing_lease (tests_lm.test_v05_recovery_lease_renewal.V05RecoveryLeaseRenewalTests.test_renewal_never_shortens_existing_lease) ... ok
test_stale_token_cannot_renew_after_takeover (tests_lm.test_v05_recovery_lease_renewal.V05RecoveryLeaseRenewalTests.test_stale_token_cannot_renew_after_takeover) ... ok
test_takeover_is_blocked_at_old_expiry_after_renewal (tests_lm.test_v05_recovery_lease_renewal.V05RecoveryLeaseRenewalTests.test_takeover_is_blocked_at_old_expiry_after_renewal) ... ok
test_valid_owner_renews_before_expiry_without_changing_token (tests_lm.test_v05_recovery_lease_renewal.V05RecoveryLeaseRenewalTests.test_valid_owner_renews_before_expiry_without_changing_token) ... ok
test_wrong_owner_cannot_renew (tests_lm.test_v05_recovery_lease_renewal.V05RecoveryLeaseRenewalTests.test_wrong_owner_cannot_renew) ... ok
test_expired_takeover_gets_higher_token_across_connections (tests_lm.test_v05_sqlite_recovery_fencing.V05SqliteRecoveryFencingTests.test_expired_takeover_gets_higher_token_across_connections) ... ok
test_first_acquire_gets_token_one (tests_lm.test_v05_sqlite_recovery_fencing.V05SqliteRecoveryFencingTests.test_first_acquire_gets_token_one) ... ok
test_same_worker_id_old_token_is_rejected (tests_lm.test_v05_sqlite_recovery_fencing.V05SqliteRecoveryFencingTests.test_same_worker_id_old_token_is_rejected) ... ok
test_stale_write_is_rejected_and_current_write_is_stored (tests_lm.test_v05_sqlite_recovery_fencing.V05SqliteRecoveryFencingTests.test_stale_write_is_rejected_and_current_write_is_stored) ... ok
test_two_process_resolved_case_has_one_current_write (tests_lm.test_v05_c132_process_fencing.V05C132ProcessFencingTests.test_two_process_resolved_case_has_one_current_write) ... ok
test_two_process_unknown_case_stores_no_effect (tests_lm.test_v05_c132_process_fencing.V05C132ProcessFencingTests.test_two_process_unknown_case_stores_no_effect) ... ok
test_exact_retrieval_returns_persisted_evidence_and_provenance (tests_lm.test_v05_retrieval_adapter.V05RetrievalAdapterTests.test_exact_retrieval_returns_persisted_evidence_and_provenance) ... ok
test_exact_search_scores_persisted_corpus_not_hidden_fallback (tests_lm.test_v05_retrieval_adapter.V05RetrievalAdapterTests.test_exact_search_scores_persisted_corpus_not_hidden_fallback) ... ok
test_reloading_same_file_preserves_fingerprints (tests_lm.test_v05_retrieval_adapter.V05RetrievalAdapterTests.test_reloading_same_file_preserves_fingerprints) ... ok
test_structure_miss_returns_none_with_provenance_stats (tests_lm.test_v05_retrieval_miss_semantics.V05RetrievalMissSemanticsTests.test_structure_miss_returns_none_with_provenance_stats) ... ok
test_wrong_schema_returns_none_with_provenance_stats (tests_lm.test_v05_retrieval_miss_semantics.V05RetrievalMissSemanticsTests.test_wrong_schema_returns_none_with_provenance_stats) ... ok
test_bounded_hit_does_not_pay_exact_fallback_q5 (tests_lm.test_v05_retrieval_bounded_recovery.V05RetrievalBoundedRecoveryTests.test_bounded_hit_does_not_pay_exact_fallback_q5) ... ok
test_real_bounded_false_negative_recovers_exact_q6 (tests_lm.test_v05_retrieval_bounded_recovery.V05RetrievalBoundedRecoveryTests.test_real_bounded_false_negative_recovers_exact_q6) ... ok
test_true_miss_remains_none_after_exact_fallback (tests_lm.test_v05_retrieval_bounded_recovery.V05RetrievalBoundedRecoveryTests.test_true_miss_remains_none_after_exact_fallback) ... ok
test_address_head_returns_expected_shape (tests_lm.test_v05_retrieval_query.V05RetrievalQueryTests.test_address_head_returns_expected_shape) ... ok
test_address_to_structure_is_one_hot (tests_lm.test_v05_retrieval_query.V05RetrievalQueryTests.test_address_to_structure_is_one_hot) ... ok
test_hashed_text_features_are_deterministic (tests_lm.test_v05_retrieval_query.V05RetrievalQueryTests.test_hashed_text_features_are_deterministic) ... ok
test_encode_returns_unit_norm_vectors (tests_lm.test_v05_retrieval_content.V05RetrievalContentTests.test_encode_returns_unit_norm_vectors) ... ok
test_scores_accept_dynamic_candidate_count (tests_lm.test_v05_retrieval_content.V05RetrievalContentTests.test_scores_accept_dynamic_candidate_count) ... ok
test_select_returns_candidate_index_without_fixed_address_count (tests_lm.test_v05_retrieval_content.V05RetrievalContentTests.test_select_returns_candidate_index_without_fixed_address_count) ... ok
test_raw_hashed_features_do_not_solve_unseen_combinations (tests_lm.test_v05_c138_compositional_alias_fixture.V05C138CompositionalAliasFixtureTests.test_raw_hashed_features_do_not_solve_unseen_combinations) ... ok
test_unseen_combination_alias_tokens_are_seen_during_training (tests_lm.test_v05_c138_compositional_alias_fixture.V05C138CompositionalAliasFixtureTests.test_unseen_combination_alias_tokens_are_seen_during_training) ... ok
test_validation_and_descriptor_share_no_tokens (tests_lm.test_v05_c138_compositional_alias_fixture.V05C138CompositionalAliasFixtureTests.test_validation_and_descriptor_share_no_tokens) ... ok
test_c138_training_vocabulary_reproduces_amber_red_hash_collision (tests_lm.test_v05_c139_hash_collision_diagnostic.V05C139HashCollisionDiagnosticTests.test_c138_training_vocabulary_reproduces_amber_red_hash_collision) ... ok
test_collision_free_features_distinguish_amber_and_red (tests_lm.test_v05_c139_hash_collision_diagnostic.V05C139HashCollisionDiagnosticTests.test_collision_free_features_distinguish_amber_and_red) ... ok
test_training_vocabulary_covers_all_validation_and_descriptor_tokens (tests_lm.test_v05_c139_hash_collision_diagnostic.V05C139HashCollisionDiagnosticTests.test_training_vocabulary_covers_all_validation_and_descriptor_tokens) ... ok
test_negative_expected_margin_marks_competing_prediction (tests_lm.test_v05_c140_collision_free_multiseed_robustness.V05C140CollisionFreeMultiseedRobustnessTests.test_negative_expected_margin_marks_competing_prediction) ... ok
test_positive_expected_margin_marks_correct_prediction (tests_lm.test_v05_c140_collision_free_multiseed_robustness.V05C140CollisionFreeMultiseedRobustnessTests.test_positive_expected_margin_marks_correct_prediction) ... ok
test_seed_set_is_fresh_and_disjoint_from_c139 (tests_lm.test_v05_c140_collision_free_multiseed_robustness.V05C140CollisionFreeMultiseedRobustnessTests.test_seed_set_is_fresh_and_disjoint_from_c139) ... ok
test_ambiguous_training_alias_is_rejected (tests_lm.test_v05_c141_color_alias_localization.V05C141ColorAliasLocalizationTests.test_ambiguous_training_alias_is_rejected) ... ok
test_misaligned_pairs_are_rejected (tests_lm.test_v05_c141_color_alias_localization.V05C141ColorAliasLocalizationTests.test_misaligned_pairs_are_rejected) ... ok
test_only_color_changes_and_source_rows_are_not_mutated (tests_lm.test_v05_c141_color_alias_localization.V05C141ColorAliasLocalizationTests.test_only_color_changes_and_source_rows_are_not_mutated) ... ok
test_prerequisite_rejects_wrong_experiment_and_console_only_payload (tests_lm.test_v05_c141_color_alias_localization.V05C141ColorAliasLocalizationTests.test_prerequisite_rejects_wrong_experiment_and_console_only_payload) ... ok
test_replay_accepts_equal_data_but_rejects_changed_prediction (tests_lm.test_v05_c141_color_alias_localization.V05C141ColorAliasLocalizationTests.test_replay_accepts_equal_data_but_rejects_changed_prediction) ... ok
test_replay_rejects_score_drift_and_nan (tests_lm.test_v05_c141_color_alias_localization.V05C141ColorAliasLocalizationTests.test_replay_rejects_score_drift_and_nan) ... ok
test_rescuing_a_failure_does_not_hide_a_new_error (tests_lm.test_v05_c141_color_alias_localization.V05C141ColorAliasLocalizationTests.test_rescuing_a_failure_does_not_hide_a_new_error) ... ok
test_seeds_are_exactly_the_c140_replay_set (tests_lm.test_v05_c141_color_alias_localization.V05C141ColorAliasLocalizationTests.test_seeds_are_exactly_the_c140_replay_set) ... ok
test_training_map_ignores_unseen_rows_and_validation_labels (tests_lm.test_v05_c141_color_alias_localization.V05C141ColorAliasLocalizationTests.test_training_map_ignores_unseen_rows_and_validation_labels) ... ok
test_training_pair_audit_excludes_heldout_combinations (tests_lm.test_v05_c141_color_alias_localization.V05C141ColorAliasLocalizationTests.test_training_pair_audit_excludes_heldout_combinations) ... ok
test_uncovered_alias_is_rejected (tests_lm.test_v05_c141_color_alias_localization.V05C141ColorAliasLocalizationTests.test_uncovered_alias_is_rejected) ... ok
test_weight_fingerprint_detects_mutation (tests_lm.test_v05_c141_color_alias_localization.V05C141ColorAliasLocalizationTests.test_weight_fingerprint_detects_mutation) ... ok
test_accepted_full_prerequisite_is_validated (tests_lm.test_v05_c142_color_alignment.V05C142ColorAlignmentTests.test_accepted_full_prerequisite_is_validated) ... ok
test_auxiliary_objective_is_preregistered_weighted_sum (tests_lm.test_v05_c142_color_alignment.V05C142ColorAlignmentTests.test_auxiliary_objective_is_preregistered_weighted_sum) ... ok
test_bad_weight_and_scale_are_rejected (tests_lm.test_v05_c142_color_alignment.V05C142ColorAlignmentTests.test_bad_weight_and_scale_are_rejected) ... ok
test_checkpoint_is_weights_only_loadable_and_reconstructible (tests_lm.test_v05_c142_color_alignment.V05C142ColorAlignmentTests.test_checkpoint_is_weights_only_loadable_and_reconstructible) ... ok
test_color_pairs_are_deduplicated_sorted_and_labeled (tests_lm.test_v05_c142_color_alignment.V05C142ColorAlignmentTests.test_color_pairs_are_deduplicated_sorted_and_labeled) ... ok
test_conflicting_training_alias_is_rejected (tests_lm.test_v05_c142_color_alignment.V05C142ColorAlignmentTests.test_conflicting_training_alias_is_rejected) ... ok
test_empty_or_invalid_training_split_is_rejected (tests_lm.test_v05_c142_color_alignment.V05C142ColorAlignmentTests.test_empty_or_invalid_training_split_is_rejected) ... ok
test_evaluation_interface_has_no_alias_map (tests_lm.test_v05_c142_color_alignment.V05C142ColorAlignmentTests.test_evaluation_interface_has_no_alias_map) ... ok
test_evaluation_uses_original_text_and_adapter_result (tests_lm.test_v05_c142_color_alignment.V05C142ColorAlignmentTests.test_evaluation_uses_original_text_and_adapter_result) ... ok
test_fresh_seed_set_and_fixed_auxiliary_weight (tests_lm.test_v05_c142_color_alignment.V05C142ColorAlignmentTests.test_fresh_seed_set_and_fixed_auxiliary_weight) ... ok
test_nonfinite_loss_is_rejected (tests_lm.test_v05_c142_color_alignment.V05C142ColorAlignmentTests.test_nonfinite_loss_is_rejected) ... ok
test_paired_copies_start_equal_and_auxiliary_changes_updates (tests_lm.test_v05_c142_color_alignment.V05C142ColorAlignmentTests.test_paired_copies_start_equal_and_auxiliary_changes_updates) ... ok
test_pass_requires_success_and_strictly_positive_finite_margins (tests_lm.test_v05_c142_color_alignment.V05C142ColorAlignmentTests.test_pass_requires_success_and_strictly_positive_finite_margins) ... ok
test_prerequisite_rejects_aggregate_only_wrong_source_and_fail (tests_lm.test_v05_c142_color_alignment.V05C142ColorAlignmentTests.test_prerequisite_rejects_aggregate_only_wrong_source_and_fail) ... ok
test_prerequisite_rejects_bad_case_and_margin (tests_lm.test_v05_c142_color_alignment.V05C142ColorAlignmentTests.test_prerequisite_rejects_bad_case_and_margin) ... ok
test_prerequisite_selector_skips_invalid_files (tests_lm.test_v05_c142_color_alignment.V05C142ColorAlignmentTests.test_prerequisite_selector_skips_invalid_files) ... ok
test_rescue_counts_do_not_hide_new_errors (tests_lm.test_v05_c142_color_alignment.V05C142ColorAlignmentTests.test_rescue_counts_do_not_hide_new_errors) ... ok
test_training_spec_does_not_mutate_rows (tests_lm.test_v05_c142_color_alignment.V05C142ColorAlignmentTests.test_training_spec_does_not_mutate_rows) ... ok
test_training_spec_ignores_validation_and_heldout_fields (tests_lm.test_v05_c142_color_alignment.V05C142ColorAlignmentTests.test_training_spec_ignores_validation_and_heldout_fields) ... ok
test_wrong_provenance_is_execution_error_not_scientific_failure (tests_lm.test_v05_c142_color_alignment.V05C142ColorAlignmentTests.test_wrong_provenance_is_execution_error_not_scientific_failure) ... ok
test_zero_aux_training_matches_c139_reference_update_arithmetic (tests_lm.test_v05_c142_color_alignment.V05C142ColorAlignmentTests.test_zero_aux_training_matches_c139_reference_update_arithmetic) ... ok
test_zero_weight_does_not_read_auxiliary_input (tests_lm.test_v05_c142_color_alignment.V05C142ColorAlignmentTests.test_zero_weight_does_not_read_auxiliary_input) ... ok
test_accepted_full_prerequisite_profile (tests_lm.test_v05_c143_frozen_factorial_audit.V05C143FrozenFactorialAuditTests.test_accepted_full_prerequisite_profile) ... ok
test_ambiguous_training_alias_is_rejected (tests_lm.test_v05_c143_frozen_factorial_audit.V05C143FrozenFactorialAuditTests.test_ambiguous_training_alias_is_rejected) ... ok
test_candidate_scorer_accepts_dynamic_catalog_size (tests_lm.test_v05_c143_frozen_factorial_audit.V05C143FrozenFactorialAuditTests.test_candidate_scorer_accepts_dynamic_catalog_size) ... ok
test_checkpoint_path_metadata_cannot_redirect_file_loading (tests_lm.test_v05_c143_frozen_factorial_audit.V05C143FrozenFactorialAuditTests.test_checkpoint_path_metadata_cannot_redirect_file_loading) ... ok
test_checkpoint_reconstruction_is_frozen_and_identical (tests_lm.test_v05_c143_frozen_factorial_audit.V05C143FrozenFactorialAuditTests.test_checkpoint_reconstruction_is_frozen_and_identical) ... ok
test_checkpoint_tampering_vocab_and_fingerprint_are_rejected (tests_lm.test_v05_c143_frozen_factorial_audit.V05C143FrozenFactorialAuditTests.test_checkpoint_tampering_vocab_and_fingerprint_are_rejected) ... ok
test_expected_labels_cannot_change_model_predictions (tests_lm.test_v05_c143_frozen_factorial_audit.V05C143FrozenFactorialAuditTests.test_expected_labels_cannot_change_model_predictions) ... ok
test_full_factor_product_and_alias_counts (tests_lm.test_v05_c143_frozen_factorial_audit.V05C143FrozenFactorialAuditTests.test_full_factor_product_and_alias_counts) ... ok
test_generated_query_target_has_zero_lexical_overlap (tests_lm.test_v05_c143_frozen_factorial_audit.V05C143FrozenFactorialAuditTests.test_generated_query_target_has_zero_lexical_overlap) ... ok
test_group_metrics_do_not_hide_new_combination_errors (tests_lm.test_v05_c143_frozen_factorial_audit.V05C143FrozenFactorialAuditTests.test_group_metrics_do_not_hide_new_combination_errors) ... ok
test_heldout_training_fields_do_not_contribute_aliases (tests_lm.test_v05_c143_frozen_factorial_audit.V05C143FrozenFactorialAuditTests.test_heldout_training_fields_do_not_contribute_aliases) ... ok
test_margins_handle_correct_incorrect_and_tie (tests_lm.test_v05_c143_frozen_factorial_audit.V05C143FrozenFactorialAuditTests.test_margins_handle_correct_incorrect_and_tie) ... ok
test_nonfinite_scores_and_bad_labels_are_rejected (tests_lm.test_v05_c143_frozen_factorial_audit.V05C143FrozenFactorialAuditTests.test_nonfinite_scores_and_bad_labels_are_rejected) ... ok
test_original_catalog_order_is_preserved (tests_lm.test_v05_c143_frozen_factorial_audit.V05C143FrozenFactorialAuditTests.test_original_catalog_order_is_preserved) ... ok
test_original_training_and_validation_queries_are_flagged (tests_lm.test_v05_c143_frozen_factorial_audit.V05C143FrozenFactorialAuditTests.test_original_training_and_validation_queries_are_flagged) ... ok
test_pass_requires_every_case_and_positive_finite_margin (tests_lm.test_v05_c143_frozen_factorial_audit.V05C143FrozenFactorialAuditTests.test_pass_requires_every_case_and_positive_finite_margin) ... ok
test_prerequisite_rejects_changed_treatment_or_query (tests_lm.test_v05_c143_frozen_factorial_audit.V05C143FrozenFactorialAuditTests.test_prerequisite_rejects_changed_treatment_or_query) ... ok
test_prerequisite_rejects_console_only_and_wrong_commit (tests_lm.test_v05_c143_frozen_factorial_audit.V05C143FrozenFactorialAuditTests.test_prerequisite_rejects_console_only_and_wrong_commit) ... ok
test_replay_checks_prediction_and_score_drift (tests_lm.test_v05_c143_frozen_factorial_audit.V05C143FrozenFactorialAuditTests.test_replay_checks_prediction_and_score_drift) ... ok
test_seed_set_reuses_all_c142_heads (tests_lm.test_v05_c143_frozen_factorial_audit.V05C143FrozenFactorialAuditTests.test_seed_set_reuses_all_c142_heads) ... ok
test_suite_is_deterministic_and_input_is_not_mutated (tests_lm.test_v05_c143_frozen_factorial_audit.V05C143FrozenFactorialAuditTests.test_suite_is_deterministic_and_input_is_not_mutated) ... ok
test_wrong_factor_cardinality_is_rejected (tests_lm.test_v05_c143_frozen_factorial_audit.V05C143FrozenFactorialAuditTests.test_wrong_factor_cardinality_is_rejected) ... ok
test_arm_analysis_counts_masks_and_distances (tests_lm.test_v05_c144_factor_mismatch_attribution.V05C144FactorMismatchAttributionTests.test_arm_analysis_counts_masks_and_distances) ... ok
test_arm_analysis_does_not_mutate_input (tests_lm.test_v05_c144_factor_mismatch_attribution.V05C144FactorMismatchAttributionTests.test_arm_analysis_does_not_mutate_input) ... ok
test_arm_analysis_tracks_alias_error_rates (tests_lm.test_v05_c144_factor_mismatch_attribution.V05C144FactorMismatchAttributionTests.test_arm_analysis_tracks_alias_error_rates) ... ok
test_axes_are_canonical_order (tests_lm.test_v05_c144_factor_mismatch_attribution.V05C144FactorMismatchAttributionTests.test_axes_are_canonical_order) ... ok
test_bad_descriptor_arity_is_rejected (tests_lm.test_v05_c144_factor_mismatch_attribution.V05C144FactorMismatchAttributionTests.test_bad_descriptor_arity_is_rejected) ... ok
test_expected_aggregate_constants_match_c143_console (tests_lm.test_v05_c144_factor_mismatch_attribution.V05C144FactorMismatchAttributionTests.test_expected_aggregate_constants_match_c143_console) ... ok
test_identical_descriptor_is_not_an_error_mask (tests_lm.test_v05_c144_factor_mismatch_attribution.V05C144FactorMismatchAttributionTests.test_identical_descriptor_is_not_an_error_mask) ... ok
test_multi_factor_masks_preserve_axis_order (tests_lm.test_v05_c144_factor_mismatch_attribution.V05C144FactorMismatchAttributionTests.test_multi_factor_masks_preserve_axis_order) ... ok
test_safe_rate (tests_lm.test_v05_c144_factor_mismatch_attribution.V05C144FactorMismatchAttributionTests.test_safe_rate) ... ok
test_single_factor_masks (tests_lm.test_v05_c144_factor_mismatch_attribution.V05C144FactorMismatchAttributionTests.test_single_factor_masks) ... ok
test_alignment_spec_rejects_bad_axis (tests_lm.test_v05_c145_material_alignment_intervention.V05C145MaterialAlignmentTests.test_alignment_spec_rejects_bad_axis) ... ok
test_alignment_spec_uses_training_rows_only (tests_lm.test_v05_c145_material_alignment_intervention.V05C145MaterialAlignmentTests.test_alignment_spec_uses_training_rows_only) ... ok
test_c144_validator_accepts_registered_profile (tests_lm.test_v05_c145_material_alignment_intervention.V05C145MaterialAlignmentTests.test_c144_validator_accepts_registered_profile) ... ok
test_c144_validator_rejects_wrong_material_count (tests_lm.test_v05_c145_material_alignment_intervention.V05C145MaterialAlignmentTests.test_c144_validator_rejects_wrong_material_count) ... ok
test_head_fingerprint_detects_update (tests_lm.test_v05_c145_material_alignment_intervention.V05C145MaterialAlignmentTests.test_head_fingerprint_detects_update) ... ok
test_identical_mask_rejected (tests_lm.test_v05_c145_material_alignment_intervention.V05C145MaterialAlignmentTests.test_identical_mask_rejected) ... ok
test_main_spec_is_not_mutating (tests_lm.test_v05_c145_material_alignment_intervention.V05C145MaterialAlignmentTests.test_main_spec_is_not_mutating) ... ok
test_mask_axis_order (tests_lm.test_v05_c145_material_alignment_intervention.V05C145MaterialAlignmentTests.test_mask_axis_order) ... ok
test_metrics_counts_material_involvement (tests_lm.test_v05_c145_material_alignment_intervention.V05C145MaterialAlignmentTests.test_metrics_counts_material_involvement) ... ok
test_objective_material_zero_vs_one_differs (tests_lm.test_v05_c145_material_alignment_intervention.V05C145MaterialAlignmentTests.test_objective_material_zero_vs_one_differs) ... M:\asobiba\fold\tests_lm\test_v05_c145_material_alignment_intervention.py:74: UserWarning: Converting a tensor with requires_grad=True to a scalar may lead to unexpected behavior.
Consider using tensor.detach() first. (Triggered internally at C:\actions-runner\_work\pytorch\pytorch\pytorch\torch\csrc\autograd\generated\python_variable_methods.cpp:837.)
  self.assertNotEqual(float(a),float(b))
ok
test_pair_counts_rescue_and_regression (tests_lm.test_v05_c145_material_alignment_intervention.V05C145MaterialAlignmentTests.test_pair_counts_rescue_and_regression) ... ok
test_seed_set_is_fresh (tests_lm.test_v05_c145_material_alignment_intervention.V05C145MaterialAlignmentTests.test_seed_set_is_fresh) ... ok
test_audit_rejects_invalid_index_and_inconsistent_margin (tests_lm.test_v05_c146_all_factor_alignment.V05C146AllFactorAlignmentTests.test_audit_rejects_invalid_index_and_inconsistent_margin) ... ok
test_conflicting_factor_alias_is_rejected (tests_lm.test_v05_c146_all_factor_alignment.V05C146AllFactorAlignmentTests.test_conflicting_factor_alias_is_rejected) ... ok
test_control_has_no_shape_loss_graph (tests_lm.test_v05_c146_all_factor_alignment.V05C146AllFactorAlignmentTests.test_control_has_no_shape_loss_graph) ... ok
test_control_updates_match_explicit_c145_treatment_arithmetic (tests_lm.test_v05_c146_all_factor_alignment.V05C146AllFactorAlignmentTests.test_control_updates_match_explicit_c145_treatment_arithmetic) ... ok
test_full_synthetic_prerequisite_recomputes_accepted_aggregates (tests_lm.test_v05_c146_all_factor_alignment.V05C146AllFactorAlignmentTests.test_full_synthetic_prerequisite_recomputes_accepted_aggregates) ... ok
test_group_metrics_preserve_overlapping_original_group (tests_lm.test_v05_c146_all_factor_alignment.V05C146AllFactorAlignmentTests.test_group_metrics_preserve_overlapping_original_group) ... ok
test_invalid_weight_and_nonfinite_loss_rejected (tests_lm.test_v05_c146_all_factor_alignment.V05C146AllFactorAlignmentTests.test_invalid_weight_and_nonfinite_loss_rejected) ... ok
test_malformed_and_empty_training_rejected (tests_lm.test_v05_c146_all_factor_alignment.V05C146AllFactorAlignmentTests.test_malformed_and_empty_training_rejected) ... ok
test_manifest_checks_lf_and_crlf_bytes_without_semantic_fallback (tests_lm.test_v05_c146_all_factor_alignment.V05C146AllFactorAlignmentTests.test_manifest_checks_lf_and_crlf_bytes_without_semantic_fallback) ... ok
test_masks_include_overlapping_factor_counts (tests_lm.test_v05_c146_all_factor_alignment.V05C146AllFactorAlignmentTests.test_masks_include_overlapping_factor_counts) ... ok
test_paired_counts_distinguish_rescue_and_new_error (tests_lm.test_v05_c146_all_factor_alignment.V05C146AllFactorAlignmentTests.test_paired_counts_distinguish_rescue_and_new_error) ... ok
test_paired_models_start_equal_but_auxiliary_changes_updates (tests_lm.test_v05_c146_all_factor_alignment.V05C146AllFactorAlignmentTests.test_paired_models_start_equal_but_auxiliary_changes_updates) ... ok
test_pass_requires_correct_and_strictly_positive_finite_margin (tests_lm.test_v05_c146_all_factor_alignment.V05C146AllFactorAlignmentTests.test_pass_requires_correct_and_strictly_positive_finite_margin) ... ok
test_prerequisite_rejects_console_only_or_wrong_commit (tests_lm.test_v05_c146_all_factor_alignment.V05C146AllFactorAlignmentTests.test_prerequisite_rejects_console_only_or_wrong_commit) ... ok
test_prerequisite_rejects_duplicate_seed_and_false_full_pass_count (tests_lm.test_v05_c146_all_factor_alignment.V05C146AllFactorAlignmentTests.test_prerequisite_rejects_duplicate_seed_and_false_full_pass_count) ... ok
test_prerequisite_rejects_modified_case (tests_lm.test_v05_c146_all_factor_alignment.V05C146AllFactorAlignmentTests.test_prerequisite_rejects_modified_case) ... ok
test_seed_set_is_fresh_and_configuration_fixed (tests_lm.test_v05_c146_all_factor_alignment.V05C146AllFactorAlignmentTests.test_seed_set_is_fresh_and_configuration_fixed) ... ok
test_shape_one_objective_is_exact_weighted_sum (tests_lm.test_v05_c146_all_factor_alignment.V05C146AllFactorAlignmentTests.test_shape_one_objective_is_exact_weighted_sum) ... ok
test_specs_preserve_hyphenated_shape_expression_and_source (tests_lm.test_v05_c146_all_factor_alignment.V05C146AllFactorAlignmentTests.test_specs_preserve_hyphenated_shape_expression_and_source) ... ok
test_training_uses_no_validation_or_heldout_fields (tests_lm.test_v05_c146_all_factor_alignment.V05C146AllFactorAlignmentTests.test_training_uses_no_validation_or_heldout_fields) ... ok
test_checkpoint_is_reconstructed_frozen_with_exact_fingerprint (tests_lm.test_v05_c147_composition_order.V05C147CompositionOrderTests.test_checkpoint_is_reconstructed_frozen_with_exact_fingerprint) ... ok
test_checkpoint_wrong_name_hash_vocabulary_and_weights_rejected (tests_lm.test_v05_c147_composition_order.V05C147CompositionOrderTests.test_checkpoint_wrong_name_hash_vocabulary_and_weights_rejected) ... ok
test_compose_does_not_mutate_head_or_texts (tests_lm.test_v05_c147_composition_order.V05C147CompositionOrderTests.test_compose_does_not_mutate_head_or_texts) ... ok
test_compose_uses_one_unique_unit_encoding_batch (tests_lm.test_v05_c147_composition_order.V05C147CompositionOrderTests.test_compose_uses_one_unique_unit_encoding_batch) ... ok
test_composition_equals_normalized_sum_of_unit_encodings (tests_lm.test_v05_c147_composition_order.V05C147CompositionOrderTests.test_composition_equals_normalized_sum_of_unit_encodings) ... ok
test_empty_units_and_undefined_normalization_rejected (tests_lm.test_v05_c147_composition_order.V05C147CompositionOrderTests.test_empty_units_and_undefined_normalization_rejected) ... ok
test_error_details_include_query_target_and_both_predictions (tests_lm.test_v05_c147_composition_order.V05C147CompositionOrderTests.test_error_details_include_query_target_and_both_predictions) ... ok
test_hyphenated_expression_is_passed_intact_to_feature_function (tests_lm.test_v05_c147_composition_order.V05C147CompositionOrderTests.test_hyphenated_expression_is_passed_intact_to_feature_function) ... ok
test_labels_cannot_change_predictions (tests_lm.test_v05_c147_composition_order.V05C147CompositionOrderTests.test_labels_cannot_change_predictions) ... ok
test_no_typed_factor_or_expected_label_in_encoder_interface (tests_lm.test_v05_c147_composition_order.V05C147CompositionOrderTests.test_no_typed_factor_or_expected_label_in_encoder_interface) ... ok
test_pair_does_not_hide_new_errors (tests_lm.test_v05_c147_composition_order.V05C147CompositionOrderTests.test_pair_does_not_hide_new_errors) ... ok
test_rank_rejects_nan_shapes_and_invalid_indices (tests_lm.test_v05_c147_composition_order.V05C147CompositionOrderTests.test_rank_rejects_nan_shapes_and_invalid_indices) ... ok
test_rejects_wrong_prerequisite_before_auditing (tests_lm.test_v05_c147_composition_order.V05C147CompositionOrderTests.test_rejects_wrong_prerequisite_before_auditing) ... ok
test_replay_rejects_rank_score_and_numeric_changes (tests_lm.test_v05_c147_composition_order.V05C147CompositionOrderTests.test_replay_rejects_rank_score_and_numeric_changes) ... ok
test_single_expression_matches_original_encoder (tests_lm.test_v05_c147_composition_order.V05C147CompositionOrderTests.test_single_expression_matches_original_encoder) ... ok
test_source_seed_set_includes_all_successes_and_failures (tests_lm.test_v05_c147_composition_order.V05C147CompositionOrderTests.test_source_seed_set_includes_all_successes_and_failures) ... ok
test_strict_positive_margin_gate_and_ties (tests_lm.test_v05_c147_composition_order.V05C147CompositionOrderTests.test_strict_positive_margin_gate_and_ties) ... ok
test_unit_order_is_invariant_and_repetitions_preserved (tests_lm.test_v05_c147_composition_order.V05C147CompositionOrderTests.test_unit_order_is_invariant_and_repetitions_preserved) ... ok
test_bad_steps_and_nonfinite_losses_rejected (tests_lm.test_v05_c148_train_consistent_composition.V05C148TrainConsistentCompositionTests.test_bad_steps_and_nonfinite_losses_rejected) ... ok
test_checkpoint_contains_composition_metadata_and_loads_safely (tests_lm.test_v05_c148_train_consistent_composition.V05C148TrainConsistentCompositionTests.test_checkpoint_contains_composition_metadata_and_loads_safely) ... ok
test_composition_matches_c147_normalized_sum_formula (tests_lm.test_v05_c148_train_consistent_composition.V05C148TrainConsistentCompositionTests.test_composition_matches_c147_normalized_sum_formula) ... ok
test_empty_or_invalid_text_is_rejected (tests_lm.test_v05_c148_train_consistent_composition.V05C148TrainConsistentCompositionTests.test_empty_or_invalid_text_is_rejected) ... ok
test_encoder_has_no_labels_or_factor_slot_interface (tests_lm.test_v05_c148_train_consistent_composition.V05C148TrainConsistentCompositionTests.test_encoder_has_no_labels_or_factor_slot_interface) ... ok
test_evaluation_does_not_mutate_head (tests_lm.test_v05_c148_train_consistent_composition.V05C148TrainConsistentCompositionTests.test_evaluation_does_not_mutate_head) ... ok
test_fresh_seed_set_does_not_reuse_recent_experiments (tests_lm.test_v05_c148_train_consistent_composition.V05C148TrainConsistentCompositionTests.test_fresh_seed_set_does_not_reuse_recent_experiments) ... ok
test_gradient_matches_double_precision_finite_difference (tests_lm.test_v05_c148_train_consistent_composition.V05C148TrainConsistentCompositionTests.test_gradient_matches_double_precision_finite_difference) ... ok
test_multiple_steps_recompute_learned_vectors (tests_lm.test_v05_c148_train_consistent_composition.V05C148TrainConsistentCompositionTests.test_multiple_steps_recompute_learned_vectors) ... ok
test_only_main_term_changes_between_objectives (tests_lm.test_v05_c148_train_consistent_composition.V05C148TrainConsistentCompositionTests.test_only_main_term_changes_between_objectives) ... ok
test_padding_does_not_contribute_vectors (tests_lm.test_v05_c148_train_consistent_composition.V05C148TrainConsistentCompositionTests.test_padding_does_not_contribute_vectors) ... ok
test_paired_initial_state_same_updates_differ (tests_lm.test_v05_c148_train_consistent_composition.V05C148TrainConsistentCompositionTests.test_paired_initial_state_same_updates_differ) ... ok
test_permutation_invariance_and_repetition_weight (tests_lm.test_v05_c148_train_consistent_composition.V05C148TrainConsistentCompositionTests.test_permutation_invariance_and_repetition_weight) ... ok
test_pooled_control_objective_is_c146_arithmetic (tests_lm.test_v05_c148_train_consistent_composition.V05C148TrainConsistentCompositionTests.test_pooled_control_objective_is_c146_arithmetic) ... ok
test_pooled_control_updates_equal_reference (tests_lm.test_v05_c148_train_consistent_composition.V05C148TrainConsistentCompositionTests.test_pooled_control_updates_equal_reference) ... ok
test_preparation_keeps_input_and_only_caches_features (tests_lm.test_v05_c148_train_consistent_composition.V05C148TrainConsistentCompositionTests.test_preparation_keeps_input_and_only_caches_features) ... ok
test_preparation_rejects_nonfinite_features (tests_lm.test_v05_c148_train_consistent_composition.V05C148TrainConsistentCompositionTests.test_preparation_rejects_nonfinite_features) ... ok
test_prior_rejects_changed_predictions_pair_or_fit (tests_lm.test_v05_c148_train_consistent_composition.V05C148TrainConsistentCompositionTests.test_prior_rejects_changed_predictions_pair_or_fit) ... ok
test_prior_rejects_wrong_identity_summary_only_and_seed_duplicates (tests_lm.test_v05_c148_train_consistent_composition.V05C148TrainConsistentCompositionTests.test_prior_rejects_wrong_identity_summary_only_and_seed_duplicates) ... ok
test_single_unit_matches_shared_encoder (tests_lm.test_v05_c148_train_consistent_composition.V05C148TrainConsistentCompositionTests.test_single_unit_matches_shared_encoder) ... ok
test_strict_gate_rejects_ties_errors_and_nonfinite_margin (tests_lm.test_v05_c148_train_consistent_composition.V05C148TrainConsistentCompositionTests.test_strict_gate_rejects_ties_errors_and_nonfinite_margin) ... ok
test_synthetic_full_prior_reaggregation (tests_lm.test_v05_c148_train_consistent_composition.V05C148TrainConsistentCompositionTests.test_synthetic_full_prior_reaggregation) ... ok
test_units_sort_without_dropping_hyphens_or_repetitions (tests_lm.test_v05_c148_train_consistent_composition.V05C148TrainConsistentCompositionTests.test_units_sort_without_dropping_hyphens_or_repetitions) ... ok
test_unregistered_mode_and_zero_sum_are_rejected (tests_lm.test_v05_c148_train_consistent_composition.V05C148TrainConsistentCompositionTests.test_unregistered_mode_and_zero_sum_are_rejected) ... ok
test_accounting_does_not_mutate_or_backpropagate (tests_lm.test_v05_c149_margin_accounting.V05C149MarginAccountingTests.test_accounting_does_not_mutate_or_backpropagate) ... ok
test_checkpoint_metadata_and_byte_tamper_rejected (tests_lm.test_v05_c149_margin_accounting.V05C149MarginAccountingTests.test_checkpoint_metadata_and_byte_tamper_rejected) ... ok
test_common_factor_permutation_preserves_partition (tests_lm.test_v05_c149_margin_accounting.V05C149MarginAccountingTests.test_common_factor_permutation_preserves_partition) ... ok
test_console_only_prerequisite_cannot_be_replayed (tests_lm.test_v05_c149_margin_accounting.V05C149MarginAccountingTests.test_console_only_prerequisite_cannot_be_replayed) ... ok
test_diagonal_only_orthogonal_example (tests_lm.test_v05_c149_margin_accounting.V05C149MarginAccountingTests.test_diagonal_only_orthogonal_example) ... ok
test_dot_matrices_and_norms_are_saved (tests_lm.test_v05_c149_margin_accounting.V05C149MarginAccountingTests.test_dot_matrices_and_norms_are_saved) ... ok
test_equal_candidate_norms_have_zero_norm_term (tests_lm.test_v05_c149_margin_accounting.V05C149MarginAccountingTests.test_equal_candidate_norms_have_zero_norm_term) ... ok
test_expected_rival_swap_negates_all_contributions (tests_lm.test_v05_c149_margin_accounting.V05C149MarginAccountingTests.test_expected_rival_swap_negates_all_contributions) ... ok
test_float32_unit_inputs_accumulate_in_float64 (tests_lm.test_v05_c149_margin_accounting.V05C149MarginAccountingTests.test_float32_unit_inputs_accumulate_in_float64) ... ok
test_nonfinite_and_shape_mismatch_rejected (tests_lm.test_v05_c149_margin_accounting.V05C149MarginAccountingTests.test_nonfinite_and_shape_mismatch_rejected) ... ok
test_norm_term_matches_registered_symmetric_formula (tests_lm.test_v05_c149_margin_accounting.V05C149MarginAccountingTests.test_norm_term_matches_registered_symmetric_formula) ... ok
test_query_only_permutation_changes_partition_not_total (tests_lm.test_v05_c149_margin_accounting.V05C149MarginAccountingTests.test_query_only_permutation_changes_partition_not_total) ... ok
test_reconstruction_matches_direct_normalized_sum_cosine (tests_lm.test_v05_c149_margin_accounting.V05C149MarginAccountingTests.test_reconstruction_matches_direct_normalized_sum_cosine) ... ok
test_reuses_all_source_seeds_and_both_arms (tests_lm.test_v05_c149_margin_accounting.V05C149MarginAccountingTests.test_reuses_all_source_seeds_and_both_arms) ... ok
test_safe_checkpoint_reconstruction_and_frozen_weights (tests_lm.test_v05_c149_margin_accounting.V05C149MarginAccountingTests.test_safe_checkpoint_reconstruction_and_frozen_weights) ... ok
test_summary_counts_overlapping_adverse_terms (tests_lm.test_v05_c149_margin_accounting.V05C149MarginAccountingTests.test_summary_counts_overlapping_adverse_terms) ... ok
test_summary_null_error_means_for_perfect_source (tests_lm.test_v05_c149_margin_accounting.V05C149MarginAccountingTests.test_summary_null_error_means_for_perfect_source) ... ok
test_wrong_prerequisite_rejected_before_auditor (tests_lm.test_v05_c149_margin_accounting.V05C149MarginAccountingTests.test_wrong_prerequisite_rejected_before_auditor) ... ok
test_zero_sum_and_nonunit_inputs_are_rejected (tests_lm.test_v05_c149_margin_accounting.V05C149MarginAccountingTests.test_zero_sum_and_nonunit_inputs_are_rejected) ... ok
test_ambiguous_alias_across_axes_is_rejected (tests_lm.test_v05_c150_global_negatives.V05C150GlobalNegativesTests.test_ambiguous_alias_across_axes_is_rejected) ... ok
test_audit_rejects_case_mismatch_and_accounting_drift (tests_lm.test_v05_c150_global_negatives.V05C150GlobalNegativesTests.test_audit_rejects_case_mismatch_and_accounting_drift) ... ok
test_audit_rejects_console_only_and_wrong_identity (tests_lm.test_v05_c150_global_negatives.V05C150GlobalNegativesTests.test_audit_rejects_console_only_and_wrong_identity) ... ok
test_candidate_build_does_not_mutate_training_specs (tests_lm.test_v05_c150_global_negatives.V05C150GlobalNegativesTests.test_candidate_build_does_not_mutate_training_specs) ... ok
test_candidate_order_is_deterministic (tests_lm.test_v05_c150_global_negatives.V05C150GlobalNegativesTests.test_candidate_order_is_deterministic) ... ok
test_checkpoint_contains_scope_metadata_and_safe_weights (tests_lm.test_v05_c150_global_negatives.V05C150GlobalNegativesTests.test_checkpoint_contains_scope_metadata_and_safe_weights) ... ok
test_control_optimizer_matches_explicit_reference_arithmetic (tests_lm.test_v05_c150_global_negatives.V05C150GlobalNegativesTests.test_control_optimizer_matches_explicit_reference_arithmetic) ... ok
test_duplicate_canonical_names_are_rejected (tests_lm.test_v05_c150_global_negatives.V05C150GlobalNegativesTests.test_duplicate_canonical_names_are_rejected) ... ok
test_fresh_seeds_and_no_validation_interface (tests_lm.test_v05_c150_global_negatives.V05C150GlobalNegativesTests.test_fresh_seeds_and_no_validation_interface) ... ok
test_full_synthetic_audit_reaggregation (tests_lm.test_v05_c150_global_negatives.V05C150GlobalNegativesTests.test_full_synthetic_audit_reaggregation) ... ok
test_global_candidates_include_all_other_axes (tests_lm.test_v05_c150_global_negatives.V05C150GlobalNegativesTests.test_global_candidates_include_all_other_axes) ... ok
test_global_pool_preserves_positive_pairs (tests_lm.test_v05_c150_global_negatives.V05C150GlobalNegativesTests.test_global_pool_preserves_positive_pairs) ... ok
test_invalid_labels_and_empty_pairs_are_rejected (tests_lm.test_v05_c150_global_negatives.V05C150GlobalNegativesTests.test_invalid_labels_and_empty_pairs_are_rejected) ... ok
test_main_loss_is_identical_and_only_auxiliary_candidates_change (tests_lm.test_v05_c150_global_negatives.V05C150GlobalNegativesTests.test_main_loss_is_identical_and_only_auxiliary_candidates_change) ... ok
test_paired_weights_equal_before_training_but_not_after (tests_lm.test_v05_c150_global_negatives.V05C150GlobalNegativesTests.test_paired_weights_equal_before_training_but_not_after) ... ok
test_scope_and_factor_set_are_validated (tests_lm.test_v05_c150_global_negatives.V05C150GlobalNegativesTests.test_scope_and_factor_set_are_validated) ... ok
test_strict_perfect_gate (tests_lm.test_v05_c150_global_negatives.V05C150GlobalNegativesTests.test_strict_perfect_gate) ... ok
test_sum_of_three_means_has_no_factor_of_three_weight_drop (tests_lm.test_v05_c150_global_negatives.V05C150GlobalNegativesTests.test_sum_of_three_means_has_no_factor_of_three_weight_drop) ... ok
test_training_bad_steps_and_nonfinite_objective_rejected (tests_lm.test_v05_c150_global_negatives.V05C150GlobalNegativesTests.test_training_bad_steps_and_nonfinite_objective_rejected) ... ok
test_within_factor_spec_is_unchanged (tests_lm.test_v05_c150_global_negatives.V05C150GlobalNegativesTests.test_within_factor_spec_is_unchanged) ... ok
test_alias_slot_order_is_preserved_not_sorted (tests_lm.test_v05_c151_cross_split.V05C151CrossSplitTests.test_alias_slot_order_is_preserved_not_sorted) ... ok
test_all_training_queries_decode_to_their_declared_descriptor (tests_lm.test_v05_c151_cross_split.V05C151CrossSplitTests.test_all_training_queries_decode_to_their_declared_descriptor) ... ok
test_checkpoint_metadata_and_safe_reconstruction (tests_lm.test_v05_c151_cross_split.V05C151CrossSplitTests.test_checkpoint_metadata_and_safe_reconstruction) ... ok
test_conflicting_alias_schedule_rejected (tests_lm.test_v05_c151_cross_split.V05C151CrossSplitTests.test_conflicting_alias_schedule_rejected) ... ok
test_cross_axis_alias_overlap_rejected (tests_lm.test_v05_c151_cross_split.V05C151CrossSplitTests.test_cross_axis_alias_overlap_rejected) ... ok
test_duplicate_source_record_rejected (tests_lm.test_v05_c151_cross_split.V05C151CrossSplitTests.test_duplicate_source_record_rejected) ... ok
test_empty_and_malformed_source_rejected (tests_lm.test_v05_c151_cross_split.V05C151CrossSplitTests.test_empty_and_malformed_source_rejected) ... ok
test_empty_partition_rejected (tests_lm.test_v05_c151_cross_split.V05C151CrossSplitTests.test_empty_partition_rejected) ... ok
test_every_split_contains_all_36_aliases (tests_lm.test_v05_c151_cross_split.V05C151CrossSplitTests.test_every_split_contains_all_36_aliases) ... ok
test_four_splits_have_balanced_marginals (tests_lm.test_v05_c151_cross_split.V05C151CrossSplitTests.test_four_splits_have_balanced_marginals) ... ok
test_new_training_strings_do_not_overlap_old_training_strings (tests_lm.test_v05_c151_cross_split.V05C151CrossSplitTests.test_new_training_strings_do_not_overlap_old_training_strings) ... ok
test_partition_uses_current_split_not_legacy_bucket (tests_lm.test_v05_c151_cross_split.V05C151CrossSplitTests.test_partition_uses_current_split_not_legacy_bucket) ... ok
test_plan_is_deterministic (tests_lm.test_v05_c151_cross_split.V05C151CrossSplitTests.test_plan_is_deterministic) ... ok
test_plan_matches_preregistered_sha (tests_lm.test_v05_c151_cross_split.V05C151CrossSplitTests.test_plan_matches_preregistered_sha) ... ok
test_seeds_are_partitioned_once_and_fresh (tests_lm.test_v05_c151_cross_split.V05C151CrossSplitTests.test_seeds_are_partitioned_once_and_fresh) ... ok
test_serialization_canonical_and_nan_rejected (tests_lm.test_v05_c151_cross_split.V05C151CrossSplitTests.test_serialization_canonical_and_nan_rejected) ... ok
test_source_is_not_mutated (tests_lm.test_v05_c151_cross_split.V05C151CrossSplitTests.test_source_is_not_mutated) ... ok
test_splits_are_mutually_disjoint_and_exclude_original_training (tests_lm.test_v05_c151_cross_split.V05C151CrossSplitTests.test_splits_are_mutually_disjoint_and_exclude_original_training) ... ok
test_strict_gate_rejects_errors_ties_and_nonfinite (tests_lm.test_v05_c151_cross_split.V05C151CrossSplitTests.test_strict_gate_rejects_errors_ties_and_nonfinite) ... ok
test_training_rows_contain_no_evaluation_fields (tests_lm.test_v05_c151_cross_split.V05C151CrossSplitTests.test_training_rows_contain_no_evaluation_fields) ... ok
test_valid_identity_with_missing_config_rejected (tests_lm.test_v05_c151_cross_split.V05C151CrossSplitTests.test_valid_identity_with_missing_config_rejected) ... ok
test_validation_and_heldout_fields_do_not_change_plan (tests_lm.test_v05_c151_cross_split.V05C151CrossSplitTests.test_validation_and_heldout_fields_do_not_change_plan) ... ok
test_wrong_prior_rejected_before_auditor (tests_lm.test_v05_c151_cross_split.V05C151CrossSplitTests.test_wrong_prior_rejected_before_auditor) ... ok
test_catalog_excludes_evidence_values_and_queries (tests_lm.test_v05_c152_persisted_bridge.V05C152PersistedBridgeTests.test_catalog_excludes_evidence_values_and_queries) ... ok
test_catalog_positions_move_but_identity_signatures_and_payloads_do_not (tests_lm.test_v05_c152_persisted_bridge.V05C152PersistedBridgeTests.test_catalog_positions_move_but_identity_signatures_and_payloads_do_not) ... ok
test_catalog_record_handle_mismatch_is_rejected (tests_lm.test_v05_c152_persisted_bridge.V05C152PersistedBridgeTests.test_catalog_record_handle_mismatch_is_rejected) ... ok
test_checkpoint_filename_or_parent_traversal_cannot_redirect (tests_lm.test_v05_c152_persisted_bridge.V05C152PersistedBridgeTests.test_checkpoint_filename_or_parent_traversal_cannot_redirect) ... ok
test_checkpoint_reconstructed_frozen_without_parameter_change (tests_lm.test_v05_c152_persisted_bridge.V05C152PersistedBridgeTests.test_checkpoint_reconstructed_frozen_without_parameter_change) ... ok
test_checkpoint_tampering_is_rejected (tests_lm.test_v05_c152_persisted_bridge.V05C152PersistedBridgeTests.test_checkpoint_tampering_is_rejected) ... ok
test_checkpoint_wrong_metadata_or_vocabulary_rejected (tests_lm.test_v05_c152_persisted_bridge.V05C152PersistedBridgeTests.test_checkpoint_wrong_metadata_or_vocabulary_rejected) ... ok
test_existing_snapshot_directory_is_not_overwritten (tests_lm.test_v05_c152_persisted_bridge.V05C152PersistedBridgeTests.test_existing_snapshot_directory_is_not_overwritten) ... ok
test_fetch_interface_has_no_ground_truth_parameter (tests_lm.test_v05_c152_persisted_bridge.V05C152PersistedBridgeTests.test_fetch_interface_has_no_ground_truth_parameter) ... ok
test_full64_actual_adapter_respects_each_handle_in_both_orderings (tests_lm.test_v05_c152_persisted_bridge.V05C152PersistedBridgeTests.test_full64_actual_adapter_respects_each_handle_in_both_orderings) ... ok
test_malformed_duplicate_or_empty_descriptors_rejected (tests_lm.test_v05_c152_persisted_bridge.V05C152PersistedBridgeTests.test_malformed_duplicate_or_empty_descriptors_rejected) ... ok
test_metrics_separate_provenance_from_semantic_correctness (tests_lm.test_v05_c152_persisted_bridge.V05C152PersistedBridgeTests.test_metrics_separate_provenance_from_semantic_correctness) ... ok
test_missing_requested_record_is_not_replaced_by_a_different_record (tests_lm.test_v05_c152_persisted_bridge.V05C152PersistedBridgeTests.test_missing_requested_record_is_not_replaced_by_a_different_record) ... ok
test_naive_position_as_address_negative_control_is_detected (tests_lm.test_v05_c152_persisted_bridge.V05C152PersistedBridgeTests.test_naive_position_as_address_negative_control_is_detected) ... ok
test_prior_header_rejects_wrong_experiment (tests_lm.test_v05_c152_persisted_bridge.V05C152PersistedBridgeTests.test_prior_header_rejects_wrong_experiment) ... ok
test_replay_checks_predictions_rival_and_margins (tests_lm.test_v05_c152_persisted_bridge.V05C152PersistedBridgeTests.test_replay_checks_predictions_rival_and_margins) ... ok
test_same_boolean_payload_with_wrong_key_is_not_accepted (tests_lm.test_v05_c152_persisted_bridge.V05C152PersistedBridgeTests.test_same_boolean_payload_with_wrong_key_is_not_accepted) ... ok
test_scope_reuses_both_arms_and_all_source_seeds (tests_lm.test_v05_c152_persisted_bridge.V05C152PersistedBridgeTests.test_scope_reuses_both_arms_and_all_source_seeds) ... ok
test_snapshot_generation_is_deterministic_and_does_not_mutate (tests_lm.test_v05_c152_persisted_bridge.V05C152PersistedBridgeTests.test_snapshot_generation_is_deterministic_and_does_not_mutate) ... ok
test_strict_gate_keeps_baseline_errors_but_requires_global_correctness (tests_lm.test_v05_c152_persisted_bridge.V05C152PersistedBridgeTests.test_strict_gate_keeps_baseline_errors_but_requires_global_correctness) ... ok
test_tampered_catalog_source_hash_is_rejected (tests_lm.test_v05_c152_persisted_bridge.V05C152PersistedBridgeTests.test_tampered_catalog_source_hash_is_rejected) ... ok
test_wrong_provenance_fields_rejected (tests_lm.test_v05_c152_persisted_bridge.V05C152PersistedBridgeTests.test_wrong_provenance_fields_rejected) ... ok
test_wrong_schema_produces_no_evidence (tests_lm.test_v05_c152_persisted_bridge.V05C152PersistedBridgeTests.test_wrong_schema_produces_no_evidence) ... ok
test_zero_payload_is_real_evidence_not_a_miss (tests_lm.test_v05_c152_persisted_bridge.V05C152PersistedBridgeTests.test_zero_payload_is_real_evidence_not_a_miss) ... ok
test_actual_adapter_to_inbox_over_64_records_and_two_storage_orders (tests_lm.test_v05_c153_evidence_admission.V05C153EvidenceAdmissionTests.test_actual_adapter_to_inbox_over_64_records_and_two_storage_orders) ... ok
test_duplicate_preserves_exact_state_object (tests_lm.test_v05_c153_evidence_admission.V05C153EvidenceAdmissionTests.test_duplicate_preserves_exact_state_object) ... ok
test_entry_and_state_are_immutable (tests_lm.test_v05_c153_evidence_admission.V05C153EvidenceAdmissionTests.test_entry_and_state_are_immutable) ... ok
test_gate_requires_all_rejections_commits_and_preserved_semantic_errors (tests_lm.test_v05_c153_evidence_admission.V05C153EvidenceAdmissionTests.test_gate_requires_all_rejections_commits_and_preserved_semantic_errors) ... ok
test_header_accepts_registered_identity (tests_lm.test_v05_c153_evidence_admission.V05C153EvidenceAdmissionTests.test_header_accepts_registered_identity) ... ok
test_header_rejects_wrong_id_console_only_duplicate_or_wrong_order (tests_lm.test_v05_c153_evidence_admission.V05C153EvidenceAdmissionTests.test_header_rejects_wrong_id_console_only_duplicate_or_wrong_order) ... ok
test_invalid_payload_type_or_value_is_rejected (tests_lm.test_v05_c153_evidence_admission.V05C153EvidenceAdmissionTests.test_invalid_payload_type_or_value_is_rejected) ... ok
test_missing_delivery_is_not_a_zero_payload (tests_lm.test_v05_c153_evidence_admission.V05C153EvidenceAdmissionTests.test_missing_delivery_is_not_a_zero_payload) ... ok
test_no_semantic_truth_interface (tests_lm.test_v05_c153_evidence_admission.V05C153EvidenceAdmissionTests.test_no_semantic_truth_interface) ... ok
test_one_and_full_provenance_are_committed (tests_lm.test_v05_c153_evidence_admission.V05C153EvidenceAdmissionTests.test_one_and_full_provenance_are_committed) ... ok
test_rejection_does_not_consume_request_and_valid_retry_works (tests_lm.test_v05_c153_evidence_admission.V05C153EvidenceAdmissionTests.test_rejection_does_not_consume_request_and_valid_retry_works) ... ok
test_same_record_is_allowed_in_distinct_requests (tests_lm.test_v05_c153_evidence_admission.V05C153EvidenceAdmissionTests.test_same_record_is_allowed_in_distinct_requests) ... ok
test_scan_accounting_must_match_declared_exact_reference (tests_lm.test_v05_c153_evidence_admission.V05C153EvidenceAdmissionTests.test_scan_accounting_must_match_declared_exact_reference) ... ok
test_seven_step_protocol_preserves_initial_state (tests_lm.test_v05_c153_evidence_admission.V05C153EvidenceAdmissionTests.test_seven_step_protocol_preserves_initial_state) ... ok
test_snapshot_serializes_actual_entries_and_claims (tests_lm.test_v05_c153_evidence_admission.V05C153EvidenceAdmissionTests.test_snapshot_serializes_actual_entries_and_claims) ... ok
test_stale_epoch_or_provider_generation_does_not_write (tests_lm.test_v05_c153_evidence_admission.V05C153EvidenceAdmissionTests.test_stale_epoch_or_provider_generation_does_not_write) ... ok
test_stats_provenance_is_also_checked (tests_lm.test_v05_c153_evidence_admission.V05C153EvidenceAdmissionTests.test_stats_provenance_is_also_checked) ... ok
test_trace_requires_full_manifest_before_reaggregation (tests_lm.test_v05_c153_evidence_admission.V05C153EvidenceAdmissionTests.test_trace_requires_full_manifest_before_reaggregation) ... ok
test_unexpected_real_miss_fails_protocol_not_false_success (tests_lm.test_v05_c153_evidence_admission.V05C153EvidenceAdmissionTests.test_unexpected_real_miss_fails_protocol_not_false_success) ... ok
test_wrong_domain_schema_or_operation_is_rejected (tests_lm.test_v05_c153_evidence_admission.V05C153EvidenceAdmissionTests.test_wrong_domain_schema_or_operation_is_rejected) ... ok
test_wrong_key_with_same_bit_is_rejected (tests_lm.test_v05_c153_evidence_admission.V05C153EvidenceAdmissionTests.test_wrong_key_with_same_bit_is_rejected) ... ok
test_wrong_scope_and_request_do_not_write (tests_lm.test_v05_c153_evidence_admission.V05C153EvidenceAdmissionTests.test_wrong_scope_and_request_do_not_write) ... ok
test_wrong_source_hash_fingerprint_or_path_is_rejected (tests_lm.test_v05_c153_evidence_admission.V05C153EvidenceAdmissionTests.test_wrong_source_hash_fingerprint_or_path_is_rejected) ... ok
test_zero_is_committed_as_evidence (tests_lm.test_v05_c153_evidence_admission.V05C153EvidenceAdmissionTests.test_zero_is_committed_as_evidence) ... ok
test_budget_is_hard_and_evidence_time_must_match (tests_lm.test_v05_state.V05StateTests.test_budget_is_hard_and_evidence_time_must_match) ... ok
test_evidence_state_accepts_observation_and_rejects_hypothesis (tests_lm.test_v05_state.V05StateTests.test_evidence_state_accepts_observation_and_rejects_hypothesis) ... ok
test_evidence_state_rejects_duplicate_and_future_provenance (tests_lm.test_v05_state.V05StateTests.test_evidence_state_rejects_duplicate_and_future_provenance) ... ok
test_internal_step_preserves_evidence_time_revision_and_provenance (tests_lm.test_v05_state.V05StateTests.test_internal_step_preserves_evidence_time_revision_and_provenance) ... ok
test_working_slots_are_float64_copied_and_read_only (tests_lm.test_v05_state.V05StateTests.test_working_slots_are_float64_copied_and_read_only) ... ok
test_distinct_records_coexist (tests_lm.test_v05_c154_evidence_state_projection.V05C154EvidenceStateProjectionTests.test_distinct_records_coexist) ... ok
test_entry_uses_record_key_and_observed_provenance (tests_lm.test_v05_c154_evidence_state_projection.V05C154EvidenceStateProjectionTests.test_entry_uses_record_key_and_observed_provenance) ... ok
test_exact_duplicate_is_idempotent (tests_lm.test_v05_c154_evidence_state_projection.V05C154EvidenceStateProjectionTests.test_exact_duplicate_is_idempotent) ... ok
test_future_provenance_uses_actual_evidence_state_guard (tests_lm.test_v05_c154_evidence_state_projection.V05C154EvidenceStateProjectionTests.test_future_provenance_uses_actual_evidence_state_guard) ... ok
test_gate_requires_all_registered_totals (tests_lm.test_v05_c154_evidence_state_projection.V05C154EvidenceStateProjectionTests.test_gate_requires_all_registered_totals) ... ok
test_header_requires_full_accepted_c153 (tests_lm.test_v05_c154_evidence_state_projection.V05C154EvidenceStateProjectionTests.test_header_requires_full_accepted_c153) ... ok
test_invalid_payload_is_rejected (tests_lm.test_v05_c154_evidence_state_projection.V05C154EvidenceStateProjectionTests.test_invalid_payload_is_rejected) ... ok
test_new_observation_is_added (tests_lm.test_v05_c154_evidence_state_projection.V05C154EvidenceStateProjectionTests.test_new_observation_is_added) ... ok
test_projection_preserves_state_clock (tests_lm.test_v05_c154_evidence_state_projection.V05C154EvidenceStateProjectionTests.test_projection_preserves_state_clock) ... ok
test_same_id_conflicting_provenance_is_rejected (tests_lm.test_v05_c154_evidence_state_projection.V05C154EvidenceStateProjectionTests.test_same_id_conflicting_provenance_is_rejected) ... ok
test_source_binding_is_deterministic (tests_lm.test_v05_c154_evidence_state_projection.V05C154EvidenceStateProjectionTests.test_source_binding_is_deterministic) ... ok
test_source_id_requires_complete_binding (tests_lm.test_v05_c154_evidence_state_projection.V05C154EvidenceStateProjectionTests.test_source_id_requires_complete_binding) ... ok
test_actual_exact_search_miss_returns_none_without_fallback (tests_lm.test_v05_c155_payload_dereference.V05C155PayloadDereferenceTests.test_actual_exact_search_miss_returns_none_without_fallback) ... ok
test_bad_measured_outcome_is_false_not_invalid_exception (tests_lm.test_v05_c155_payload_dereference.V05C155PayloadDereferenceTests.test_bad_measured_outcome_is_false_not_invalid_exception) ... ok
test_bool_nan_and_out_of_range_payloads_are_not_valid_bits (tests_lm.test_v05_c155_payload_dereference.V05C155PayloadDereferenceTests.test_bool_nan_and_out_of_range_payloads_are_not_valid_bits) ... ok
test_clock_mismatch_rejects_without_retrieval (tests_lm.test_v05_c155_payload_dereference.V05C155PayloadDereferenceTests.test_clock_mismatch_rejects_without_retrieval) ... ok
test_corrupt_handle_key_does_not_retarget_reference (tests_lm.test_v05_c155_payload_dereference.V05C155PayloadDereferenceTests.test_corrupt_handle_key_does_not_retarget_reference) ... ok
test_cost_mismatch_is_explicit_not_silent_fallback (tests_lm.test_v05_c155_payload_dereference.V05C155PayloadDereferenceTests.test_cost_mismatch_is_explicit_not_silent_fallback) ... ok
test_duplicate_reads_preserve_state_clock_and_file_bytes (tests_lm.test_v05_c155_payload_dereference.V05C155PayloadDereferenceTests.test_duplicate_reads_preserve_state_clock_and_file_bytes) ... ok
test_gate_requires_counts_behavior_and_value_zero_coverage (tests_lm.test_v05_c155_payload_dereference.V05C155PayloadDereferenceTests.test_gate_requires_counts_behavior_and_value_zero_coverage) ... ok
test_missing_binding_returns_no_payload_and_no_retrieval (tests_lm.test_v05_c155_payload_dereference.V05C155PayloadDereferenceTests.test_missing_binding_returns_no_payload_and_no_retrieval) ... ok
test_missing_source_metadata_is_invalid_input (tests_lm.test_v05_c155_payload_dereference.V05C155PayloadDereferenceTests.test_missing_source_metadata_is_invalid_input) ... ok
test_non_observed_reference_is_not_resolved (tests_lm.test_v05_c155_payload_dereference.V05C155PayloadDereferenceTests.test_non_observed_reference_is_not_resolved) ... ok
test_real_adapter_resolves_all64_and_zero_is_not_missing (tests_lm.test_v05_c155_payload_dereference.V05C155PayloadDereferenceTests.test_real_adapter_resolves_all64_and_zero_is_not_missing) ... ok
test_registry_handles_are_readonly_and_have_no_expected_values (tests_lm.test_v05_c155_payload_dereference.V05C155PayloadDereferenceTests.test_registry_handles_are_readonly_and_have_no_expected_values) ... ok
test_reversed_storage_resolves_same_values_under_different_source (tests_lm.test_v05_c155_payload_dereference.V05C155PayloadDereferenceTests.test_reversed_storage_resolves_same_values_under_different_source) ... ok
test_safe_artifact_paths_reject_parent_windows_and_absolute_paths (tests_lm.test_v05_c155_payload_dereference.V05C155PayloadDereferenceTests.test_safe_artifact_paths_reject_parent_windows_and_absolute_paths) ... ok
test_source_byte_mutation_is_rejected (tests_lm.test_v05_c155_payload_dereference.V05C155PayloadDereferenceTests.test_source_byte_mutation_is_rejected) ... ok
test_source_hash_and_index_fingerprint_are_pinned (tests_lm.test_v05_c155_payload_dereference.V05C155PayloadDereferenceTests.test_source_hash_and_index_fingerprint_are_pinned) ... ok
test_source_id_matches_exact_c154_formula (tests_lm.test_v05_c155_payload_dereference.V05C155PayloadDereferenceTests.test_source_id_matches_exact_c154_formula) ... ok
test_state_json_roundtrip_uses_real_v5_contract (tests_lm.test_v05_c155_payload_dereference.V05C155PayloadDereferenceTests.test_state_json_roundtrip_uses_real_v5_contract) ... ok
test_stream_index_requires_all_unique_source_identities (tests_lm.test_v05_c155_payload_dereference.V05C155PayloadDereferenceTests.test_stream_index_requires_all_unique_source_identities) ... ok
test_unbound_record_is_not_real_world_absence_or_zero (tests_lm.test_v05_c155_payload_dereference.V05C155PayloadDereferenceTests.test_unbound_record_is_not_real_world_absence_or_zero) ... ok
test_wrong_domain_schema_operations_are_rejected (tests_lm.test_v05_c155_payload_dereference.V05C155PayloadDereferenceTests.test_wrong_domain_schema_operations_are_rejected) ... ok
test_wrong_evidence_or_stats_provenance_is_rejected (tests_lm.test_v05_c155_payload_dereference.V05C155PayloadDereferenceTests.test_wrong_evidence_or_stats_provenance_is_rejected) ... ok
test_wrong_key_with_same_zero_is_rejected (tests_lm.test_v05_c155_payload_dereference.V05C155PayloadDereferenceTests.test_wrong_key_with_same_zero_is_rejected) ... ok
test_wrong_snapshot_is_rejected_before_payload_read (tests_lm.test_v05_c155_payload_dereference.V05C155PayloadDereferenceTests.test_wrong_snapshot_is_rejected_before_payload_read) ... ok
test_behavioral_mismatch_is_false_not_invalid_exception (tests_lm.test_v05_c156_request_reobservation.V05C156RequestReobservationTests.test_behavioral_mismatch_is_false_not_invalid_exception) ... ok
test_control_inputs_preserve_data_channels_and_do_not_mutate_views (tests_lm.test_v05_c156_request_reobservation.V05C156RequestReobservationTests.test_control_inputs_preserve_data_channels_and_do_not_mutate_views) ... ok
test_exhausted_budget_rejects_before_dereference (tests_lm.test_v05_c156_request_reobservation.V05C156RequestReobservationTests.test_exhausted_budget_rejects_before_dereference) ... ok
test_gate_requires_all_cases_costs_state_and_both_bit_values (tests_lm.test_v05_c156_request_reobservation.V05C156RequestReobservationTests.test_gate_requires_all_cases_costs_state_and_both_bit_values) ... ok
test_invalid_bit_types_and_nonfinite_values_are_not_exposed (tests_lm.test_v05_c156_request_reobservation.V05C156RequestReobservationTests.test_invalid_bit_types_and_nonfinite_values_are_not_exposed) ... ok
test_invalid_shape_and_clock_reject_before_dereference (tests_lm.test_v05_c156_request_reobservation.V05C156RequestReobservationTests.test_invalid_shape_and_clock_reject_before_dereference) ... ok
test_missing_ref_does_not_read_other_available_ref (tests_lm.test_v05_c156_request_reobservation.V05C156RequestReobservationTests.test_missing_ref_does_not_read_other_available_ref) ... ok
test_no_ground_truth_parameter_in_read_or_control_interface (tests_lm.test_v05_c156_request_reobservation.V05C156RequestReobservationTests.test_no_ground_truth_parameter_in_read_or_control_interface) ... ok
test_one_internal_step_is_consumed_not_acquisition_budget (tests_lm.test_v05_c156_request_reobservation.V05C156RequestReobservationTests.test_one_internal_step_is_consumed_not_acquisition_budget) ... ok
test_other_working_channels_and_old_object_unchanged (tests_lm.test_v05_c156_request_reobservation.V05C156RequestReobservationTests.test_other_working_channels_and_old_object_unchanged) ... ok
test_prerequisite_rejects_console_extract_and_wrong_gate (tests_lm.test_v05_c156_request_reobservation.V05C156RequestReobservationTests.test_prerequisite_rejects_console_extract_and_wrong_gate) ... ok
test_request_binding_is_frozen_and_rejects_invalid_scope (tests_lm.test_v05_c156_request_reobservation.V05C156RequestReobservationTests.test_request_binding_is_frozen_and_rejects_invalid_scope) ... ok
test_request_scope_and_selected_ref_not_replaced_by_other_key (tests_lm.test_v05_c156_request_reobservation.V05C156RequestReobservationTests.test_request_scope_and_selected_ref_not_replaced_by_other_key) ... ok
test_resolution_failure_clears_old_payload_and_presence (tests_lm.test_v05_c156_request_reobservation.V05C156RequestReobservationTests.test_resolution_failure_clears_old_payload_and_presence) ... ok
test_same_key_wrong_provenance_does_not_read (tests_lm.test_v05_c156_request_reobservation.V05C156RequestReobservationTests.test_same_key_wrong_provenance_does_not_read) ... ok
test_signed_control_inputs_distinguish_zero_from_unresolved (tests_lm.test_v05_c156_request_reobservation.V05C156RequestReobservationTests.test_signed_control_inputs_distinguish_zero_from_unresolved) ... ok
test_source_digest_is_deterministic_and_requires_complete_fields (tests_lm.test_v05_c156_request_reobservation.V05C156RequestReobservationTests.test_source_digest_is_deterministic_and_requires_complete_fields) ... ok
test_state_clock_and_object_identity_preserved (tests_lm.test_v05_c156_request_reobservation.V05C156RequestReobservationTests.test_state_clock_and_object_identity_preserved) ... ok
test_success_without_evidence_or_inconsistent_payload_rejected (tests_lm.test_v05_c156_request_reobservation.V05C156RequestReobservationTests.test_success_without_evidence_or_inconsistent_payload_rejected) ... ok
test_valid_one_is_present_and_overwrites_stale_zero (tests_lm.test_v05_c156_request_reobservation.V05C156RequestReobservationTests.test_valid_one_is_present_and_overwrites_stale_zero) ... ok
test_valid_zero_is_present_and_overwrites_stale_one (tests_lm.test_v05_c156_request_reobservation.V05C156RequestReobservationTests.test_valid_zero_is_present_and_overwrites_stale_one) ... ok
test_wrong_domain_schema_or_operations_are_rejected (tests_lm.test_v05_c156_request_reobservation.V05C156RequestReobservationTests.test_wrong_domain_schema_or_operations_are_rejected) ... ok
test_wrong_resolved_key_with_same_bit_is_rejected (tests_lm.test_v05_c156_request_reobservation.V05C156RequestReobservationTests.test_wrong_resolved_key_with_same_bit_is_rejected) ... ok
test_wrong_resolved_source_is_rejected (tests_lm.test_v05_c156_request_reobservation.V05C156RequestReobservationTests.test_wrong_resolved_source_is_rejected) ... ok
test_actual_production_router_batches_match_single_forward (tests_lm.test_v05_c157_controller_bridge.V05C157ControllerBridgeTests.test_actual_production_router_batches_match_single_forward) ... ok
test_all_source_views_are_scored_not_unique_pattern_cached (tests_lm.test_v05_c157_controller_bridge.V05C157ControllerBridgeTests.test_all_source_views_are_scored_not_unique_pattern_cached) ... ok
test_assessment_labels_cannot_modify_logits (tests_lm.test_v05_c157_controller_bridge.V05C157ControllerBridgeTests.test_assessment_labels_cannot_modify_logits) ... ok
test_assessment_tie_has_nonpositive_margin_even_with_correct_argmax (tests_lm.test_v05_c157_controller_bridge.V05C157ControllerBridgeTests.test_assessment_tie_has_nonpositive_margin_even_with_correct_argmax) ... ok
test_assessment_uses_presence_not_payload_truthiness (tests_lm.test_v05_c157_controller_bridge.V05C157ControllerBridgeTests.test_assessment_uses_presence_not_payload_truthiness) ... ok
test_checkpoint_is_weights_only_reconstructible (tests_lm.test_v05_c157_controller_bridge.V05C157ControllerBridgeTests.test_checkpoint_is_weights_only_reconstructible) ... ok
test_context_is_explicit_and_independent_of_evidence_value (tests_lm.test_v05_c157_controller_bridge.V05C157ControllerBridgeTests.test_context_is_explicit_and_independent_of_evidence_value) ... ok
test_fingerprint_detects_changed_controller_weights (tests_lm.test_v05_c157_controller_bridge.V05C157ControllerBridgeTests.test_fingerprint_detects_changed_controller_weights) ... ok
test_fresh_router_seeds_are_not_source_or_previous_router_seeds (tests_lm.test_v05_c157_controller_bridge.V05C157ControllerBridgeTests.test_fresh_router_seeds_are_not_source_or_previous_router_seeds) ... ok
test_full_trace_decoding_keeps_zero_one_and_none_distinct (tests_lm.test_v05_c157_controller_bridge.V05C157ControllerBridgeTests.test_full_trace_decoding_keeps_zero_one_and_none_distinct) ... ok
test_gate_counts_and_strict_margins_are_not_relaxed (tests_lm.test_v05_c157_controller_bridge.V05C157ControllerBridgeTests.test_gate_counts_and_strict_margins_are_not_relaxed) ... ok
test_header_accepts_exact_full_source_profile (tests_lm.test_v05_c157_controller_bridge.V05C157ControllerBridgeTests.test_header_accepts_exact_full_source_profile) ... ok
test_header_rejects_console_only_wrong_commit_and_duplicate_stream (tests_lm.test_v05_c157_controller_bridge.V05C157ControllerBridgeTests.test_header_rejects_console_only_wrong_commit_and_duplicate_stream) ... ok
test_invalid_input_shape_dtype_mode_and_nan_are_rejected (tests_lm.test_v05_c157_controller_bridge.V05C157ControllerBridgeTests.test_invalid_input_shape_dtype_mode_and_nan_are_rejected) ... ok
test_reference_training_wrapper_freezes_without_validation_selection (tests_lm.test_v05_c157_controller_bridge.V05C157ControllerBridgeTests.test_reference_training_wrapper_freezes_without_validation_selection) ... ok
test_reference_wrapper_rejects_nonfinite_training (tests_lm.test_v05_c157_controller_bridge.V05C157ControllerBridgeTests.test_reference_wrapper_rejects_nonfinite_training) ... ok
test_router_inputs_preserve_source_and_no_oracle_interface (tests_lm.test_v05_c157_controller_bridge.V05C157ControllerBridgeTests.test_router_inputs_preserve_source_and_no_oracle_interface) ... ok
test_safe_file_rejects_directory_escape (tests_lm.test_v05_c157_controller_bridge.V05C157ControllerBridgeTests.test_safe_file_rejects_directory_escape) ... ok
test_scorer_does_not_override_wrong_raw_model_decisions (tests_lm.test_v05_c157_controller_bridge.V05C157ControllerBridgeTests.test_scorer_does_not_override_wrong_raw_model_decisions) ... ok
test_scorer_rejects_nonfinite_or_wrong_shaped_output (tests_lm.test_v05_c157_controller_bridge.V05C157ControllerBridgeTests.test_scorer_rejects_nonfinite_or_wrong_shaped_output) ... ok
test_trace_decoding_does_not_mutate_records (tests_lm.test_v05_c157_controller_bridge.V05C157ControllerBridgeTests.test_trace_decoding_does_not_mutate_records) ... ok
test_trace_loader_requires_exact_hash_and_size (tests_lm.test_v05_c157_controller_bridge.V05C157ControllerBridgeTests.test_trace_loader_requires_exact_hash_and_size) ... ok
test_trace_rejects_bool_as_resolved_payload (tests_lm.test_v05_c157_controller_bridge.V05C157ControllerBridgeTests.test_trace_rejects_bool_as_resolved_payload) ... ok
test_trace_rejects_changed_raw_signed_budget_and_cost (tests_lm.test_v05_c157_controller_bridge.V05C157ControllerBridgeTests.test_trace_rejects_changed_raw_signed_budget_and_cost) ... ok
test_trace_rejects_missing_or_reordered_scenarios (tests_lm.test_v05_c157_controller_bridge.V05C157ControllerBridgeTests.test_trace_rejects_missing_or_reordered_scenarios) ... ok
test_trace_rejects_nonobserved_or_future_reference (tests_lm.test_v05_c157_controller_bridge.V05C157ControllerBridgeTests.test_trace_rejects_nonobserved_or_future_reference) ... ok
test_trace_rejects_stale_payload_in_unresolved_view (tests_lm.test_v05_c157_controller_bridge.V05C157ControllerBridgeTests.test_trace_rejects_stale_payload_in_unresolved_view) ... ok
test_trace_rejects_wrong_scope_and_duplicate_request (tests_lm.test_v05_c157_controller_bridge.V05C157ControllerBridgeTests.test_trace_rejects_wrong_scope_and_duplicate_request) ... ok
test_actual_production_controller_forward_matches_decision (tests_lm.test_v05_c158_live_recovery.V05C158LiveRecoveryTests.test_actual_production_controller_forward_matches_decision) ... ok
test_bad_meter_scan_field_is_rejected (tests_lm.test_v05_c158_live_recovery.V05C158LiveRecoveryTests.test_bad_meter_scan_field_is_rejected) ... ok
test_bound_request_mismatch_is_invalid_before_callbacks (tests_lm.test_v05_c158_live_recovery.V05C158LiveRecoveryTests.test_bound_request_mismatch_is_invalid_before_callbacks) ... ok
test_checkpoint_tamper_and_unsafe_names_rejected (tests_lm.test_v05_c158_live_recovery.V05C158LiveRecoveryTests.test_checkpoint_tamper_and_unsafe_names_rejected) ... ok
test_checkpoint_wrong_config_is_rejected_after_rehash (tests_lm.test_v05_c158_live_recovery.V05C158LiveRecoveryTests.test_checkpoint_wrong_config_is_rejected_after_rehash) ... ok
test_cold_one_acquires_publishes_rereads_then_answers (tests_lm.test_v05_c158_live_recovery.V05C158LiveRecoveryTests.test_cold_one_acquires_publishes_rereads_then_answers) ... ok
test_cold_zero_acquires_publishes_rereads_then_answers (tests_lm.test_v05_c158_live_recovery.V05C158LiveRecoveryTests.test_cold_zero_acquires_publishes_rereads_then_answers) ... ok
test_corrupt_live_read_is_valid_failed_measurement (tests_lm.test_v05_c158_live_recovery.V05C158LiveRecoveryTests.test_corrupt_live_read_is_valid_failed_measurement) ... ok
test_cycle_has_no_expected_value_or_scenario_interface (tests_lm.test_v05_c158_live_recovery.V05C158LiveRecoveryTests.test_cycle_has_no_expected_value_or_scenario_interface) ... ok
test_exhausted_budget_makes_no_fetch (tests_lm.test_v05_c158_live_recovery.V05C158LiveRecoveryTests.test_exhausted_budget_makes_no_fetch) ... ok
test_gate_requires_every_registered_count_and_both_values (tests_lm.test_v05_c158_live_recovery.V05C158LiveRecoveryTests.test_gate_requires_every_registered_count_and_both_values) ... ok
test_header_rejects_counts_seeds_and_margins (tests_lm.test_v05_c158_live_recovery.V05C158LiveRecoveryTests.test_header_rejects_counts_seeds_and_margins) ... ok
test_header_validates_exact_c157_profile (tests_lm.test_v05_c158_live_recovery.V05C158LiveRecoveryTests.test_header_validates_exact_c157_profile) ... ok
test_measured_cost_mismatch_does_not_become_invalid (tests_lm.test_v05_c158_live_recovery.V05C158LiveRecoveryTests.test_measured_cost_mismatch_does_not_become_invalid) ... ok
test_meter_counts_underlying_calls_and_delegates_identity (tests_lm.test_v05_c158_live_recovery.V05C158LiveRecoveryTests.test_meter_counts_underlying_calls_and_delegates_identity) ... ok
test_minimum_internal_budget_checked_before_read (tests_lm.test_v05_c158_live_recovery.V05C158LiveRecoveryTests.test_minimum_internal_budget_checked_before_read) ... ok
test_missing_delivery_discards_real_response_without_false_payload (tests_lm.test_v05_c158_live_recovery.V05C158LiveRecoveryTests.test_missing_delivery_discards_real_response_without_false_payload) ... ok
test_no_formal_seeds_are_trained_by_this_experiment (tests_lm.test_v05_c158_live_recovery.V05C158LiveRecoveryTests.test_no_formal_seeds_are_trained_by_this_experiment) ... ok
test_nonfinite_controller_output_is_execution_error (tests_lm.test_v05_c158_live_recovery.V05C158LiveRecoveryTests.test_nonfinite_controller_output_is_execution_error) ... ok
test_other_action_does_not_trigger_retrieval (tests_lm.test_v05_c158_live_recovery.V05C158LiveRecoveryTests.test_other_action_does_not_trigger_retrieval) ... ok
test_permission_denial_keeps_budget_and_makes_no_fetch (tests_lm.test_v05_c158_live_recovery.V05C158LiveRecoveryTests.test_permission_denial_keeps_budget_and_makes_no_fetch) ... ok
test_permission_does_not_accept_integer_as_boolean (tests_lm.test_v05_c158_live_recovery.V05C158LiveRecoveryTests.test_permission_does_not_accept_integer_as_boolean) ... ok
test_plan_conflicting_record_value_is_invalid (tests_lm.test_v05_c158_live_recovery.V05C158LiveRecoveryTests.test_plan_conflicting_record_value_is_invalid) ... ok
test_plan_is_identity_only_deterministic_and_covers_both_snapshots (tests_lm.test_v05_c158_live_recovery.V05C158LiveRecoveryTests.test_plan_is_identity_only_deterministic_and_covers_both_snapshots) ... ok
test_projection_failure_does_not_partially_publish_inbox (tests_lm.test_v05_c158_live_recovery.V05C158LiveRecoveryTests.test_projection_failure_does_not_partially_publish_inbox) ... ok
test_repeated_retrieve_is_bounded_and_never_reexecutes (tests_lm.test_v05_c158_live_recovery.V05C158LiveRecoveryTests.test_repeated_retrieve_is_bounded_and_never_reexecutes) ... ok
test_safe_file_blocks_windows_and_posix_escape (tests_lm.test_v05_c158_live_recovery.V05C158LiveRecoveryTests.test_safe_file_blocks_windows_and_posix_escape) ... ok
test_saved_router_is_frozen_and_weights_identical (tests_lm.test_v05_c158_live_recovery.V05C158LiveRecoveryTests.test_saved_router_is_frozen_and_weights_identical) ... ok
test_state_and_working_inputs_stay_immutable (tests_lm.test_v05_c158_live_recovery.V05C158LiveRecoveryTests.test_state_and_working_inputs_stay_immutable) ... ok
test_tied_logits_fail_strict_margin (tests_lm.test_v05_c158_live_recovery.V05C158LiveRecoveryTests.test_tied_logits_fail_strict_margin) ... ok
test_warm_one_answers_without_acquisition (tests_lm.test_v05_c158_live_recovery.V05C158LiveRecoveryTests.test_warm_one_answers_without_acquisition) ... ok
test_warm_zero_answers_without_acquisition (tests_lm.test_v05_c158_live_recovery.V05C158LiveRecoveryTests.test_warm_zero_answers_without_acquisition) ... ok
test_wrong_answer_is_retained_as_valid_behavioral_failure (tests_lm.test_v05_c158_live_recovery.V05C158LiveRecoveryTests.test_wrong_answer_is_retained_as_valid_behavioral_failure) ... ok
test_wrong_projected_identity_is_not_adopted (tests_lm.test_v05_c158_live_recovery.V05C158LiveRecoveryTests.test_wrong_projected_identity_is_not_adopted) ... ok
test_wrong_stop_is_not_overridden (tests_lm.test_v05_c158_live_recovery.V05C158LiveRecoveryTests.test_wrong_stop_is_not_overridden) ... ok
test_all_registered_fault_variants_are_rejected (tests_lm.test_v05_c159_terminal_result.V05C159TerminalResultTests.test_all_registered_fault_variants_are_rejected) ... ok
test_bool_and_non_bit_values_rejected (tests_lm.test_v05_c159_terminal_result.V05C159TerminalResultTests.test_bool_and_non_bit_values_rejected) ... ok
test_bound_request_and_source_digest_validation (tests_lm.test_v05_c159_terminal_result.V05C159TerminalResultTests.test_bound_request_and_source_digest_validation) ... ok
test_budget_exhaustion_has_no_answer (tests_lm.test_v05_c159_terminal_result.V05C159TerminalResultTests.test_budget_exhaustion_has_no_answer) ... ok
test_changed_final_working_rejected (tests_lm.test_v05_c159_terminal_result.V05C159TerminalResultTests.test_changed_final_working_rejected) ... ok
test_clock_mismatch_rejected (tests_lm.test_v05_c159_terminal_result.V05C159TerminalResultTests.test_clock_mismatch_rejected) ... ok
test_cold_recovered_value_emits_answer (tests_lm.test_v05_c159_terminal_result.V05C159TerminalResultTests.test_cold_recovered_value_emits_answer) ... ok
test_duplicate_record_ids_rejected (tests_lm.test_v05_c159_terminal_result.V05C159TerminalResultTests.test_duplicate_record_ids_rejected) ... ok
test_emitter_does_not_mutate_or_consume_source (tests_lm.test_v05_c159_terminal_result.V05C159TerminalResultTests.test_emitter_does_not_mutate_or_consume_source) ... ok
test_emitter_interface_has_no_scenario_or_expected_value (tests_lm.test_v05_c159_terminal_result.V05C159TerminalResultTests.test_emitter_interface_has_no_scenario_or_expected_value) ... ok
test_final_value_disagreement_rejected (tests_lm.test_v05_c159_terminal_result.V05C159TerminalResultTests.test_final_value_disagreement_rejected) ... ok
test_forced_answer_without_presence_rejected (tests_lm.test_v05_c159_terminal_result.V05C159TerminalResultTests.test_forced_answer_without_presence_rejected) ... ok
test_gate_keeps_exact_counts_and_zero_failures (tests_lm.test_v05_c159_terminal_result.V05C159TerminalResultTests.test_gate_keeps_exact_counts_and_zero_failures) ... ok
test_hypothesis_cannot_be_output_as_observation (tests_lm.test_v05_c159_terminal_result.V05C159TerminalResultTests.test_hypothesis_cannot_be_output_as_observation) ... ok
test_json_roundtrip_preserves_zero_and_none (tests_lm.test_v05_c159_terminal_result.V05C159TerminalResultTests.test_json_roundtrip_preserves_zero_and_none) ... ok
test_last_step_value_disagreement_rejected (tests_lm.test_v05_c159_terminal_result.V05C159TerminalResultTests.test_last_step_value_disagreement_rejected) ... ok
test_malformed_terminal_returns_rejected_not_payload (tests_lm.test_v05_c159_terminal_result.V05C159TerminalResultTests.test_malformed_terminal_returns_rejected_not_payload) ... ok
test_missing_delivery_returns_none_without_fetched_payload (tests_lm.test_v05_c159_terminal_result.V05C159TerminalResultTests.test_missing_delivery_returns_none_without_fetched_payload) ... ok
test_missing_final_state_reference_rejected (tests_lm.test_v05_c159_terminal_result.V05C159TerminalResultTests.test_missing_final_state_reference_rejected) ... ok
test_nonfinite_or_wrong_width_working_rejected (tests_lm.test_v05_c159_terminal_result.V05C159TerminalResultTests.test_nonfinite_or_wrong_width_working_rejected) ... ok
test_one_is_copied_from_final_working (tests_lm.test_v05_c159_terminal_result.V05C159TerminalResultTests.test_one_is_copied_from_final_working) ... ok
test_other_present_record_cannot_replace_selected_reference (tests_lm.test_v05_c159_terminal_result.V05C159TerminalResultTests.test_other_present_record_cannot_replace_selected_reference) ... ok
test_output_and_binding_are_immutable (tests_lm.test_v05_c159_terminal_result.V05C159TerminalResultTests.test_output_and_binding_are_immutable) ... ok
test_permission_denied_reason_comes_from_runtime (tests_lm.test_v05_c159_terminal_result.V05C159TerminalResultTests.test_permission_denied_reason_comes_from_runtime) ... ok
test_safe_paths_reject_windows_and_posix_escapes (tests_lm.test_v05_c159_terminal_result.V05C159TerminalResultTests.test_safe_paths_reject_windows_and_posix_escapes) ... ok
test_source_header_rejects_wrong_identity (tests_lm.test_v05_c159_terminal_result.V05C159TerminalResultTests.test_source_header_rejects_wrong_identity) ... ok
test_source_row_rejects_changed_id_action_value_margin_or_cost (tests_lm.test_v05_c159_terminal_result.V05C159TerminalResultTests.test_source_row_rejects_changed_id_action_value_margin_or_cost) ... ok
test_terminal_action_mismatch_and_other_actions_rejected (tests_lm.test_v05_c159_terminal_result.V05C159TerminalResultTests.test_terminal_action_mismatch_and_other_actions_rejected) ... ok
test_unresolved_stale_value_is_not_zero_answer (tests_lm.test_v05_c159_terminal_result.V05C159TerminalResultTests.test_unresolved_stale_value_is_not_zero_answer) ... ok
test_valid_source_rows_reaggregate_all_scenarios (tests_lm.test_v05_c159_terminal_result.V05C159TerminalResultTests.test_valid_source_rows_reaggregate_all_scenarios) ... ok
test_wrong_provenance_with_same_payload_rejected (tests_lm.test_v05_c159_terminal_result.V05C159TerminalResultTests.test_wrong_provenance_with_same_payload_rejected) ... ok
test_wrong_request_rejected_for_both_terminal_types (tests_lm.test_v05_c159_terminal_result.V05C159TerminalResultTests.test_wrong_request_rejected_for_both_terminal_types) ... ok
test_zero_is_answered_not_unresolved (tests_lm.test_v05_c159_terminal_result.V05C159TerminalResultTests.test_zero_is_answered_not_unresolved) ... ok
test_absent_selected_reference_is_invalid_fixture (tests_lm.test_v05_c160_live_query_result.V05C160LiveQueryResultTests.test_absent_selected_reference_is_invalid_fixture) ... ok
test_all6528_source_emissions_are_validated (tests_lm.test_v05_c160_live_query_result.V05C160LiveQueryResultTests.test_all6528_source_emissions_are_validated) ... ok
test_ancestor_missing_and_ambiguous_are_invalid (tests_lm.test_v05_c160_live_query_result.V05C160LiveQueryResultTests.test_ancestor_missing_and_ambiguous_are_invalid) ... ok
test_ancestor_selects_summary_by_hash_not_iteration_order (tests_lm.test_v05_c160_live_query_result.V05C160LiveQueryResultTests.test_ancestor_selects_summary_by_hash_not_iteration_order) ... ok
test_boolean_or_none_is_not_a_valid_answered_integer (tests_lm.test_v05_c160_live_query_result.V05C160LiveQueryResultTests.test_boolean_or_none_is_not_a_valid_answered_integer) ... ok
test_compact_trace_keeps_all_actions_but_not_repeated_full_state (tests_lm.test_v05_c160_live_query_result.V05C160LiveQueryResultTests.test_compact_trace_keeps_all_actions_but_not_repeated_full_state) ... ok
test_cycle_receives_request_binding_and_actual_callback_objects (tests_lm.test_v05_c160_live_query_result.V05C160LiveQueryResultTests.test_cycle_receives_request_binding_and_actual_callback_objects) ... ok
test_emitter_mutation_is_measured_not_hidden (tests_lm.test_v05_c160_live_query_result.V05C160LiveQueryResultTests.test_emitter_mutation_is_measured_not_hidden) ... ok
test_evaluator_cannot_change_output (tests_lm.test_v05_c160_live_query_result.V05C160LiveQueryResultTests.test_evaluator_cannot_change_output) ... ok
test_file_hash_changes_with_bytes (tests_lm.test_v05_c160_live_query_result.V05C160LiveQueryResultTests.test_file_hash_changes_with_bytes) ... ok
test_gate_accepts_known_control_errors_without_repair (tests_lm.test_v05_c160_live_query_result.V05C160LiveQueryResultTests.test_gate_accepts_known_control_errors_without_repair) ... ok
test_gate_rejects_oracle_repair_of_control_errors (tests_lm.test_v05_c160_live_query_result.V05C160LiveQueryResultTests.test_gate_rejects_oracle_repair_of_control_errors) ... ok
test_gate_rejects_semantic_errors_in_global_arm (tests_lm.test_v05_c160_live_query_result.V05C160LiveQueryResultTests.test_gate_rejects_semantic_errors_in_global_arm) ... ok
test_gate_rejects_tie_or_nonfinite_controller_margin (tests_lm.test_v05_c160_live_query_result.V05C160LiveQueryResultTests.test_gate_rejects_tie_or_nonfinite_controller_margin) ... ok
test_gate_rejects_wrong_cost_mutation_and_missing_replay (tests_lm.test_v05_c160_live_query_result.V05C160LiveQueryResultTests.test_gate_rejects_wrong_cost_mutation_and_missing_replay) ... ok
test_gate_requires_all_router_coverage (tests_lm.test_v05_c160_live_query_result.V05C160LiveQueryResultTests.test_gate_requires_all_router_coverage) ... ok
test_header_accepts_registered_profile (tests_lm.test_v05_c160_live_query_result.V05C160LiveQueryResultTests.test_header_accepts_registered_profile) ... ok
test_header_rejects_changed_execution_scope_or_reasons (tests_lm.test_v05_c160_live_query_result.V05C160LiveQueryResultTests.test_header_rejects_changed_execution_scope_or_reasons) ... ok
test_header_rejects_missing_or_reordered_routers (tests_lm.test_v05_c160_live_query_result.V05C160LiveQueryResultTests.test_header_rejects_missing_or_reordered_routers) ... ok
test_header_rejects_wrong_identity_or_claim (tests_lm.test_v05_c160_live_query_result.V05C160LiveQueryResultTests.test_header_rejects_wrong_identity_or_claim) ... ok
test_inconsistent_output_with_matching_hash_is_still_invalid (tests_lm.test_v05_c160_live_query_result.V05C160LiveQueryResultTests.test_inconsistent_output_with_matching_hash_is_still_invalid) ... ok
test_json_is_deterministic_and_nan_is_rejected (tests_lm.test_v05_c160_live_query_result.V05C160LiveQueryResultTests.test_json_is_deterministic_and_nan_is_rejected) ... ok
test_live_selector_runs_all_queries_against_64_candidates (tests_lm.test_v05_c160_live_query_result.V05C160LiveQueryResultTests.test_live_selector_runs_all_queries_against_64_candidates) ... ok
test_metered_cost_is_independent_of_output_status (tests_lm.test_v05_c160_live_query_result.V05C160LiveQueryResultTests.test_metered_cost_is_independent_of_output_status) ... ok
test_nonfinite_live_scores_are_invalid (tests_lm.test_v05_c160_live_query_result.V05C160LiveQueryResultTests.test_nonfinite_live_scores_are_invalid) ... ok
test_rejected_output_is_not_replaced_by_answer (tests_lm.test_v05_c160_live_query_result.V05C160LiveQueryResultTests.test_rejected_output_is_not_replaced_by_answer) ... ok
test_reordered_catalog_changes_position_not_identity (tests_lm.test_v05_c160_live_query_result.V05C160LiveQueryResultTests.test_reordered_catalog_changes_position_not_identity) ... ok
test_router_schedule_is_balanced_and_identity_only (tests_lm.test_v05_c160_live_query_result.V05C160LiveQueryResultTests.test_router_schedule_is_balanced_and_identity_only) ... ok
test_router_schedule_rejects_bool_and_out_of_range (tests_lm.test_v05_c160_live_query_result.V05C160LiveQueryResultTests.test_router_schedule_rejects_bool_and_out_of_range) ... ok
test_same_bit_wrong_record_is_semantically_wrong_but_binding_valid (tests_lm.test_v05_c160_live_query_result.V05C160LiveQueryResultTests.test_same_bit_wrong_record_is_semantically_wrong_but_binding_valid) ... ok
test_selected_reference_only_removed_from_cold_state (tests_lm.test_v05_c160_live_query_result.V05C160LiveQueryResultTests.test_selected_reference_only_removed_from_cold_state) ... ok
test_selector_has_no_expected_label_or_value_parameter (tests_lm.test_v05_c160_live_query_result.V05C160LiveQueryResultTests.test_selector_has_no_expected_label_or_value_parameter) ... ok
test_source_output_tamper_is_invalid (tests_lm.test_v05_c160_live_query_result.V05C160LiveQueryResultTests.test_source_output_tamper_is_invalid) ... ok
test_stale_bit_rejects_boolean_and_nonbit (tests_lm.test_v05_c160_live_query_result.V05C160LiveQueryResultTests.test_stale_bit_rejects_boolean_and_nonbit) ... ok
test_stale_state_and_fixed_budgets_do_not_use_expected_payload (tests_lm.test_v05_c160_live_query_result.V05C160LiveQueryResultTests.test_stale_state_and_fixed_budgets_do_not_use_expected_payload) ... ok
test_wrong_query_count_is_invalid_before_encoding (tests_lm.test_v05_c160_live_query_result.V05C160LiveQueryResultTests.test_wrong_query_count_is_invalid_before_encoding) ... ok
test_wrong_scope_source_clock_or_key_is_not_bound (tests_lm.test_v05_c160_live_query_result.V05C160LiveQueryResultTests.test_wrong_scope_source_clock_or_key_is_not_bound) ... ok
test_zero_and_one_are_observed_answers (tests_lm.test_v05_c160_live_query_result.V05C160LiveQueryResultTests.test_zero_and_one_are_observed_answers) ... ok
test_analyze_rows_accepts_single_post_cycle_rejection (tests_lm.test_v05_c161_failure_localization.V05C161FailureLocalizationTests.test_analyze_rows_accepts_single_post_cycle_rejection) ... ok
test_analyze_rows_marks_cycle_failure_as_valid_negative_pattern (tests_lm.test_v05_c161_failure_localization.V05C161FailureLocalizationTests.test_analyze_rows_marks_cycle_failure_as_valid_negative_pattern) ... ok
test_analyze_rows_marks_multiple_terminal_reasons_as_negative (tests_lm.test_v05_c161_failure_localization.V05C161FailureLocalizationTests.test_analyze_rows_marks_multiple_terminal_reasons_as_negative) ... ok
test_analyze_rows_rejects_router_schedule_drift (tests_lm.test_v05_c161_failure_localization.V05C161FailureLocalizationTests.test_analyze_rows_rejects_router_schedule_drift) ... ok
test_analyze_rows_rejects_trace_hash_tamper (tests_lm.test_v05_c161_failure_localization.V05C161FailureLocalizationTests.test_analyze_rows_rejects_trace_hash_tamper) ... ok
test_blob_is_deterministic_and_rejects_nan (tests_lm.test_v05_c161_failure_localization.V05C161FailureLocalizationTests.test_blob_is_deterministic_and_rejects_nan) ... ok
test_run_rejects_wrong_c160_summary_hash_before_analysis (tests_lm.test_v05_c161_failure_localization.V05C161FailureLocalizationTests.test_run_rejects_wrong_c160_summary_hash_before_analysis) ... ok
test_safe_child_rejects_escape_and_windows_path (tests_lm.test_v05_c161_failure_localization.V05C161FailureLocalizationTests.test_safe_child_rejects_escape_and_windows_path) ... ok
test_validate_c160_report_accepts_registered_profile (tests_lm.test_v05_c161_failure_localization.V05C161FailureLocalizationTests.test_validate_c160_report_accepts_registered_profile) ... ok
test_validate_c160_report_rejects_aggregate_drift (tests_lm.test_v05_c161_failure_localization.V05C161FailureLocalizationTests.test_validate_c160_report_rejects_aggregate_drift) ... ok
test_validate_c160_report_rejects_stream_identity_drift (tests_lm.test_v05_c161_failure_localization.V05C161FailureLocalizationTests.test_validate_c160_report_rejects_stream_identity_drift) ... ok
test_validate_c160_report_rejects_wrong_identity_or_status (tests_lm.test_v05_c161_failure_localization.V05C161FailureLocalizationTests.test_validate_c160_report_rejects_wrong_identity_or_status) ... ok
test_all_six_guards_remain_effective_for_both_bits (tests_lm.test_v05_c162_evidence_container.V05C162EvidenceContainerTests.test_all_six_guards_remain_effective_for_both_bits) ... ok
test_blob_rejects_nonfinite (tests_lm.test_v05_c162_evidence_container.V05C162EvidenceContainerTests.test_blob_rejects_nonfinite) ... ok
test_bound_output_rejects_bool_wrong_key_and_value (tests_lm.test_v05_c162_evidence_container.V05C162EvidenceContainerTests.test_bound_output_rejects_bool_wrong_key_and_value) ... ok
test_cold_restore_preserves_source_but_appends_selected (tests_lm.test_v05_c162_evidence_container.V05C162EvidenceContainerTests.test_cold_restore_preserves_source_but_appends_selected) ... ok
test_decode_rejects_extra_fields_and_wrong_container (tests_lm.test_v05_c162_evidence_container.V05C162EvidenceContainerTests.test_decode_rejects_extra_fields_and_wrong_container) ... ok
test_decode_rejects_hypothesis_and_duplicate (tests_lm.test_v05_c162_evidence_container.V05C162EvidenceContainerTests.test_decode_rejects_hypothesis_and_duplicate) ... ok
test_decode_roundtrip_uses_actual_core_state (tests_lm.test_v05_c162_evidence_container.V05C162EvidenceContainerTests.test_decode_roundtrip_uses_actual_core_state) ... ok
test_fault_probes_do_not_mutate_source (tests_lm.test_v05_c162_evidence_container.V05C162EvidenceContainerTests.test_fault_probes_do_not_mutate_source) ... ok
test_gate_accepts_only_full_registered_profile (tests_lm.test_v05_c162_evidence_container.V05C162EvidenceContainerTests.test_gate_accepts_only_full_registered_profile) ... ok
test_gate_preserves_known_control_errors (tests_lm.test_v05_c162_evidence_container.V05C162EvidenceContainerTests.test_gate_preserves_known_control_errors) ... ok
test_gate_rejects_guard_and_mutation_failure (tests_lm.test_v05_c162_evidence_container.V05C162EvidenceContainerTests.test_gate_rejects_guard_and_mutation_failure) ... ok
test_json_roundtrip_erases_tuple_difference (tests_lm.test_v05_c162_evidence_container.V05C162EvidenceContainerTests.test_json_roundtrip_erases_tuple_difference) ... ok
test_list_only_changes_one_container (tests_lm.test_v05_c162_evidence_container.V05C162EvidenceContainerTests.test_list_only_changes_one_container) ... ok
test_list_only_does_not_silently_accept_arbitrary_containers (tests_lm.test_v05_c162_evidence_container.V05C162EvidenceContainerTests.test_list_only_does_not_silently_accept_arbitrary_containers) ... ok
test_locate_requires_unique_hash_bound_source (tests_lm.test_v05_c162_evidence_container.V05C162EvidenceContainerTests.test_locate_requires_unique_hash_bound_source) ... ok
test_measured_rejection_is_retained_as_negative (tests_lm.test_v05_c162_evidence_container.V05C162EvidenceContainerTests.test_measured_rejection_is_retained_as_negative) ... ok
test_missing_selected_reference_is_invalid (tests_lm.test_v05_c162_evidence_container.V05C162EvidenceContainerTests.test_missing_selected_reference_is_invalid) ... ok
test_mutation_is_measured_not_hidden (tests_lm.test_v05_c162_evidence_container.V05C162EvidenceContainerTests.test_mutation_is_measured_not_hidden) ... ok
test_pair_has_no_semantic_target_interface (tests_lm.test_v05_c162_evidence_container.V05C162EvidenceContainerTests.test_pair_has_no_semantic_target_interface) ... ok
test_pair_preserves_inputs (tests_lm.test_v05_c162_evidence_container.V05C162EvidenceContainerTests.test_pair_preserves_inputs) ... ok
test_protected_bytes_are_rechecked_at_end (tests_lm.test_v05_c162_evidence_container.V05C162EvidenceContainerTests.test_protected_bytes_are_rechecked_at_end) ... ok
test_real_state_asdict_retains_tuple (tests_lm.test_v05_c162_evidence_container.V05C162EvidenceContainerTests.test_real_state_asdict_retains_tuple) ... ok
test_reconstruct_rejects_wrong_reference_count (tests_lm.test_v05_c162_evidence_container.V05C162EvidenceContainerTests.test_reconstruct_rejects_wrong_reference_count) ... ok
test_reconstruct_requires_exact_digest_and_reference_order (tests_lm.test_v05_c162_evidence_container.V05C162EvidenceContainerTests.test_reconstruct_requires_exact_digest_and_reference_order) ... ok
test_safe_child_rejects_escape (tests_lm.test_v05_c162_evidence_container.V05C162EvidenceContainerTests.test_safe_child_rejects_escape) ... ok
test_stream_identity_rejects_duplicate_or_missing (tests_lm.test_v05_c162_evidence_container.V05C162EvidenceContainerTests.test_stream_identity_rejects_duplicate_or_missing) ... ok
test_unchanged_emitter_rejects_native_but_accepts_list_one (tests_lm.test_v05_c162_evidence_container.V05C162EvidenceContainerTests.test_unchanged_emitter_rejects_native_but_accepts_list_one) ... ok
test_unchanged_emitter_rejects_native_but_accepts_list_zero (tests_lm.test_v05_c162_evidence_container.V05C162EvidenceContainerTests.test_unchanged_emitter_rejects_native_but_accepts_list_zero) ... ok
test_wrong_saved_native_output_is_not_accepted (tests_lm.test_v05_c162_evidence_container.V05C162EvidenceContainerTests.test_wrong_saved_native_output_is_not_accepted) ... ok
test_small_synthetic_full_loader_run_saves_valid_negative_and_preserves_inputs (tests_lm.test_v05_c162_evidence_container.V05C162OfflineRunTests.test_small_synthetic_full_loader_run_saves_valid_negative_and_preserves_inputs)
48 streams x 3 rows: loader/writer test, not the 82,944-row formal run. ... ok
test_adapted_guard_rejection_is_not_replaced_by_native (tests_lm.test_v05_c163_live_container_bridge.V05C163LiveContainerBridgeTests.test_adapted_guard_rejection_is_not_replaced_by_native) ... ok
test_all_six_guards_through_native_adapter (tests_lm.test_v05_c163_live_container_bridge.V05C163LiveContainerBridgeTests.test_all_six_guards_through_native_adapter) ... ok
test_audit_records_native_and_adapted_calls_separately (tests_lm.test_v05_c163_live_container_bridge.V05C163LiveContainerBridgeTests.test_audit_records_native_and_adapted_calls_separately) ... ok
test_bad_terminal_is_delegated_to_old_emitter (tests_lm.test_v05_c163_live_container_bridge.V05C163LiveContainerBridgeTests.test_bad_terminal_is_delegated_to_old_emitter) ... ok
test_boolean_value_is_not_coerced_into_bit (tests_lm.test_v05_c163_live_container_bridge.V05C163LiveContainerBridgeTests.test_boolean_value_is_not_coerced_into_bit) ... ok
test_finite_ungrounded_result_remains_rejected (tests_lm.test_v05_c163_live_container_bridge.V05C163LiveContainerBridgeTests.test_finite_ungrounded_result_remains_rejected) ... ok
test_gate_accepts_full_registered_profile (tests_lm.test_v05_c163_live_container_bridge.V05C163LiveContainerBridgeTests.test_gate_accepts_full_registered_profile) ... ok
test_gate_does_not_repair_known_semantic_errors (tests_lm.test_v05_c163_live_container_bridge.V05C163LiveContainerBridgeTests.test_gate_does_not_repair_known_semantic_errors) ... ok
test_gate_rejects_dropped_episode (tests_lm.test_v05_c163_live_container_bridge.V05C163LiveContainerBridgeTests.test_gate_rejects_dropped_episode) ... ok
test_gate_rejects_guard_mutation_or_missing_native_control (tests_lm.test_v05_c163_live_container_bridge.V05C163LiveContainerBridgeTests.test_gate_rejects_guard_mutation_or_missing_native_control) ... ok
test_gate_rejects_tie_nonfinite_or_wrong_values (tests_lm.test_v05_c163_live_container_bridge.V05C163LiveContainerBridgeTests.test_gate_rejects_tie_nonfinite_or_wrong_values) ... ok
test_gate_rejects_wrong_cost_or_router_coverage (tests_lm.test_v05_c163_live_container_bridge.V05C163LiveContainerBridgeTests.test_gate_rejects_wrong_cost_or_router_coverage) ... ok
test_gate_requires_historical_source_preservation (tests_lm.test_v05_c163_live_container_bridge.V05C163LiveContainerBridgeTests.test_gate_requires_historical_source_preservation) ... ok
test_guard_controls_preserve_native_source (tests_lm.test_v05_c163_live_container_bridge.V05C163LiveContainerBridgeTests.test_guard_controls_preserve_native_source) ... ok
test_guard_selection_is_once_per_source_key_not_per_bit (tests_lm.test_v05_c163_live_container_bridge.V05C163LiveContainerBridgeTests.test_guard_selection_is_once_per_source_key_not_per_bit) ... ok
test_list_input_is_not_rewritten (tests_lm.test_v05_c163_live_container_bridge.V05C163LiveContainerBridgeTests.test_list_input_is_not_rewritten) ... ok
test_measured_input_mutation_is_not_hidden (tests_lm.test_v05_c163_live_container_bridge.V05C163LiveContainerBridgeTests.test_measured_input_mutation_is_not_hidden) ... ok
test_missing_or_bad_container_is_not_repaired (tests_lm.test_v05_c163_live_container_bridge.V05C163LiveContainerBridgeTests.test_missing_or_bad_container_is_not_repaired) ... ok
test_missing_payload_probe_is_saved_not_invalid (tests_lm.test_v05_c163_live_container_bridge.V05C163LiveContainerBridgeTests.test_missing_payload_probe_is_saved_not_invalid) ... ok
test_native_control_rejects_but_live_one_is_answered (tests_lm.test_v05_c163_live_container_bridge.V05C163LiveContainerBridgeTests.test_native_control_rejects_but_live_one_is_answered) ... ok
test_native_control_rejects_but_live_zero_is_answered (tests_lm.test_v05_c163_live_container_bridge.V05C163LiveContainerBridgeTests.test_native_control_rejects_but_live_zero_is_answered) ... ok
test_native_execute_selected_wires_actual_state_to_new_adapter (tests_lm.test_v05_c163_live_container_bridge.V05C163LiveContainerBridgeTests.test_native_execute_selected_wires_actual_state_to_new_adapter) ... ok
test_normalizer_has_no_label_value_or_scope_interface (tests_lm.test_v05_c163_live_container_bridge.V05C163LiveContainerBridgeTests.test_normalizer_has_no_label_value_or_scope_interface) ... ok
test_only_native_observations_container_changes (tests_lm.test_v05_c163_live_container_bridge.V05C163LiveContainerBridgeTests.test_only_native_observations_container_changes) ... ok
test_reference_provenance_is_not_corrected (tests_lm.test_v05_c163_live_container_bridge.V05C163LiveContainerBridgeTests.test_reference_provenance_is_not_corrected) ... ok
test_wrong_request_still_rejected (tests_lm.test_v05_c163_live_container_bridge.V05C163LiveContainerBridgeTests.test_wrong_request_still_rejected) ... ok
test_delivery_wrapper_forwards_every_nontransport_argument (tests_lm.test_v05_c164_live_missing_delivery.V05C164LiveMissingDeliveryTests.test_delivery_wrapper_forwards_every_nontransport_argument) ... ok
test_gate_accepts_only_complete_profile (tests_lm.test_v05_c164_live_missing_delivery.V05C164LiveMissingDeliveryTests.test_gate_accepts_only_complete_profile) ... ok
test_gate_does_not_count_unresolved_as_semantic_accuracy (tests_lm.test_v05_c164_live_missing_delivery.V05C164LiveMissingDeliveryTests.test_gate_does_not_count_unresolved_as_semantic_accuracy) ... ok
test_gate_preserves_known_semantic_errors (tests_lm.test_v05_c164_live_missing_delivery.V05C164LiveMissingDeliveryTests.test_gate_preserves_known_semantic_errors) ... ok
test_gate_rejects_guard_failure_and_source_mutation (tests_lm.test_v05_c164_live_missing_delivery.V05C164LiveMissingDeliveryTests.test_gate_rejects_guard_failure_and_source_mutation) ... ok
test_gate_rejects_missing_branch_publication (tests_lm.test_v05_c164_live_missing_delivery.V05C164LiveMissingDeliveryTests.test_gate_rejects_missing_branch_publication) ... ok
test_gate_rejects_nonpositive_or_nonfinite_margin (tests_lm.test_v05_c164_live_missing_delivery.V05C164LiveMissingDeliveryTests.test_gate_rejects_nonpositive_or_nonfinite_margin) ... ok
test_gate_rejects_router_or_raw_action_imbalance (tests_lm.test_v05_c164_live_missing_delivery.V05C164LiveMissingDeliveryTests.test_gate_rejects_router_or_raw_action_imbalance) ... ok
test_gate_rejects_unresolved_payload_contract_failure (tests_lm.test_v05_c164_live_missing_delivery.V05C164LiveMissingDeliveryTests.test_gate_rejects_unresolved_payload_contract_failure) ... ok
test_gate_rejects_wrong_calls_and_meter_disagreement (tests_lm.test_v05_c164_live_missing_delivery.V05C164LiveMissingDeliveryTests.test_gate_rejects_wrong_calls_and_meter_disagreement) ... ok
test_missing_branch_fetches_once_but_never_publishes_or_rereads (tests_lm.test_v05_c164_live_missing_delivery.V05C164LiveMissingDeliveryTests.test_missing_branch_fetches_once_but_never_publishes_or_rereads) ... ok
test_missing_branch_native_control_still_rejects (tests_lm.test_v05_c164_live_missing_delivery.V05C164LiveMissingDeliveryTests.test_missing_branch_native_control_still_rejects) ... ok
test_missing_delivery_keeps_envelope_and_drops_only_evidence (tests_lm.test_v05_c164_live_missing_delivery.V05C164LiveMissingDeliveryTests.test_missing_delivery_keeps_envelope_and_drops_only_evidence) ... ok
test_missing_delivery_zero_and_one_stop_without_payload (tests_lm.test_v05_c164_live_missing_delivery.V05C164LiveMissingDeliveryTests.test_missing_delivery_zero_and_one_stop_without_payload) ... ok
test_parent_rejects_wrong_identity_before_source_use (tests_lm.test_v05_c164_live_missing_delivery.V05C164LiveMissingDeliveryTests.test_parent_rejects_wrong_identity_before_source_use) ... ok
test_present_delivery_returns_exact_object (tests_lm.test_v05_c164_live_missing_delivery.V05C164LiveMissingDeliveryTests.test_present_delivery_returns_exact_object) ... ok
test_recovered_zero_and_one_use_actual_cycle_and_adapter (tests_lm.test_v05_c164_live_missing_delivery.V05C164LiveMissingDeliveryTests.test_recovered_zero_and_one_use_actual_cycle_and_adapter) ... ok
test_semantic_same_bit_wrong_record_is_not_repaired (tests_lm.test_v05_c164_live_missing_delivery.V05C164LiveMissingDeliveryTests.test_semantic_same_bit_wrong_record_is_not_repaired) ... ok
test_transport_interface_has_no_expected_value_or_condition (tests_lm.test_v05_c164_live_missing_delivery.V05C164LiveMissingDeliveryTests.test_transport_interface_has_no_expected_value_or_condition) ... ok
test_unknown_evaluator_condition_rejected (tests_lm.test_v05_c164_live_missing_delivery.V05C164LiveMissingDeliveryTests.test_unknown_evaluator_condition_rejected) ... ok
test_unresolved_contract_accepts_none_not_zero_or_false (tests_lm.test_v05_c164_live_missing_delivery.V05C164LiveMissingDeliveryTests.test_unresolved_contract_accepts_none_not_zero_or_false) ... ok
test_unresolved_wrong_identity_reason_or_metadata_is_rejected (tests_lm.test_v05_c164_live_missing_delivery.V05C164LiveMissingDeliveryTests.test_unresolved_wrong_identity_reason_or_metadata_is_rejected) ... ok
test_wrapper_rejects_noncallable_transport (tests_lm.test_v05_c164_live_missing_delivery.V05C164LiveMissingDeliveryTests.test_wrapper_rejects_noncallable_transport) ... ok
test_wrong_controller_answer_is_not_overridden (tests_lm.test_v05_c164_live_missing_delivery.V05C164LiveMissingDeliveryTests.test_wrong_controller_answer_is_not_overridden) ... ok
test_allowed_wrapper_forwards_every_nonpermission_argument (tests_lm.test_v05_c165_live_permission_denied.V05C165LivePermissionDeniedTests.test_allowed_wrapper_forwards_every_nonpermission_argument) ... ok
test_denied_wrapper_substitutes_false_permission_only (tests_lm.test_v05_c165_live_permission_denied.V05C165LivePermissionDeniedTests.test_denied_wrapper_substitutes_false_permission_only) ... ok
test_gate_accepts_complete_profile (tests_lm.test_v05_c165_live_permission_denied.V05C165LivePermissionDeniedTests.test_gate_accepts_complete_profile) ... ok
test_gate_does_not_count_unresolved_as_semantic_accuracy (tests_lm.test_v05_c165_live_permission_denied.V05C165LivePermissionDeniedTests.test_gate_does_not_count_unresolved_as_semantic_accuracy) ... ok
test_gate_preserves_known_semantic_errors (tests_lm.test_v05_c165_live_permission_denied.V05C165LivePermissionDeniedTests.test_gate_preserves_known_semantic_errors) ... ok
test_gate_rejects_denied_acquisition (tests_lm.test_v05_c165_live_permission_denied.V05C165LivePermissionDeniedTests.test_gate_rejects_denied_acquisition) ... ok
test_gate_rejects_denied_publication (tests_lm.test_v05_c165_live_permission_denied.V05C165LivePermissionDeniedTests.test_gate_rejects_denied_publication) ... ok
test_gate_rejects_denied_retrieval (tests_lm.test_v05_c165_live_permission_denied.V05C165LivePermissionDeniedTests.test_gate_rejects_denied_retrieval) ... ok
test_gate_rejects_dropped_episode (tests_lm.test_v05_c165_live_permission_denied.V05C165LivePermissionDeniedTests.test_gate_rejects_dropped_episode) ... ok
test_gate_rejects_guard_failure_and_source_mutation (tests_lm.test_v05_c165_live_permission_denied.V05C165LivePermissionDeniedTests.test_gate_rejects_guard_failure_and_source_mutation) ... ok
test_gate_rejects_nonpositive_or_nonfinite_margin (tests_lm.test_v05_c165_live_permission_denied.V05C165LivePermissionDeniedTests.test_gate_rejects_nonpositive_or_nonfinite_margin) ... ok
test_gate_rejects_permission_or_budget_preservation_failure (tests_lm.test_v05_c165_live_permission_denied.V05C165LivePermissionDeniedTests.test_gate_rejects_permission_or_budget_preservation_failure) ... ok
test_gate_rejects_router_or_raw_action_imbalance (tests_lm.test_v05_c165_live_permission_denied.V05C165LivePermissionDeniedTests.test_gate_rejects_router_or_raw_action_imbalance) ... ok
test_gate_rejects_wrong_calls_and_meter_disagreement (tests_lm.test_v05_c165_live_permission_denied.V05C165LivePermissionDeniedTests.test_gate_rejects_wrong_calls_and_meter_disagreement) ... ok
test_parent_rejects_wrong_identity_before_source_use (tests_lm.test_v05_c165_live_permission_denied.V05C165LivePermissionDeniedTests.test_parent_rejects_wrong_identity_before_source_use) ... ok
test_permission_denied_native_control_still_rejects (tests_lm.test_v05_c165_live_permission_denied.V05C165LivePermissionDeniedTests.test_permission_denied_native_control_still_rejects) ... ok
test_permission_denied_never_fetches_publishes_or_rereads (tests_lm.test_v05_c165_live_permission_denied.V05C165LivePermissionDeniedTests.test_permission_denied_never_fetches_publishes_or_rereads) ... ok
test_permission_denied_zero_and_one_stop_without_payload (tests_lm.test_v05_c165_live_permission_denied.V05C165LivePermissionDeniedTests.test_permission_denied_zero_and_one_stop_without_payload) ... ok
test_permission_interface_has_no_expected_value_or_semantic_target (tests_lm.test_v05_c165_live_permission_denied.V05C165LivePermissionDeniedTests.test_permission_interface_has_no_expected_value_or_semantic_target) ... ok
test_permission_wrapper_rejects_nonboolean_condition (tests_lm.test_v05_c165_live_permission_denied.V05C165LivePermissionDeniedTests.test_permission_wrapper_rejects_nonboolean_condition) ... ok
test_permission_wrapper_requires_unchanged_base_permission (tests_lm.test_v05_c165_live_permission_denied.V05C165LivePermissionDeniedTests.test_permission_wrapper_requires_unchanged_base_permission) ... ok
test_recovered_zero_and_one_use_actual_cycle_and_adapter (tests_lm.test_v05_c165_live_permission_denied.V05C165LivePermissionDeniedTests.test_recovered_zero_and_one_use_actual_cycle_and_adapter) ... ok
test_semantic_same_bit_wrong_record_is_not_repaired (tests_lm.test_v05_c165_live_permission_denied.V05C165LivePermissionDeniedTests.test_semantic_same_bit_wrong_record_is_not_repaired) ... ok
test_unknown_evaluator_condition_rejected (tests_lm.test_v05_c165_live_permission_denied.V05C165LivePermissionDeniedTests.test_unknown_evaluator_condition_rejected) ... ok
test_unresolved_contract_accepts_none_not_zero_or_false (tests_lm.test_v05_c165_live_permission_denied.V05C165LivePermissionDeniedTests.test_unresolved_contract_accepts_none_not_zero_or_false) ... ok
test_unresolved_wrong_identity_reason_or_metadata_is_rejected (tests_lm.test_v05_c165_live_permission_denied.V05C165LivePermissionDeniedTests.test_unresolved_wrong_identity_reason_or_metadata_is_rejected) ... ok
test_wrong_controller_answer_is_not_overridden (tests_lm.test_v05_c165_live_permission_denied.V05C165LivePermissionDeniedTests.test_wrong_controller_answer_is_not_overridden) ... ok
test_actual_initial_budget_is_returned_and_internal_steps_are_paid (tests_lm.test_v05_c166_live_budget_exhausted.V05C166LiveBudgetExhaustedTests.test_actual_initial_budget_is_returned_and_internal_steps_are_paid) ... ok
test_budget_audit_detects_initial_budget_and_later_fetch (tests_lm.test_v05_c166_live_budget_exhausted.V05C166LiveBudgetExhaustedTests.test_budget_audit_detects_initial_budget_and_later_fetch) ... ok
test_exhausted_cycle_never_fetches_admits_publishes_or_rereads (tests_lm.test_v05_c166_live_budget_exhausted.V05C166LiveBudgetExhaustedTests.test_exhausted_cycle_never_fetches_admits_publishes_or_rereads) ... ok
test_exhausted_zero_and_one_stop_without_payload (tests_lm.test_v05_c166_live_budget_exhausted.V05C166LiveBudgetExhaustedTests.test_exhausted_zero_and_one_stop_without_payload) ... ok
test_exhaustion_is_not_permission_denial (tests_lm.test_v05_c166_live_budget_exhausted.V05C166LiveBudgetExhaustedTests.test_exhaustion_is_not_permission_denial) ... ok
test_factory_constructs_actual_budget_with_one_or_zero (tests_lm.test_v05_c166_live_budget_exhausted.V05C166LiveBudgetExhaustedTests.test_factory_constructs_actual_budget_with_one_or_zero) ... ok
test_factory_has_no_target_or_permission_input (tests_lm.test_v05_c166_live_budget_exhausted.V05C166LiveBudgetExhaustedTests.test_factory_has_no_target_or_permission_input) ... ok
test_factory_preserves_every_other_api_object (tests_lm.test_v05_c166_live_budget_exhausted.V05C166LiveBudgetExhaustedTests.test_factory_preserves_every_other_api_object) ... ok
test_factory_rejects_base_budget_drift (tests_lm.test_v05_c166_live_budget_exhausted.V05C166LiveBudgetExhaustedTests.test_factory_rejects_base_budget_drift) ... ok
test_factory_rejects_unregistered_and_boolean_allowances (tests_lm.test_v05_c166_live_budget_exhausted.V05C166LiveBudgetExhaustedTests.test_factory_rejects_unregistered_and_boolean_allowances) ... ok
test_gate_accepts_complete_profile (tests_lm.test_v05_c166_live_budget_exhausted.V05C166LiveBudgetExhaustedTests.test_gate_accepts_complete_profile) ... ok
test_gate_does_not_score_unresolved_as_semantic_accuracy (tests_lm.test_v05_c166_live_budget_exhausted.V05C166LiveBudgetExhaustedTests.test_gate_does_not_score_unresolved_as_semantic_accuracy) ... ok
test_gate_preserves_known_semantic_errors (tests_lm.test_v05_c166_live_budget_exhausted.V05C166LiveBudgetExhaustedTests.test_gate_preserves_known_semantic_errors) ... ok
test_gate_rejects_budget_and_authority_audit_failures (tests_lm.test_v05_c166_live_budget_exhausted.V05C166LiveBudgetExhaustedTests.test_gate_rejects_budget_and_authority_audit_failures) ... ok
test_gate_rejects_coverage_and_extra_condition (tests_lm.test_v05_c166_live_budget_exhausted.V05C166LiveBudgetExhaustedTests.test_gate_rejects_coverage_and_extra_condition) ... ok
test_gate_rejects_exhausted_acquisition_publication_or_read (tests_lm.test_v05_c166_live_budget_exhausted.V05C166LiveBudgetExhaustedTests.test_gate_rejects_exhausted_acquisition_publication_or_read) ... ok
test_gate_rejects_guard_source_mutation_and_wrong_reason (tests_lm.test_v05_c166_live_budget_exhausted.V05C166LiveBudgetExhaustedTests.test_gate_rejects_guard_source_mutation_and_wrong_reason) ... ok
test_gate_rejects_meter_disagreement (tests_lm.test_v05_c166_live_budget_exhausted.V05C166LiveBudgetExhaustedTests.test_gate_rejects_meter_disagreement) ... ok
test_gate_rejects_nonpositive_and_nonfinite_margins (tests_lm.test_v05_c166_live_budget_exhausted.V05C166LiveBudgetExhaustedTests.test_gate_rejects_nonpositive_and_nonfinite_margins) ... ok
test_gate_rejects_router_and_action_imbalance (tests_lm.test_v05_c166_live_budget_exhausted.V05C166LiveBudgetExhaustedTests.test_gate_rejects_router_and_action_imbalance) ... ok
test_gate_rejects_unresolved_payload_contract_failure (tests_lm.test_v05_c166_live_budget_exhausted.V05C166LiveBudgetExhaustedTests.test_gate_rejects_unresolved_payload_contract_failure) ... ok
test_internal_debit_preserves_zero_acquisition_allowance (tests_lm.test_v05_c166_live_budget_exhausted.V05C166LiveBudgetExhaustedTests.test_internal_debit_preserves_zero_acquisition_allowance) ... ok
test_native_control_keeps_original_container_rejection (tests_lm.test_v05_c166_live_budget_exhausted.V05C166LiveBudgetExhaustedTests.test_native_control_keeps_original_container_rejection) ... ok
test_parent_rejects_wrong_identity_before_source_use (tests_lm.test_v05_c166_live_budget_exhausted.V05C166LiveBudgetExhaustedTests.test_parent_rejects_wrong_identity_before_source_use) ... ok
test_recovered_zero_and_one_use_actual_cycle (tests_lm.test_v05_c166_live_budget_exhausted.V05C166LiveBudgetExhaustedTests.test_recovered_zero_and_one_use_actual_cycle) ... ok
test_same_bit_wrong_record_is_not_semantically_correct (tests_lm.test_v05_c166_live_budget_exhausted.V05C166LiveBudgetExhaustedTests.test_same_bit_wrong_record_is_not_semantically_correct) ... ok
test_unknown_evaluator_condition_is_rejected (tests_lm.test_v05_c166_live_budget_exhausted.V05C166LiveBudgetExhaustedTests.test_unknown_evaluator_condition_is_rejected) ... ok
test_unresolved_identity_reason_and_metadata_are_checked (tests_lm.test_v05_c166_live_budget_exhausted.V05C166LiveBudgetExhaustedTests.test_unresolved_identity_reason_and_metadata_are_checked) ... ok
test_unresolved_requires_none_not_zero_or_false (tests_lm.test_v05_c166_live_budget_exhausted.V05C166LiveBudgetExhaustedTests.test_unresolved_requires_none_not_zero_or_false) ... ok
test_wrong_controller_answer_is_not_overridden (tests_lm.test_v05_c166_live_budget_exhausted.V05C166LiveBudgetExhaustedTests.test_wrong_controller_answer_is_not_overridden) ... ok
test_cold_wrapper_forwards_original_state_and_other_arguments (tests_lm.test_v05_c167_live_warm_reference.V05C167LiveWarmReferenceTests.test_cold_wrapper_forwards_original_state_and_other_arguments) ... ok
test_cold_zero_and_one_keep_original_recovery_contract (tests_lm.test_v05_c167_live_warm_reference.V05C167LiveWarmReferenceTests.test_cold_zero_and_one_keep_original_recovery_contract) ... ok
test_gate_accepts_only_complete_profile (tests_lm.test_v05_c167_live_warm_reference.V05C167LiveWarmReferenceTests.test_gate_accepts_only_complete_profile) ... ok
test_gate_checks_actual_initial_state_and_unchanged_warm_state (tests_lm.test_v05_c167_live_warm_reference.V05C167LiveWarmReferenceTests.test_gate_checks_actual_initial_state_and_unchanged_warm_state) ... ok
test_gate_preserves_known_semantic_errors_in_both_conditions (tests_lm.test_v05_c167_live_warm_reference.V05C167LiveWarmReferenceTests.test_gate_preserves_known_semantic_errors_in_both_conditions) ... ok
test_gate_rejects_extra_or_missing_condition (tests_lm.test_v05_c167_live_warm_reference.V05C167LiveWarmReferenceTests.test_gate_rejects_extra_or_missing_condition) ... ok
test_gate_rejects_guard_mutation_and_source_failure (tests_lm.test_v05_c167_live_warm_reference.V05C167LiveWarmReferenceTests.test_gate_rejects_guard_mutation_and_source_failure) ... ok
test_gate_rejects_nonpositive_nonfinite_and_boolean_margin (tests_lm.test_v05_c167_live_warm_reference.V05C167LiveWarmReferenceTests.test_gate_rejects_nonpositive_nonfinite_and_boolean_margin) ... ok
test_gate_rejects_raw_action_and_router_imbalance (tests_lm.test_v05_c167_live_warm_reference.V05C167LiveWarmReferenceTests.test_gate_rejects_raw_action_and_router_imbalance) ... ok
test_gate_rejects_warm_acquisition_and_publication (tests_lm.test_v05_c167_live_warm_reference.V05C167LiveWarmReferenceTests.test_gate_rejects_warm_acquisition_and_publication) ... ok
test_gate_rejects_warm_extra_decision_or_budget_audit_failure (tests_lm.test_v05_c167_live_warm_reference.V05C167LiveWarmReferenceTests.test_gate_rejects_warm_extra_decision_or_budget_audit_failure) ... ok
test_gate_rejects_zero_one_distribution_and_pair_mismatch (tests_lm.test_v05_c167_live_warm_reference.V05C167LiveWarmReferenceTests.test_gate_rejects_zero_one_distribution_and_pair_mismatch) ... ok
test_gate_requires_paid_warm_read_and_independent_meter (tests_lm.test_v05_c167_live_warm_reference.V05C167LiveWarmReferenceTests.test_gate_requires_paid_warm_read_and_independent_meter) ... ok
test_native_control_still_rejects_on_warm_result (tests_lm.test_v05_c167_live_warm_reference.V05C167LiveWarmReferenceTests.test_native_control_still_rejects_on_warm_result) ... ok
test_pair_check_requires_distinct_requests_and_matching_identity (tests_lm.test_v05_c167_live_warm_reference.V05C167LiveWarmReferenceTests.test_pair_check_requires_distinct_requests_and_matching_identity) ... ok
test_parent_rejects_wrong_identity_before_use (tests_lm.test_v05_c167_live_warm_reference.V05C167LiveWarmReferenceTests.test_parent_rejects_wrong_identity_before_use) ... ok
test_same_bit_wrong_record_is_still_semantically_wrong (tests_lm.test_v05_c167_live_warm_reference.V05C167LiveWarmReferenceTests.test_same_bit_wrong_record_is_still_semantically_wrong) ... ok
test_state_digest_is_deterministic_and_membership_sensitive (tests_lm.test_v05_c167_live_warm_reference.V05C167LiveWarmReferenceTests.test_state_digest_is_deterministic_and_membership_sensitive) ... ok
test_warm_audit_detects_reacquisition_or_state_change (tests_lm.test_v05_c167_live_warm_reference.V05C167LiveWarmReferenceTests.test_warm_audit_detects_reacquisition_or_state_change) ... ok
test_warm_keeps_acquisition_budget_and_pays_internal_step (tests_lm.test_v05_c167_live_warm_reference.V05C167LiveWarmReferenceTests.test_warm_keeps_acquisition_budget_and_pays_internal_step) ... ok
test_warm_reads_once_without_fetch_admission_or_publication (tests_lm.test_v05_c167_live_warm_reference.V05C167LiveWarmReferenceTests.test_warm_reads_once_without_fetch_admission_or_publication) ... ok
test_warm_state_not_built_from_cold_final_state (tests_lm.test_v05_c167_live_warm_reference.V05C167LiveWarmReferenceTests.test_warm_state_not_built_from_cold_final_state) ... ok
test_warm_wrapper_changes_only_state_and_preserves_order (tests_lm.test_v05_c167_live_warm_reference.V05C167LiveWarmReferenceTests.test_warm_wrapper_changes_only_state_and_preserves_order) ... ok
test_warm_zero_and_one_answer_after_one_real_cycle_decision (tests_lm.test_v05_c167_live_warm_reference.V05C167LiveWarmReferenceTests.test_warm_zero_and_one_answer_after_one_real_cycle_decision) ... ok
test_wrapper_interface_has_no_payload_target_or_action (tests_lm.test_v05_c167_live_warm_reference.V05C167LiveWarmReferenceTests.test_wrapper_interface_has_no_payload_target_or_action) ... ok
test_wrapper_records_actual_initial_digest_and_count (tests_lm.test_v05_c167_live_warm_reference.V05C167LiveWarmReferenceTests.test_wrapper_records_actual_initial_digest_and_count) ... ok
test_wrapper_rejects_base_state_or_clock_drift (tests_lm.test_v05_c167_live_warm_reference.V05C167LiveWarmReferenceTests.test_wrapper_rejects_base_state_or_clock_drift) ... ok
test_wrapper_rejects_missing_source_reference (tests_lm.test_v05_c167_live_warm_reference.V05C167LiveWarmReferenceTests.test_wrapper_rejects_missing_source_reference) ... ok
test_wrapper_rejects_nonboolean_presence (tests_lm.test_v05_c167_live_warm_reference.V05C167LiveWarmReferenceTests.test_wrapper_rejects_nonboolean_presence) ... ok
test_wrong_controller_stop_is_not_overridden (tests_lm.test_v05_c167_live_warm_reference.V05C167LiveWarmReferenceTests.test_wrong_controller_stop_is_not_overridden) ... ok
test_actual_availability_context_is_distinct (tests_lm.test_v05_c168_necessity_observability.C168SourceIntegrationTests.test_actual_availability_context_is_distinct) ... ok
test_actual_capture_clears_stale_zero_and_one (tests_lm.test_v05_c168_necessity_observability.C168SourceIntegrationTests.test_actual_capture_clears_stale_zero_and_one) ... ok
test_actual_capture_preserves_external_clock_and_pays_one_internal_step (tests_lm.test_v05_c168_necessity_observability.C168SourceIntegrationTests.test_actual_capture_preserves_external_clock_and_pays_one_internal_step) ... ok
test_actual_capture_stops_before_forward_and_retrieval (tests_lm.test_v05_c168_necessity_observability.C168SourceIntegrationTests.test_actual_capture_stops_before_forward_and_retrieval) ... ok
test_bit_rejects_bool_none_and_float (tests_lm.test_v05_c168_necessity_observability.C168UnitTests.test_bit_rejects_bool_none_and_float) ... ok
test_capture_interface_excludes_task_and_evaluator (tests_lm.test_v05_c168_necessity_observability.C168UnitTests.test_capture_interface_excludes_task_and_evaluator) ... ok
test_changed_parent_hash_is_rejected_before_read (tests_lm.test_v05_c168_necessity_observability.C168UnitTests.test_changed_parent_hash_is_rejected_before_read) ... ok
test_class_lower_bound_uses_minority_not_pair_count (tests_lm.test_v05_c168_necessity_observability.C168UnitTests.test_class_lower_bound_uses_minority_not_pair_count) ... ok
test_collision_is_retained_as_finite_result (tests_lm.test_v05_c168_necessity_observability.C168UnitTests.test_collision_is_retained_as_finite_result) ... ok
test_fixed_output_is_not_an_observed_b (tests_lm.test_v05_c168_necessity_observability.C168UnitTests.test_fixed_output_is_not_an_observed_b) ... ok
test_labels_and_ids_do_not_enter_input_equivalence (tests_lm.test_v05_c168_necessity_observability.C168UnitTests.test_labels_and_ids_do_not_enter_input_equivalence) ... ok
test_malformed_labels_and_duplicate_ids_are_rejected (tests_lm.test_v05_c168_necessity_observability.C168UnitTests.test_malformed_labels_and_duplicate_ids_are_rejected) ... ok
test_manifest_does_not_contain_hidden_values_or_labels (tests_lm.test_v05_c168_necessity_observability.C168UnitTests.test_manifest_does_not_contain_hidden_values_or_labels) ... ok
test_manifest_has_eight_challenges_four_controls (tests_lm.test_v05_c168_necessity_observability.C168UnitTests.test_manifest_has_eight_challenges_four_controls) ... ok
test_manifest_is_deterministic_and_independent (tests_lm.test_v05_c168_necessity_observability.C168UnitTests.test_manifest_is_deterministic_and_independent) ... ok
test_nan_is_not_silently_serialized (tests_lm.test_v05_c168_necessity_observability.C168UnitTests.test_nan_is_not_silently_serialized) ... ok
test_necessity_changes_with_operator (tests_lm.test_v05_c168_necessity_observability.C168UnitTests.test_necessity_changes_with_operator) ... ok
test_reordering_rows_does_not_change_analysis (tests_lm.test_v05_c168_necessity_observability.C168UnitTests.test_reordering_rows_does_not_change_analysis) ... ok
test_runtime_availability_is_part_of_equivalence (tests_lm.test_v05_c168_necessity_observability.C168UnitTests.test_runtime_availability_is_part_of_equivalence) ... ok
test_separable_inputs_have_zero_lower_bound (tests_lm.test_v05_c168_necessity_observability.C168UnitTests.test_separable_inputs_have_zero_lower_bound) ... ok
test_stale_bit_is_fully_crossed_not_a_proxy_for_known_a (tests_lm.test_v05_c168_necessity_observability.C168UnitTests.test_stale_bit_is_fully_crossed_not_a_proxy_for_known_a) ... ok
test_truth_table_and (tests_lm.test_v05_c168_necessity_observability.C168UnitTests.test_truth_table_and) ... ok
test_truth_table_or (tests_lm.test_v05_c168_necessity_observability.C168UnitTests.test_truth_table_or) ... ok
test_unregistered_operator_is_rejected (tests_lm.test_v05_c168_necessity_observability.C168UnitTests.test_unregistered_operator_is_rejected) ... ok
test_actual_context_and_runtime_authority_are_separate (tests_lm.test_v05_c169_interface_batch.C169IntegrationTests.test_actual_context_and_runtime_authority_are_separate) ... ok
test_actual_cycle_all_six_scripted_action_dispatches (tests_lm.test_v05_c169_interface_batch.C169IntegrationTests.test_actual_cycle_all_six_scripted_action_dispatches) ... ok
test_actual_emitter_observed_bit_and_mismatch_controls (tests_lm.test_v05_c169_interface_batch.C169IntegrationTests.test_actual_emitter_observed_bit_and_mismatch_controls) ... ok
test_actual_feature_prefix_ignores_tail (tests_lm.test_v05_c169_interface_batch.C169IntegrationTests.test_actual_feature_prefix_ignores_tail) ... ok
test_actual_feature_prefix_mean_loses_slot_order (tests_lm.test_v05_c169_interface_batch.C169IntegrationTests.test_actual_feature_prefix_mean_loses_slot_order) ... ok
test_actual_feature_prefix_reads_control_channels (tests_lm.test_v05_c169_interface_batch.C169IntegrationTests.test_actual_feature_prefix_reads_control_channels) ... ok
test_actual_reobservation_preserves_dependency_and_clears_stale (tests_lm.test_v05_c169_interface_batch.C169IntegrationTests.test_actual_reobservation_preserves_dependency_and_clears_stale) ... ok
test_actual_reobservation_probes_keep_reasons_but_collapse_missing_features (tests_lm.test_v05_c169_interface_batch.C169IntegrationTests.test_actual_reobservation_probes_keep_reasons_but_collapse_missing_features) ... ok
test_aggregation_preserves_section_data (tests_lm.test_v05_c169_interface_batch.C169UnitTests.test_aggregation_preserves_section_data) ... ok
test_all_boundary_sections_are_ready_only_without_gaps (tests_lm.test_v05_c169_interface_batch.C169UnitTests.test_all_boundary_sections_are_ready_only_without_gaps) ... ok
test_finite_violation_is_distinct_from_gap (tests_lm.test_v05_c169_interface_batch.C169UnitTests.test_finite_violation_is_distinct_from_gap) ... ok
test_incomplete_reordered_or_duplicate_sections_are_invalid (tests_lm.test_v05_c169_interface_batch.C169UnitTests.test_incomplete_reordered_or_duplicate_sections_are_invalid) ... ok
test_manifest_fixes_zero_learned_work (tests_lm.test_v05_c169_interface_batch.C169UnitTests.test_manifest_fixes_zero_learned_work) ... ok
test_manifest_has_exact_six_sections (tests_lm.test_v05_c169_interface_batch.C169UnitTests.test_manifest_has_exact_six_sections) ... ok
test_manifest_is_canonical_and_contains_no_hidden_answers (tests_lm.test_v05_c169_interface_batch.C169UnitTests.test_manifest_is_canonical_and_contains_no_hidden_answers) ... ok
test_manifest_returns_independent_objects (tests_lm.test_v05_c169_interface_batch.C169UnitTests.test_manifest_returns_independent_objects) ... ok
test_nonfinite_data_is_not_serialized (tests_lm.test_v05_c169_interface_batch.C169UnitTests.test_nonfinite_data_is_not_serialized) ... ok
test_parent_accepts_registered_negative_metadata (tests_lm.test_v05_c169_interface_batch.C169UnitTests.test_parent_accepts_registered_negative_metadata) ... ok
test_parent_hash_checked_before_json (tests_lm.test_v05_c169_interface_batch.C169UnitTests.test_parent_hash_checked_before_json) ... ok
test_parent_rejects_pass_wrong_scope_and_console_extract (tests_lm.test_v05_c169_interface_batch.C169UnitTests.test_parent_rejects_pass_wrong_scope_and_console_extract) ... ok
test_registered_counts_do_not_call_scripted_policy_learned (tests_lm.test_v05_c169_interface_batch.C169UnitTests.test_registered_counts_do_not_call_scripted_policy_learned) ... ok
test_regression_appends_only_current_module (tests_lm.test_v05_c169_interface_batch.C169UnitTests.test_regression_appends_only_current_module) ... ok
test_section_reports_finite_failure_before_boundary_label (tests_lm.test_v05_c169_interface_batch.C169UnitTests.test_section_reports_finite_failure_before_boundary_label) ... ok
test_single_gap_is_not_averaged_away (tests_lm.test_v05_c169_interface_batch.C169UnitTests.test_single_gap_is_not_averaged_away) ... ok
test_01_roundtrip (tests_lm.test_v05_c170_structured_task_input.StructuredInputTests.test_01_roundtrip) ... ok
test_02_zero_not_unknown (tests_lm.test_v05_c170_structured_task_input.StructuredInputTests.test_02_zero_not_unknown) ... ok
test_03_tree_roles_are_not_pooled (tests_lm.test_v05_c170_structured_task_input.StructuredInputTests.test_03_tree_roles_are_not_pooled) ... ok
test_04_leaf_negation_survives (tests_lm.test_v05_c170_structured_task_input.StructuredInputTests.test_04_leaf_negation_survives) ... ok
test_05_repeated_fact_occurrences_preserved (tests_lm.test_v05_c170_structured_task_input.StructuredInputTests.test_05_repeated_fact_occurrences_preserved) ... ok
test_06_disconnected_nodes_rejected (tests_lm.test_v05_c170_structured_task_input.StructuredInputTests.test_06_disconnected_nodes_rejected) ... ok
test_07_unknown_fact_and_forward_children_rejected (tests_lm.test_v05_c170_structured_task_input.StructuredInputTests.test_07_unknown_fact_and_forward_children_rejected) ... ok
test_08_observed_bit_is_not_boolean_or_float (tests_lm.test_v05_c170_structured_task_input.StructuredInputTests.test_08_observed_bit_is_not_boolean_or_float) ... ok
test_09_unusable_payloads_rejected (tests_lm.test_v05_c170_structured_task_input.StructuredInputTests.test_09_unusable_payloads_rejected) ... ok
test_10_unobserved_support_rejected (tests_lm.test_v05_c170_structured_task_input.StructuredInputTests.test_10_unobserved_support_rejected) ... ok
test_11_conflict_retains_two_distinct_identities (tests_lm.test_v05_c170_structured_task_input.StructuredInputTests.test_11_conflict_retains_two_distinct_identities) ... ok
test_12_duplicate_fact_ids_rejected (tests_lm.test_v05_c170_structured_task_input.StructuredInputTests.test_12_duplicate_fact_ids_rejected) ... ok
test_13_mutable_containers_rejected (tests_lm.test_v05_c170_structured_task_input.StructuredInputTests.test_13_mutable_containers_rejected) ... ok
test_14_bounds_fail_closed (tests_lm.test_v05_c170_structured_task_input.StructuredInputTests.test_14_bounds_fail_closed) ... ok
test_15_resource_flags_are_explicit_booleans (tests_lm.test_v05_c170_structured_task_input.StructuredInputTests.test_15_resource_flags_are_explicit_booleans) ... ok
test_16_no_oracle_arguments (tests_lm.test_v05_c170_structured_task_input.StructuredInputTests.test_16_no_oracle_arguments) ... ok
test_17_unknown_payload_placeholder_rejected (tests_lm.test_v05_c170_structured_task_input.StructuredInputTests.test_17_unknown_payload_placeholder_rejected) ... ok
test_18_nonzero_padding_rejected (tests_lm.test_v05_c170_structured_task_input.StructuredInputTests.test_18_nonzero_padding_rejected) ... ok
test_19_boolean_feature_rejected (tests_lm.test_v05_c170_structured_task_input.StructuredInputTests.test_19_boolean_feature_rejected) ... ok
test_20_status_codes_checked (tests_lm.test_v05_c170_structured_task_input.StructuredInputTests.test_20_status_codes_checked) ... ok
test_21_schema_mismatch_rejected (tests_lm.test_v05_c170_structured_task_input.StructuredInputTests.test_21_schema_mismatch_rejected) ... ok
test_22_binding_count_checked (tests_lm.test_v05_c170_structured_task_input.StructuredInputTests.test_22_binding_count_checked) ... ok
test_23_integer_range_exact_for_float32 (tests_lm.test_v05_c170_structured_task_input.StructuredInputTests.test_23_integer_range_exact_for_float32) ... ok
test_24_actual_consumer_receives_complete_vector (tests_lm.test_v05_c170_structured_task_input.StructuredInputTests.test_24_actual_consumer_receives_complete_vector) ... ok
test_25_legacy_consumer_not_silently_adapted (tests_lm.test_v05_c170_structured_task_input.StructuredInputTests.test_25_legacy_consumer_not_silently_adapted) ... ok
test_26_packet_and_view_immutable (tests_lm.test_v05_c170_structured_task_input.StructuredInputTests.test_26_packet_and_view_immutable) ... ok
test_27_bindings_are_separate_from_numeric_task (tests_lm.test_v05_c170_structured_task_input.StructuredInputTests.test_27_bindings_are_separate_from_numeric_task) ... ok
test_28_all_runtime_outcomes_roundtrip (tests_lm.test_v05_c170_structured_task_input.StructuredInputTests.test_28_all_runtime_outcomes_roundtrip) ... ok
test_29_scope_binding_rejected (tests_lm.test_v05_c170_structured_task_input.StructuredInputTests.test_29_scope_binding_rejected) ... ok
test_30_plan_is_deterministic_and_label_free (tests_lm.test_v05_c170_structured_task_input.StructuredInputTests.test_30_plan_is_deterministic_and_label_free) ... ok
test_31_template_assignment_counts (tests_lm.test_v05_c170_structured_task_input.StructuredInputTests.test_31_template_assignment_counts) ... ok
test_32_operator_and_known_fact_reach_numeric_input (tests_lm.test_v05_c170_structured_task_input.StructuredInputTests.test_32_operator_and_known_fact_reach_numeric_input) ... ok
test_33_resource_grid_complete (tests_lm.test_v05_c170_structured_task_input.StructuredInputTests.test_33_resource_grid_complete) ... ok
test_34_status_grid_complete_and_safe (tests_lm.test_v05_c170_structured_task_input.StructuredInputTests.test_34_status_grid_complete_and_safe) ... ok
test_35_all_registered_malformed_controls (tests_lm.test_v05_c170_structured_task_input.StructuredInputTests.test_35_all_registered_malformed_controls) ... ok
test_36_gate_rejects_collisions_coverage_and_missing_guards (tests_lm.test_v05_c170_structured_task_input.StructuredInputTests.test_36_gate_rejects_collisions_coverage_and_missing_guards) ... ok
test_01_observed_zero_leaf (tests_lm.test_v05_c171_derived_result.DerivedResultTests.test_01_observed_zero_leaf) ... ok
test_02_observed_one_leaf (tests_lm.test_v05_c171_derived_result.DerivedResultTests.test_02_observed_one_leaf) ... ok
test_03_leaf_negation (tests_lm.test_v05_c171_derived_result.DerivedResultTests.test_03_leaf_negation) ... ok
test_04_and_both (tests_lm.test_v05_c171_derived_result.DerivedResultTests.test_04_and_both) ... ok
test_05_or_both (tests_lm.test_v05_c171_derived_result.DerivedResultTests.test_05_or_both) ... ok
test_06_and_left_short (tests_lm.test_v05_c171_derived_result.DerivedResultTests.test_06_and_left_short) ... ok
test_07_and_right_short (tests_lm.test_v05_c171_derived_result.DerivedResultTests.test_07_and_right_short) ... ok
test_08_or_left_short (tests_lm.test_v05_c171_derived_result.DerivedResultTests.test_08_or_left_short) ... ok
test_09_or_right_short (tests_lm.test_v05_c171_derived_result.DerivedResultTests.test_09_or_right_short) ... ok
test_10_unknown_is_not_observation (tests_lm.test_v05_c171_derived_result.DerivedResultTests.test_10_unknown_is_not_observation) ... ok
test_11_nested_proof (tests_lm.test_v05_c171_derived_result.DerivedResultTests.test_11_nested_proof) ... ok
test_12_repeated_fact_uses_one_support (tests_lm.test_v05_c171_derived_result.DerivedResultTests.test_12_repeated_fact_uses_one_support) ... ok
test_13_malformed_grid (tests_lm.test_v05_c171_derived_result.DerivedResultTests.test_13_malformed_grid) ... ok
test_14_unusable_support_statuses (tests_lm.test_v05_c171_derived_result.DerivedResultTests.test_14_unusable_support_statuses) ... ok
test_15_changed_current_views_reject (tests_lm.test_v05_c171_derived_result.DerivedResultTests.test_15_changed_current_views_reject) ... ok
test_16_resources_are_not_evidence (tests_lm.test_v05_c171_derived_result.DerivedResultTests.test_16_resources_are_not_evidence) ... ok
test_17_verification_capacity (tests_lm.test_v05_c171_derived_result.DerivedResultTests.test_17_verification_capacity) ... ok
test_18_noncanonical_node_order (tests_lm.test_v05_c171_derived_result.DerivedResultTests.test_18_noncanonical_node_order) ... ok
test_19_wrong_branch_premise (tests_lm.test_v05_c171_derived_result.DerivedResultTests.test_19_wrong_branch_premise) ... ok
test_20_leaf_value_disagreement (tests_lm.test_v05_c171_derived_result.DerivedResultTests.test_20_leaf_value_disagreement) ... ok
test_21_unused_proof_step (tests_lm.test_v05_c171_derived_result.DerivedResultTests.test_21_unused_proof_step) ... ok
test_22_unused_support (tests_lm.test_v05_c171_derived_result.DerivedResultTests.test_22_unused_support) ... ok
test_23_noncanonical_support_order (tests_lm.test_v05_c171_derived_result.DerivedResultTests.test_23_noncanonical_support_order) ... ok
test_24_invalid_capacity_is_configuration_error (tests_lm.test_v05_c171_derived_result.DerivedResultTests.test_24_invalid_capacity_is_configuration_error) ... ok
test_25_invalid_current_view_is_not_a_candidate_error (tests_lm.test_v05_c171_derived_result.DerivedResultTests.test_25_invalid_current_view_is_not_a_candidate_error) ... ok
test_26_unobserved_leaf_no_proof (tests_lm.test_v05_c171_derived_result.DerivedResultTests.test_26_unobserved_leaf_no_proof) ... ok
test_27_local_proofs_are_not_complete_boolean_solver (tests_lm.test_v05_c171_derived_result.DerivedResultTests.test_27_local_proofs_are_not_complete_boolean_solver) ... ok
test_28_arbitrary_candidate_mapping_rejected (tests_lm.test_v05_c171_derived_result.DerivedResultTests.test_28_arbitrary_candidate_mapping_rejected) ... ok
test_29_immutable_objects (tests_lm.test_v05_c171_derived_result.DerivedResultTests.test_29_immutable_objects) ... ok
test_30_serialization_preserves_zero_none (tests_lm.test_v05_c171_derived_result.DerivedResultTests.test_30_serialization_preserves_zero_none) ... ok
test_31_template_assignment_scope (tests_lm.test_v05_c171_derived_result.DerivedResultTests.test_31_template_assignment_scope) ... ok
test_32_manifest_hash_and_count (tests_lm.test_v05_c171_derived_result.DerivedResultTests.test_32_manifest_hash_and_count) ... ok
test_33_gate_does_not_mask_failures (tests_lm.test_v05_c171_derived_result.DerivedResultTests.test_33_gate_does_not_mask_failures) ... ok
test_34_no_oracle_argument (tests_lm.test_v05_c171_derived_result.DerivedResultTests.test_34_no_oracle_argument) ... ok
test_35_reversed_ast_child_order_supported (tests_lm.test_v05_c171_derived_result.DerivedResultTests.test_35_reversed_ast_child_order_supported) ... ok
test_36_root_rule_cannot_prove_from_noncontrolling_value (tests_lm.test_v05_c171_derived_result.DerivedResultTests.test_36_root_rule_cannot_prove_from_noncontrolling_value) ... ok
test_01_names_are_not_legacy_indices (tests_lm.test_v05_c172_action_runtime.ActionRuntimeTests.test_01_names_are_not_legacy_indices) ... ok
test_02_stage_is_unverified_without_solver (tests_lm.test_v05_c172_action_runtime.ActionRuntimeTests.test_02_stage_is_unverified_without_solver) ... ok
test_03_answer_accepts_valid_zero_and_one (tests_lm.test_v05_c172_action_runtime.ActionRuntimeTests.test_03_answer_accepts_valid_zero_and_one) ... ok
test_04_answer_rejects_wrong_conclusion (tests_lm.test_v05_c172_action_runtime.ActionRuntimeTests.test_04_answer_rejects_wrong_conclusion) ... ok
test_05_unprepared_answer_is_not_fabricated (tests_lm.test_v05_c172_action_runtime.ActionRuntimeTests.test_05_unprepared_answer_is_not_fabricated) ... ok
test_06_stop_at_zero_internal (tests_lm.test_v05_c172_action_runtime.ActionRuntimeTests.test_06_stop_at_zero_internal) ... ok
test_07_all_external_actions_reserve_not_observe (tests_lm.test_v05_c172_action_runtime.ActionRuntimeTests.test_07_all_external_actions_reserve_not_observe) ... ok
test_08_permission_denial_before_availability (tests_lm.test_v05_c172_action_runtime.ActionRuntimeTests.test_08_permission_denial_before_availability) ... ok
test_09_unavailable_provider (tests_lm.test_v05_c172_action_runtime.ActionRuntimeTests.test_09_unavailable_provider) ... ok
test_10_acquisition_budget_zero (tests_lm.test_v05_c172_action_runtime.ActionRuntimeTests.test_10_acquisition_budget_zero) ... ok
test_11_internal_budget_zero (tests_lm.test_v05_c172_action_runtime.ActionRuntimeTests.test_11_internal_budget_zero) ... ok
test_12_known_fact_is_not_reacquired (tests_lm.test_v05_c172_action_runtime.ActionRuntimeTests.test_12_known_fact_is_not_reacquired) ... ok
test_13_exact_proposal_replay_is_stale (tests_lm.test_v05_c172_action_runtime.ActionRuntimeTests.test_13_exact_proposal_replay_is_stale) ... ok
test_14_pending_blocks_fresh_duplicate (tests_lm.test_v05_c172_action_runtime.ActionRuntimeTests.test_14_pending_blocks_fresh_duplicate) ... ok
test_15_pending_blocks_cross_tool (tests_lm.test_v05_c172_action_runtime.ActionRuntimeTests.test_15_pending_blocks_cross_tool) ... ok
test_16_pending_blocks_compute (tests_lm.test_v05_c172_action_runtime.ActionRuntimeTests.test_16_pending_blocks_compute) ... ok
test_17_stop_cancels_without_refund (tests_lm.test_v05_c172_action_runtime.ActionRuntimeTests.test_17_stop_cancels_without_refund) ... ok
test_18_closed_cannot_restart (tests_lm.test_v05_c172_action_runtime.ActionRuntimeTests.test_18_closed_cannot_restart) ... ok
test_19_state_binding_covers_resources (tests_lm.test_v05_c172_action_runtime.ActionRuntimeTests.test_19_state_binding_covers_resources) ... ok
test_20_state_binding_covers_evidence (tests_lm.test_v05_c172_action_runtime.ActionRuntimeTests.test_20_state_binding_covers_evidence) ... ok
test_21_state_binding_covers_expression (tests_lm.test_v05_c172_action_runtime.ActionRuntimeTests.test_21_state_binding_covers_expression) ... ok
test_22_scope_binding (tests_lm.test_v05_c172_action_runtime.ActionRuntimeTests.test_22_scope_binding) ... ok
test_23_numeric_target_type (tests_lm.test_v05_c172_action_runtime.ActionRuntimeTests.test_23_numeric_target_type) ... ok
test_24_malformed_proposals_no_state_change (tests_lm.test_v05_c172_action_runtime.ActionRuntimeTests.test_24_malformed_proposals_no_state_change) ... ok
test_25_immutable_candidate_container (tests_lm.test_v05_c172_action_runtime.ActionRuntimeTests.test_25_immutable_candidate_container) ... ok
test_26_noncanonical_current_view_is_configuration_error (tests_lm.test_v05_c172_action_runtime.ActionRuntimeTests.test_26_noncanonical_current_view_is_configuration_error) ... ok
test_27_verification_capacity_no_hidden_debit (tests_lm.test_v05_c172_action_runtime.ActionRuntimeTests.test_27_verification_capacity_no_hidden_debit) ... ok
test_28_exact_remaining_verification_budget (tests_lm.test_v05_c172_action_runtime.ActionRuntimeTests.test_28_exact_remaining_verification_budget) ... ok
test_29_explicit_capacity_remains_binding (tests_lm.test_v05_c172_action_runtime.ActionRuntimeTests.test_29_explicit_capacity_remains_binding) ... ok
test_30_verifier_configuration_types (tests_lm.test_v05_c172_action_runtime.ActionRuntimeTests.test_30_verifier_configuration_types) ... ok
test_31_version_bound (tests_lm.test_v05_c172_action_runtime.ActionRuntimeTests.test_31_version_bound) ... ok
test_32_internal_step_bound (tests_lm.test_v05_c172_action_runtime.ActionRuntimeTests.test_32_internal_step_bound) ... ok
test_33_readonly_inputs_and_bindings (tests_lm.test_v05_c172_action_runtime.ActionRuntimeTests.test_33_readonly_inputs_and_bindings) ... ok
test_34_output_json_zero_and_none (tests_lm.test_v05_c172_action_runtime.ActionRuntimeTests.test_34_output_json_zero_and_none) ... ok
test_35_manifest_counts_and_hash (tests_lm.test_v05_c172_action_runtime.ActionRuntimeTests.test_35_manifest_counts_and_hash) ... ok
test_36_gate_rejects_finite_failures (tests_lm.test_v05_c172_action_runtime.ActionRuntimeTests.test_36_gate_rejects_finite_failures) ... ok
test_37_no_oracle_or_provider_parameter (tests_lm.test_v05_c172_action_runtime.ActionRuntimeTests.test_37_no_oracle_or_provider_parameter) ... ok
test_38_stale_fixture_coverage (tests_lm.test_v05_c172_action_runtime.ActionRuntimeTests.test_38_stale_fixture_coverage) ... ok
test_39_unusable_fact_reservation_is_not_observation (tests_lm.test_v05_c172_action_runtime.ActionRuntimeTests.test_39_unusable_fact_reservation_is_not_observation) ... ok
test_40_staged_evidence_is_rechecked_at_answer (tests_lm.test_v05_c172_action_runtime.ActionRuntimeTests.test_40_staged_evidence_is_rechecked_at_answer) ... ok
test_01_zero_is_published (tests_lm.test_v05_c173_acquisition_lifecycle.C173Tests.test_01_zero_is_published) ... ok
test_02_one_is_published (tests_lm.test_v05_c173_acquisition_lifecycle.C173Tests.test_02_one_is_published) ... ok
test_03_all_named_tools_use_only_registered_callback (tests_lm.test_v05_c173_acquisition_lifecycle.C173Tests.test_03_all_named_tools_use_only_registered_callback) ... ok
test_04_epoch_and_other_facts_preserved (tests_lm.test_v05_c173_acquisition_lifecycle.C173Tests.test_04_epoch_and_other_facts_preserved) ... ok
test_05_reservation_not_charged_twice (tests_lm.test_v05_c173_acquisition_lifecycle.C173Tests.test_05_reservation_not_charged_twice) ... ok
test_06_duplicate_dispatch_does_not_read_again (tests_lm.test_v05_c173_acquisition_lifecycle.C173Tests.test_06_duplicate_dispatch_does_not_read_again) ... ok
test_07_permission_revocation_prevents_read (tests_lm.test_v05_c173_acquisition_lifecycle.C173Tests.test_07_permission_revocation_prevents_read) ... ok
test_08_availability_revocation_prevents_read (tests_lm.test_v05_c173_acquisition_lifecycle.C173Tests.test_08_availability_revocation_prevents_read) ... ok
test_09_zero_and_one_internal_budget_prevent_side_effect (tests_lm.test_v05_c173_acquisition_lifecycle.C173Tests.test_09_zero_and_one_internal_budget_prevent_side_effect) ... ok
test_10_stale_expression_clears_intent_without_io (tests_lm.test_v05_c173_acquisition_lifecycle.C173Tests.test_10_stale_expression_clears_intent_without_io) ... ok
test_11_stale_fact_is_detected (tests_lm.test_v05_c173_acquisition_lifecycle.C173Tests.test_11_stale_fact_is_detected) ... ok
test_12_wrong_intent_does_not_cancel_real_one (tests_lm.test_v05_c173_acquisition_lifecycle.C173Tests.test_12_wrong_intent_does_not_cancel_real_one) ... ok
test_13_stop_blocks_dispatch_without_refund (tests_lm.test_v05_c173_acquisition_lifecycle.C173Tests.test_13_stop_blocks_dispatch_without_refund) ... ok
test_14_missing_delivery_has_no_payload (tests_lm.test_v05_c173_acquisition_lifecycle.C173Tests.test_14_missing_delivery_has_no_payload) ... ok
test_15_delivery_bindings_reject_changed_fields (tests_lm.test_v05_c173_acquisition_lifecycle.C173Tests.test_15_delivery_bindings_reject_changed_fields) ... ok
test_16_payload_types_and_reference_reject (tests_lm.test_v05_c173_acquisition_lifecycle.C173Tests.test_16_payload_types_and_reference_reject) ... ok
test_17_valid_bit_flip_is_checked_against_source_witness (tests_lm.test_v05_c173_acquisition_lifecycle.C173Tests.test_17_valid_bit_flip_is_checked_against_source_witness) ... ok
test_18_false_missing_cannot_override_real_record (tests_lm.test_v05_c173_acquisition_lifecycle.C173Tests.test_18_false_missing_cannot_override_real_record) ... ok
test_19_provider_failure_closes_attempt_without_refund (tests_lm.test_v05_c173_acquisition_lifecycle.C173Tests.test_19_provider_failure_closes_attempt_without_refund) ... ok
test_20_unexpected_exception_consumes_attempt_then_propagates (tests_lm.test_v05_c173_acquisition_lifecycle.C173Tests.test_20_unexpected_exception_consumes_attempt_then_propagates) ... ok
test_21_source_hash_mismatch_rejected (tests_lm.test_v05_c173_acquisition_lifecycle.C173Tests.test_21_source_hash_mismatch_rejected) ... ok
test_22_malformed_sources_rejected (tests_lm.test_v05_c173_acquisition_lifecycle.C173Tests.test_22_malformed_sources_rejected) ... ok
test_23_oversized_read_is_bounded (tests_lm.test_v05_c173_acquisition_lifecycle.C173Tests.test_23_oversized_read_is_bounded) ... ok
test_24_missing_record_is_not_zero_or_nonexistence (tests_lm.test_v05_c173_acquisition_lifecycle.C173Tests.test_24_missing_record_is_not_zero_or_nonexistence) ... ok
test_25_source_witness_not_exposed_in_receipts_or_policy (tests_lm.test_v05_c173_acquisition_lifecycle.C173Tests.test_25_source_witness_not_exposed_in_receipts_or_policy) ... ok
test_26_admission_invalidates_staged_candidate (tests_lm.test_v05_c173_acquisition_lifecycle.C173Tests.test_26_admission_invalidates_staged_candidate) ... ok
test_27_old_proof_rejects_after_fact_update (tests_lm.test_v05_c173_acquisition_lifecycle.C173Tests.test_27_old_proof_rejects_after_fact_update) ... ok
test_28_new_proof_uses_actual_admitted_fact (tests_lm.test_v05_c173_acquisition_lifecycle.C173Tests.test_28_new_proof_uses_actual_admitted_fact) ... ok
test_29_reentrant_dispatch_and_action_cannot_execute (tests_lm.test_v05_c173_acquisition_lifecycle.C173Tests.test_29_reentrant_dispatch_and_action_cannot_execute) ... ok
test_30_replayed_delivery_cannot_populate_other_target (tests_lm.test_v05_c173_acquisition_lifecycle.C173Tests.test_30_replayed_delivery_cannot_populate_other_target) ... ok
test_31_dispatch_limit_is_hard (tests_lm.test_v05_c173_acquisition_lifecycle.C173Tests.test_31_dispatch_limit_is_hard) ... ok
test_32_refresh_cannot_refill_or_run_during_dispatch (tests_lm.test_v05_c173_acquisition_lifecycle.C173Tests.test_32_refresh_cannot_refill_or_run_during_dispatch) ... ok
test_33_missing_endpoint_and_epoch_fail_before_io (tests_lm.test_v05_c173_acquisition_lifecycle.C173Tests.test_33_missing_endpoint_and_epoch_fail_before_io) ... ok
test_34_strict_bindings_and_witness_shape (tests_lm.test_v05_c173_acquisition_lifecycle.C173Tests.test_34_strict_bindings_and_witness_shape) ... ok
test_35_manifest_and_group_totals_are_fixed (tests_lm.test_v05_c173_acquisition_lifecycle.C173Tests.test_35_manifest_and_group_totals_are_fixed) ... ok
test_36_gate_checks_every_deciding_count (tests_lm.test_v05_c173_acquisition_lifecycle.C173Tests.test_36_gate_checks_every_deciding_count) ... ok
test_01_exact_dependency_copy (tests_lm.test_v05_c174_learned_necessity.C174Tests.test_01_exact_dependency_copy) ... ok
test_02_registered_profile_and_data_hash (tests_lm.test_v05_c174_learned_necessity.C174Tests.test_02_registered_profile_and_data_hash) ... ok
test_03_structure_count_and_unique_syntax (tests_lm.test_v05_c174_learned_necessity.C174Tests.test_03_structure_count_and_unique_syntax) ... ok
test_04_all_shapes_are_valid_read_once (tests_lm.test_v05_c174_learned_necessity.C174Tests.test_04_all_shapes_are_valid_read_once) ... ok
test_05_hand_checked_necessity_cases (tests_lm.test_v05_c174_learned_necessity.C174Tests.test_05_hand_checked_necessity_cases) ... ok
test_06_all_observed_always_sufficient (tests_lm.test_v05_c174_learned_necessity.C174Tests.test_06_all_observed_always_sufficient) ... ok
test_07_all_unknown_read_once_needs_observation (tests_lm.test_v05_c174_learned_necessity.C174Tests.test_07_all_unknown_read_once_needs_observation) ... ok
test_08_variable_permutations_share_semantic_group (tests_lm.test_v05_c174_learned_necessity.C174Tests.test_08_variable_permutations_share_semantic_group) ... ok
test_09_train_eval_have_no_semantic_group_overlap (tests_lm.test_v05_c174_learned_necessity.C174Tests.test_09_train_eval_have_no_semantic_group_overlap) ... ok
test_10_known_development_groups_never_eval (tests_lm.test_v05_c174_learned_necessity.C174Tests.test_10_known_development_groups_never_eval) ... ok
test_11_every_template_assignment_stays_in_one_split (tests_lm.test_v05_c174_learned_necessity.C174Tests.test_11_every_template_assignment_stays_in_one_split) ... ok
test_12_no_unknown_value_in_features (tests_lm.test_v05_c174_learned_necessity.C174Tests.test_12_no_unknown_value_in_features) ... ok
test_13_model_parameter_count_and_raw_shape (tests_lm.test_v05_c174_learned_necessity.C174Tests.test_13_model_parameter_count_and_raw_shape) ... ok
test_14_bad_model_shape_or_dtype_is_rejected (tests_lm.test_v05_c174_learned_necessity.C174Tests.test_14_bad_model_shape_or_dtype_is_rejected) ... ok
test_15_packet_schema_is_checked (tests_lm.test_v05_c174_learned_necessity.C174Tests.test_15_packet_schema_is_checked) ... ok
test_16_numeric_input_excludes_opaque_binding_names (tests_lm.test_v05_c174_learned_necessity.C174Tests.test_16_numeric_input_excludes_opaque_binding_names) ... ok
test_17_ablation_changes_only_node_fields_and_preserves_input (tests_lm.test_v05_c174_learned_necessity.C174Tests.test_17_ablation_changes_only_node_fields_and_preserves_input) ... ok
test_18_operator_changes_reach_full_but_not_ablated_input (tests_lm.test_v05_c174_learned_necessity.C174Tests.test_18_operator_changes_reach_full_but_not_ablated_input) ... ok
test_19_fixed_scales_and_modes (tests_lm.test_v05_c174_learned_necessity.C174Tests.test_19_fixed_scales_and_modes) ... ok
test_20_fit_signature_has_train_inputs_only (tests_lm.test_v05_c174_learned_necessity.C174Tests.test_20_fit_signature_has_train_inputs_only) ... ok
test_21_tiny_train_is_deterministic_and_initial_preserved (tests_lm.test_v05_c174_learned_necessity.C174Tests.test_21_tiny_train_is_deterministic_and_initial_preserved) ... ok
test_22_paired_sampling_ignores_input_values (tests_lm.test_v05_c174_learned_necessity.C174Tests.test_22_paired_sampling_ignores_input_values) ... ok
test_23_invalid_training_input_rejected (tests_lm.test_v05_c174_learned_necessity.C174Tests.test_23_invalid_training_input_rejected) ... ok
test_24_checkpoint_roundtrip_weights_only (tests_lm.test_v05_c174_learned_necessity.C174Tests.test_24_checkpoint_roundtrip_weights_only) ... ok
test_25_prediction_has_no_state_or_label_mutation (tests_lm.test_v05_c174_learned_necessity.C174Tests.test_25_prediction_has_no_state_or_label_mutation) ... ok
test_26_macro_metric_keeps_function_groups_separate (tests_lm.test_v05_c174_learned_necessity.C174Tests.test_26_macro_metric_keeps_function_groups_separate) ... ok
test_27_class_collapse_has_chance_balanced_accuracy (tests_lm.test_v05_c174_learned_necessity.C174Tests.test_27_class_collapse_has_chance_balanced_accuracy) ... ok
test_28_gate_requires_each_seed_and_paired_controls (tests_lm.test_v05_c174_learned_necessity.C174Tests.test_28_gate_requires_each_seed_and_paired_controls) ... ok
test_29_gate_rejects_ties_or_one_class_collapse (tests_lm.test_v05_c174_learned_necessity.C174Tests.test_29_gate_rejects_ties_or_one_class_collapse) ... ok
test_30_manifest_is_frozen (tests_lm.test_v05_c174_learned_necessity.C174Tests.test_30_manifest_is_frozen) ... ok
test_31_npz_is_non_pickle_and_roundtrips (tests_lm.test_v05_c174_learned_necessity.C174Tests.test_31_npz_is_non_pickle_and_roundtrips) ... ok
test_32_confusion_denominators_and_wrong_shapes (tests_lm.test_v05_c174_learned_necessity.C174Tests.test_32_confusion_denominators_and_wrong_shapes) ... ok
test_01_only_syntax_fields_excluded (tests_lm.test_v05_c175_frozen_prediction_audit.C175Tests.test_01_only_syntax_fields_excluded) ... ok
test_02_facts_and_resources_are_retained (tests_lm.test_v05_c175_frozen_prediction_audit.C175Tests.test_02_facts_and_resources_are_retained) ... ok
test_03_majority_and_tie_zero (tests_lm.test_v05_c175_frozen_prediction_audit.C175Tests.test_03_majority_and_tie_zero) ... ok
test_04_reference_interface_has_only_train_inputs (tests_lm.test_v05_c175_frozen_prediction_audit.C175Tests.test_04_reference_interface_has_only_train_inputs) ... ok
test_05_unseen_key_has_no_fallback (tests_lm.test_v05_c175_frozen_prediction_audit.C175Tests.test_05_unseen_key_has_no_fallback) ... ok
test_06_reference_preserves_inputs (tests_lm.test_v05_c175_frozen_prediction_audit.C175Tests.test_06_reference_preserves_inputs) ... ok
test_07_single_class_strata_have_null_ba (tests_lm.test_v05_c175_frozen_prediction_audit.C175Tests.test_07_single_class_strata_have_null_ba) ... ok
test_08_group_mean_not_row_weighted (tests_lm.test_v05_c175_frozen_prediction_audit.C175Tests.test_08_group_mean_not_row_weighted) ... ok
test_09_metric_replay_checks_confusion (tests_lm.test_v05_c175_frozen_prediction_audit.C175Tests.test_09_metric_replay_checks_confusion) ... ok
test_10_invalid_metric_input_rejected (tests_lm.test_v05_c175_frozen_prediction_audit.C175Tests.test_10_invalid_metric_input_rejected) ... ok
test_11_constant_blind_prediction_cannot_solve_both (tests_lm.test_v05_c175_frozen_prediction_audit.C175Tests.test_11_constant_blind_prediction_cannot_solve_both) ... ok
test_12_counterfactual_counts_preserve_correlations (tests_lm.test_v05_c175_frozen_prediction_audit.C175Tests.test_12_counterfactual_counts_preserve_correlations) ... ok
test_13_gate_requires_each_seed_and_strict_gain (tests_lm.test_v05_c175_frozen_prediction_audit.C175Tests.test_13_gate_requires_each_seed_and_strict_gain) ... ok
test_14_manifest_fixed_and_zero_model_work (tests_lm.test_v05_c175_frozen_prediction_audit.C175Tests.test_14_manifest_fixed_and_zero_model_work) ... ok
test_15_safe_relative_paths (tests_lm.test_v05_c175_frozen_prediction_audit.C175Tests.test_15_safe_relative_paths) ... ok
test_16_duplicate_nonfinite_json_rejected (tests_lm.test_v05_c175_frozen_prediction_audit.C175Tests.test_16_duplicate_nonfinite_json_rejected) ... ok
test_17_npz_never_unpickles (tests_lm.test_v05_c175_frozen_prediction_audit.C175Tests.test_17_npz_never_unpickles) ... ok
test_18_real_standalone_git_paths_and_tamper (tests_lm.test_v05_c175_frozen_prediction_audit.C175Tests.test_18_real_standalone_git_paths_and_tamper) ... ok
test_19_parent_hash_checked_before_parse (tests_lm.test_v05_c175_frozen_prediction_audit.C175Tests.test_19_parent_hash_checked_before_parse) ... ok
test_20_artifact_hashes_and_exact_set (tests_lm.test_v05_c175_frozen_prediction_audit.C175Tests.test_20_artifact_hashes_and_exact_set) ... ok
test_01_missing_count_uses_only_presence (tests_lm.test_v05_c176_conditional_loss.C176Tests.test_01_missing_count_uses_only_presence) ... ok
test_02_bad_presence_schema (tests_lm.test_v05_c176_conditional_loss.C176Tests.test_02_bad_presence_schema) ... ok
test_03_zero_payload_is_not_missing (tests_lm.test_v05_c176_conditional_loss.C176Tests.test_03_zero_payload_is_not_missing) ... ok
test_04_exact_conditional_formula (tests_lm.test_v05_c176_conditional_loss.C176Tests.test_04_exact_conditional_formula) ... ok
test_05_each_stratum_mass_preserved (tests_lm.test_v05_c176_conditional_loss.C176Tests.test_05_each_stratum_mass_preserved) ... ok
test_06_mixed_classes_have_equal_total_weight (tests_lm.test_v05_c176_conditional_loss.C176Tests.test_06_mixed_classes_have_equal_total_weight) ... ok
test_07_pure_strata_keep_unit_weight (tests_lm.test_v05_c176_conditional_loss.C176Tests.test_07_pure_strata_keep_unit_weight) ... ok
test_08_absent_strata_do_not_invent_rows (tests_lm.test_v05_c176_conditional_loss.C176Tests.test_08_absent_strata_do_not_invent_rows) ... ok
test_09_row_permutation_equivariance (tests_lm.test_v05_c176_conditional_loss.C176Tests.test_09_row_permutation_equivariance) ... ok
test_10_bad_labels_or_counts (tests_lm.test_v05_c176_conditional_loss.C176Tests.test_10_bad_labels_or_counts) ... ok
test_11_bad_shapes_and_empty (tests_lm.test_v05_c176_conditional_loss.C176Tests.test_11_bad_shapes_and_empty) ... ok
test_12_training_arrays_immutable (tests_lm.test_v05_c176_conditional_loss.C176Tests.test_12_training_arrays_immutable) ... ok
test_13_registered_counts_mass (tests_lm.test_v05_c176_conditional_loss.C176Tests.test_13_registered_counts_mass) ... ok
test_14_unit_loss_matches_ordinary_ce (tests_lm.test_v05_c176_conditional_loss.C176Tests.test_14_unit_loss_matches_ordinary_ce) ... ok
test_15_divisor_is_batch_length_not_weight_sum (tests_lm.test_v05_c176_conditional_loss.C176Tests.test_15_divisor_is_batch_length_not_weight_sum) ... ok
test_16_weighted_gradient_matches_formula (tests_lm.test_v05_c176_conditional_loss.C176Tests.test_16_weighted_gradient_matches_formula) ... ok
test_17_nonpositive_and_nonfinite_weights_rejected (tests_lm.test_v05_c176_conditional_loss.C176Tests.test_17_nonpositive_and_nonfinite_weights_rejected) ... ok
test_18_bad_loss_labels_and_types (tests_lm.test_v05_c176_conditional_loss.C176Tests.test_18_bad_loss_labels_and_types) ... ok
test_19_toy_fit_deterministic (tests_lm.test_v05_c176_conditional_loss.C176Tests.test_19_toy_fit_deterministic) ... ok
test_20_fit_preserves_initial_and_inputs (tests_lm.test_v05_c176_conditional_loss.C176Tests.test_20_fit_preserves_initial_and_inputs) ... ok
test_21_pair_has_same_batches_with_different_weights (tests_lm.test_v05_c176_conditional_loss.C176Tests.test_21_pair_has_same_batches_with_different_weights) ... ok
test_22_weights_change_updates_not_capacity (tests_lm.test_v05_c176_conditional_loss.C176Tests.test_22_weights_change_updates_not_capacity) ... ok
test_23_fit_rejects_invalid_setup (tests_lm.test_v05_c176_conditional_loss.C176Tests.test_23_fit_rejects_invalid_setup) ... ok
test_24_gate_each_seed_and_pair_integrity (tests_lm.test_v05_c176_conditional_loss.C176Tests.test_24_gate_each_seed_and_pair_integrity) ... ok
test_25_gate_strict_target_improvement (tests_lm.test_v05_c176_conditional_loss.C176Tests.test_25_gate_strict_target_improvement) ... ok
test_26_gate_original_score_no_drop_and_no_class_collapse (tests_lm.test_v05_c176_conditional_loss.C176Tests.test_26_gate_original_score_no_drop_and_no_class_collapse) ... ok
test_27_regression_list_is_additive (tests_lm.test_v05_c176_conditional_loss.C176Tests.test_27_regression_list_is_additive) ... ok
test_28_manifest_and_workload_frozen (tests_lm.test_v05_c176_conditional_loss.C176Tests.test_28_manifest_and_workload_frozen) ... ok
test_01_perfect_order (tests_lm.test_v05_c177_frozen_score_order.C177Tests.test_01_perfect_order) ... ok
test_02_reverse_order (tests_lm.test_v05_c177_frozen_score_order.C177Tests.test_02_reverse_order) ... ok
test_03_ties_half_credit (tests_lm.test_v05_c177_frozen_score_order.C177Tests.test_03_ties_half_credit) ... ok
test_04_brute_force_agreement (tests_lm.test_v05_c177_frozen_score_order.C177Tests.test_04_brute_force_agreement) ... ok
test_05_permutation_invariance (tests_lm.test_v05_c177_frozen_score_order.C177Tests.test_05_permutation_invariance) ... ok
test_06_pure_class_auc_is_null (tests_lm.test_v05_c177_frozen_score_order.C177Tests.test_06_pure_class_auc_is_null) ... ok
test_07_empty_auc_is_null (tests_lm.test_v05_c177_frozen_score_order.C177Tests.test_07_empty_auc_is_null) ... ok
test_08_bad_labels (tests_lm.test_v05_c177_frozen_score_order.C177Tests.test_08_bad_labels) ... ok
test_09_bad_scores (tests_lm.test_v05_c177_frozen_score_order.C177Tests.test_09_bad_scores) ... ok
test_10_raw_argmax_and_no_mutation (tests_lm.test_v05_c177_frozen_score_order.C177Tests.test_10_raw_argmax_and_no_mutation) ... ok
test_11_stratum_constant_shift_preserves_order (tests_lm.test_v05_c177_frozen_score_order.C177Tests.test_11_stratum_constant_shift_preserves_order) ... ok
test_12_score_sign_has_declared_positive_class (tests_lm.test_v05_c177_frozen_score_order.C177Tests.test_12_score_sign_has_declared_positive_class) ... ok
test_13_grouped_pairs_do_not_cross_keys (tests_lm.test_v05_c177_frozen_score_order.C177Tests.test_13_grouped_pairs_do_not_cross_keys) ... ok
test_14_no_mixed_key_has_no_pairs (tests_lm.test_v05_c177_frozen_score_order.C177Tests.test_14_no_mixed_key_has_no_pairs) ... ok
test_15_grouped_ties_exact (tests_lm.test_v05_c177_frozen_score_order.C177Tests.test_15_grouped_ties_exact) ... ok
test_16_error_exchange_identities (tests_lm.test_v05_c177_frozen_score_order.C177Tests.test_16_error_exchange_identities) ... ok
test_17_error_exchange_additivity (tests_lm.test_v05_c177_frozen_score_order.C177Tests.test_17_error_exchange_additivity) ... ok
test_18_primary_equal_stratum_not_pair_weighted (tests_lm.test_v05_c177_frozen_score_order.C177Tests.test_18_primary_equal_stratum_not_pair_weighted) ... ok
test_19_primary_cannot_drop_pure_stratum (tests_lm.test_v05_c177_frozen_score_order.C177Tests.test_19_primary_cannot_drop_pure_stratum) ... ok
test_20_gate_strict_each_seed (tests_lm.test_v05_c177_frozen_score_order.C177Tests.test_20_gate_strict_each_seed) ... ok
test_21_missing_count_uses_presence_not_value (tests_lm.test_v05_c177_frozen_score_order.C177Tests.test_21_missing_count_uses_presence_not_value) ... ok
test_22_ordering_uses_all_declared_strata_and_groups (tests_lm.test_v05_c177_frozen_score_order.C177Tests.test_22_ordering_uses_all_declared_strata_and_groups) ... ok
test_23_manifest_and_no_learning_import (tests_lm.test_v05_c177_frozen_score_order.C177Tests.test_23_manifest_and_no_learning_import) ... ok
test_24_regression_list_appends_one_current_module (tests_lm.test_v05_c177_frozen_score_order.C177Tests.test_24_regression_list_appends_one_current_module) ... ok
test_01_control_is_exact_original_preparation (tests_lm.test_v05_c178_visible_leaf_binding.C178Tests.test_01_control_is_exact_original_preparation) ... ok
test_02_known_one_copied_to_correct_leaf (tests_lm.test_v05_c178_visible_leaf_binding.C178Tests.test_02_known_one_copied_to_correct_leaf) ... ok
test_03_zero_remains_known_not_missing (tests_lm.test_v05_c178_visible_leaf_binding.C178Tests.test_03_zero_remains_known_not_missing) ... ok
test_04_only_leaf_child_placeholders_change (tests_lm.test_v05_c178_visible_leaf_binding.C178Tests.test_04_only_leaf_child_placeholders_change) ... ok
test_05_internal_topology_stays_exact (tests_lm.test_v05_c178_visible_leaf_binding.C178Tests.test_05_internal_topology_stays_exact) ... ok
test_06_fact_indices_are_not_erased (tests_lm.test_v05_c178_visible_leaf_binding.C178Tests.test_06_fact_indices_are_not_erased) ... ok
test_07_negation_is_not_computed_by_adapter (tests_lm.test_v05_c178_visible_leaf_binding.C178Tests.test_07_negation_is_not_computed_by_adapter) ... ok
test_08_operator_change_does_not_change_copied_bit (tests_lm.test_v05_c178_visible_leaf_binding.C178Tests.test_08_operator_change_does_not_change_copied_bit) ... ok
test_09_binding_follows_fact_id_not_leaf_position (tests_lm.test_v05_c178_visible_leaf_binding.C178Tests.test_09_binding_follows_fact_id_not_leaf_position) ... ok
test_10_unknowns_do_not_get_guessed (tests_lm.test_v05_c178_visible_leaf_binding.C178Tests.test_10_unknowns_do_not_get_guessed) ... ok
test_11_unusable_status_no_payload (tests_lm.test_v05_c178_visible_leaf_binding.C178Tests.test_11_unusable_status_no_payload) ... ok
test_12_raw_input_not_mutated (tests_lm.test_v05_c178_visible_leaf_binding.C178Tests.test_12_raw_input_not_mutated) ... ok
test_13_fact_table_and_resources_unchanged (tests_lm.test_v05_c178_visible_leaf_binding.C178Tests.test_13_fact_table_and_resources_unchanged) ... ok
test_14_batch_permutation_equivariance (tests_lm.test_v05_c178_visible_leaf_binding.C178Tests.test_14_batch_permutation_equivariance) ... ok
test_15_shape_and_dtype_rejected (tests_lm.test_v05_c178_visible_leaf_binding.C178Tests.test_15_shape_and_dtype_rejected) ... ok
test_16_range_and_noncanonical_width_rejected (tests_lm.test_v05_c178_visible_leaf_binding.C178Tests.test_16_range_and_noncanonical_width_rejected) ... ok
test_17_masks_and_kinds_rejected (tests_lm.test_v05_c178_visible_leaf_binding.C178Tests.test_17_masks_and_kinds_rejected) ... ok
test_18_bad_fact_binding_rejected (tests_lm.test_v05_c178_visible_leaf_binding.C178Tests.test_18_bad_fact_binding_rejected) ... ok
test_19_nonzero_leaf_children_and_forward_links_rejected (tests_lm.test_v05_c178_visible_leaf_binding.C178Tests.test_19_nonzero_leaf_children_and_forward_links_rejected) ... ok
test_20_hidden_or_mistyped_payload_rejected (tests_lm.test_v05_c178_visible_leaf_binding.C178Tests.test_20_hidden_or_mistyped_payload_rejected) ... ok
test_21_runtime_fields_rejected (tests_lm.test_v05_c178_visible_leaf_binding.C178Tests.test_21_runtime_fields_rejected) ... ok
test_22_no_teacher_argument_or_new_packet (tests_lm.test_v05_c178_visible_leaf_binding.C178Tests.test_22_no_teacher_argument_or_new_packet) ... ok
test_23_capacity_and_forward_shape_unchanged (tests_lm.test_v05_c178_visible_leaf_binding.C178Tests.test_23_capacity_and_forward_shape_unchanged) ... ok
test_24_toy_training_preserves_pair_initial_and_batches (tests_lm.test_v05_c178_visible_leaf_binding.C178Tests.test_24_toy_training_preserves_pair_initial_and_batches) ... ok
test_25_checkpoint_representation_metadata_and_roundtrip (tests_lm.test_v05_c178_visible_leaf_binding.C178Tests.test_25_checkpoint_representation_metadata_and_roundtrip) ... ok
test_26_gate_all_seeds_and_pair_integrity (tests_lm.test_v05_c178_visible_leaf_binding.C178Tests.test_26_gate_all_seeds_and_pair_integrity) ... ok
test_27_gate_strict_primary_and_minority_improvements (tests_lm.test_v05_c178_visible_leaf_binding.C178Tests.test_27_gate_strict_primary_and_minority_improvements) ... ok
test_28_gate_original_score_and_recalls (tests_lm.test_v05_c178_visible_leaf_binding.C178Tests.test_28_gate_original_score_and_recalls) ... ok
test_29_nonfinite_gate_and_json_rejected (tests_lm.test_v05_c178_visible_leaf_binding.C178Tests.test_29_nonfinite_gate_and_json_rejected) ... ok
test_30_registered_manifest_and_no_extra_training (tests_lm.test_v05_c178_visible_leaf_binding.C178Tests.test_30_registered_manifest_and_no_extra_training) ... ok
test_31_regression_list_additive_and_unique (tests_lm.test_v05_c178_visible_leaf_binding.C178Tests.test_31_regression_list_additive_and_unique) ... ok
test_32_missing_historical_regression_list_fails_closed (tests_lm.test_v05_c178_visible_leaf_binding.C178Tests.test_32_missing_historical_regression_list_fails_closed) ... ok
test_01_parameter_count (tests_lm.test_v05_c179_shared_graph.C179Tests.test_01_parameter_count) ... ok
test_02_dense_mac_count (tests_lm.test_v05_c179_shared_graph.C179Tests.test_02_dense_mac_count) ... ok
test_03_pair_initial_weights (tests_lm.test_v05_c179_shared_graph.C179Tests.test_03_pair_initial_weights) ... ok
test_04_seed_validation (tests_lm.test_v05_c179_shared_graph.C179Tests.test_04_seed_validation) ... ok
test_05_routing_mode_is_explicit (tests_lm.test_v05_c179_shared_graph.C179Tests.test_05_routing_mode_is_explicit) ... ok
test_06_shape_dtype_nonfinite (tests_lm.test_v05_c179_shared_graph.C179Tests.test_06_shape_dtype_nonfinite) ... ok
test_07_bad_header_and_mask (tests_lm.test_v05_c179_shared_graph.C179Tests.test_07_bad_header_and_mask) ... ok
test_08_noncanonical_kind (tests_lm.test_v05_c179_shared_graph.C179Tests.test_08_noncanonical_kind) ... ok
test_09_leaf_links_are_zero_not_visible_bits (tests_lm.test_v05_c179_shared_graph.C179Tests.test_09_leaf_links_are_zero_not_visible_bits) ... ok
test_10_forward_pointer_rejected (tests_lm.test_v05_c179_shared_graph.C179Tests.test_10_forward_pointer_rejected) ... ok
test_11_noninteger_pointer_rejected (tests_lm.test_v05_c179_shared_graph.C179Tests.test_11_noninteger_pointer_rejected) ... ok
test_12_disconnected_tree_rejected (tests_lm.test_v05_c179_shared_graph.C179Tests.test_12_disconnected_tree_rejected) ... ok
test_13_both_arms_have_seven_cell_calls (tests_lm.test_v05_c179_shared_graph.C179Tests.test_13_both_arms_have_seven_cell_calls) ... ok
test_14_same_local_inputs_different_links (tests_lm.test_v05_c179_shared_graph.C179Tests.test_14_same_local_inputs_different_links) ... ok
test_15_child_values_match_selected_states (tests_lm.test_v05_c179_shared_graph.C179Tests.test_15_child_values_match_selected_states) ... ok
test_16_sequence_uses_previous_two (tests_lm.test_v05_c179_shared_graph.C179Tests.test_16_sequence_uses_previous_two) ... ok
test_17_gradient_through_graph (tests_lm.test_v05_c179_shared_graph.C179Tests.test_17_gradient_through_graph) ... ok
test_18_no_input_or_parameter_mutation_during_forward (tests_lm.test_v05_c179_shared_graph.C179Tests.test_18_no_input_or_parameter_mutation_during_forward) ... ok
test_19_batch_permutation (tests_lm.test_v05_c179_shared_graph.C179Tests.test_19_batch_permutation) ... ok
test_20_no_label_or_solver_forward_argument (tests_lm.test_v05_c179_shared_graph.C179Tests.test_20_no_label_or_solver_forward_argument) ... ok
test_21_toy_fit_pair_and_immutability (tests_lm.test_v05_c179_shared_graph.C179Tests.test_21_toy_fit_pair_and_immutability) ... ok
test_22_fit_rejects_bad_labels_and_workload (tests_lm.test_v05_c179_shared_graph.C179Tests.test_22_fit_rejects_bad_labels_and_workload) ... ok
test_23_predict_meter_raw_argmax (tests_lm.test_v05_c179_shared_graph.C179Tests.test_23_predict_meter_raw_argmax) ... ok
test_24_checkpoint_roundtrip_and_arm_binding (tests_lm.test_v05_c179_shared_graph.C179Tests.test_24_checkpoint_roundtrip_and_arm_binding) ... ok
test_25_gate_requires_all_seeds_and_integrity (tests_lm.test_v05_c179_shared_graph.C179Tests.test_25_gate_requires_all_seeds_and_integrity) ... ok
test_26_gate_strict_and_nondegradation (tests_lm.test_v05_c179_shared_graph.C179Tests.test_26_gate_strict_and_nondegradation) ... ok
test_27_gate_both_target_recalls_and_aggregate (tests_lm.test_v05_c179_shared_graph.C179Tests.test_27_gate_both_target_recalls_and_aggregate) ... ok
test_28_gate_nonfinite_and_serialization (tests_lm.test_v05_c179_shared_graph.C179Tests.test_28_gate_nonfinite_and_serialization) ... ok
test_29_manifest_budget_and_no_old_mlp_claim (tests_lm.test_v05_c179_shared_graph.C179Tests.test_29_manifest_budget_and_no_old_mlp_claim) ... ok
test_30_zero_weights_do_not_solve_logic (tests_lm.test_v05_c179_shared_graph.C179Tests.test_30_zero_weights_do_not_solve_logic) ... ok
test_31_checkpoint_metadata_and_tensor_hash (tests_lm.test_v05_c179_shared_graph.C179Tests.test_31_checkpoint_metadata_and_tensor_hash) ... ok
test_32_link_decoder_is_deterministic_and_immutable (tests_lm.test_v05_c179_shared_graph.C179Tests.test_32_link_decoder_is_deterministic_and_immutable) ... ok
test_01_explicit_condition (tests_lm.test_v05_c180_fact_bypass.FactBypassTests.test_01_explicit_condition) ... ok
test_02_direct_identity (tests_lm.test_v05_c180_fact_bypass.FactBypassTests.test_02_direct_identity) ... ok
test_03_only_fact_columns_masked (tests_lm.test_v05_c180_fact_bypass.FactBypassTests.test_03_only_fact_columns_masked) ... ok
test_04_root_retained (tests_lm.test_v05_c180_fact_bypass.FactBypassTests.test_04_root_retained) ... ok
test_05_header_runtime_retained (tests_lm.test_v05_c180_fact_bypass.FactBypassTests.test_05_header_runtime_retained) ... ok
test_06_no_input_mutation (tests_lm.test_v05_c180_fact_bypass.FactBypassTests.test_06_no_input_mutation) ... ok
test_07_shape_rejection (tests_lm.test_v05_c180_fact_bypass.FactBypassTests.test_07_shape_rejection) ... ok
test_08_dtype_rejection (tests_lm.test_v05_c180_fact_bypass.FactBypassTests.test_08_dtype_rejection) ... ok
test_09_nonfinite_rejection (tests_lm.test_v05_c180_fact_bypass.FactBypassTests.test_09_nonfinite_rejection) ... ok
test_10_mask_has_no_weights_and_is_metered (tests_lm.test_v05_c180_fact_bypass.FactBypassTests.test_10_mask_has_no_weights_and_is_metered) ... ok
test_11_gradient_mask (tests_lm.test_v05_c180_fact_bypass.FactBypassTests.test_11_gradient_mask) ... ok
test_12_capacity_and_dense_head (tests_lm.test_v05_c180_fact_bypass.FactBypassTests.test_12_capacity_and_dense_head) ... ok
test_13_tree_in_both_conditions (tests_lm.test_v05_c180_fact_bypass.FactBypassTests.test_13_tree_in_both_conditions) ... ok
test_14_paired_weights (tests_lm.test_v05_c180_fact_bypass.FactBypassTests.test_14_paired_weights) ... ok
test_15_same_root_and_seven_cells (tests_lm.test_v05_c180_fact_bypass.FactBypassTests.test_15_same_root_and_seven_cells) ... ok
test_16_actual_linear_receives_mask (tests_lm.test_v05_c180_fact_bypass.FactBypassTests.test_16_actual_linear_receives_mask) ... ok
test_17_leaf_information_retained (tests_lm.test_v05_c180_fact_bypass.FactBypassTests.test_17_leaf_information_retained) ... ok
test_18_original_control_numerical_parity (tests_lm.test_v05_c180_fact_bypass.FactBypassTests.test_18_original_control_numerical_parity) ... ok
test_19_two_update_toy_fit_is_paired (tests_lm.test_v05_c180_fact_bypass.FactBypassTests.test_19_two_update_toy_fit_is_paired) ... ok
test_20_predict_raw_argmax_and_weights (tests_lm.test_v05_c180_fact_bypass.FactBypassTests.test_20_predict_raw_argmax_and_weights) ... ok
test_21_checkpoint_roundtrips (tests_lm.test_v05_c180_fact_bypass.FactBypassTests.test_21_checkpoint_roundtrips) ... ok
test_22_checkpoint_metadata_rejected (tests_lm.test_v05_c180_fact_bypass.FactBypassTests.test_22_checkpoint_metadata_rejected) ... ok
test_23_gate_pass_and_group_equality (tests_lm.test_v05_c180_fact_bypass.FactBypassTests.test_23_gate_pass_and_group_equality) ... ok
test_24_each_gate_condition_and_seed_required (tests_lm.test_v05_c180_fact_bypass.FactBypassTests.test_24_each_gate_condition_and_seed_required) ... ok
test_25_gate_invalid_metrics_pairing_identity (tests_lm.test_v05_c180_fact_bypass.FactBypassTests.test_25_gate_invalid_metrics_pairing_identity) ... ok
test_26_condition_and_tree_drift_rejected (tests_lm.test_v05_c180_fact_bypass.FactBypassTests.test_26_condition_and_tree_drift_rejected) ... ok
test_27_zero_weights_do_not_solve (tests_lm.test_v05_c180_fact_bypass.FactBypassTests.test_27_zero_weights_do_not_solve) ... ok
test_28_manifest_and_regression_count (tests_lm.test_v05_c180_fact_bypass.FactBypassTests.test_28_manifest_and_regression_count) ... ok
test_01_known_zero_short_circuit (tests_lm.test_v05_c181_internal_semantics.InternalSemanticsTests.test_01_known_zero_short_circuit) ... ok
test_02_known_one (tests_lm.test_v05_c181_internal_semantics.InternalSemanticsTests.test_02_known_one) ... ok
test_03_unknown_stays_unknown (tests_lm.test_v05_c181_internal_semantics.InternalSemanticsTests.test_03_unknown_stays_unknown) ... ok
test_04_negation_affects_teacher_not_raw (tests_lm.test_v05_c181_internal_semantics.InternalSemanticsTests.test_04_negation_affects_teacher_not_raw) ... ok
test_05_root_not_supervised (tests_lm.test_v05_c181_internal_semantics.InternalSemanticsTests.test_05_root_not_supervised) ... ok
test_06_repeated_variables_rejected (tests_lm.test_v05_c181_internal_semantics.InternalSemanticsTests.test_06_repeated_variables_rejected) ... ok
test_07_hidden_payload_and_status_rejected (tests_lm.test_v05_c181_internal_semantics.InternalSemanticsTests.test_07_hidden_payload_and_status_rejected) ... ok
test_08_teacher_shapes_and_types (tests_lm.test_v05_c181_internal_semantics.InternalSemanticsTests.test_08_teacher_shapes_and_types) ... ok
test_09_independent_completion_enumeration (tests_lm.test_v05_c181_internal_semantics.InternalSemanticsTests.test_09_independent_completion_enumeration) ... ok
test_10_teacher_no_label_interface (tests_lm.test_v05_c181_internal_semantics.InternalSemanticsTests.test_10_teacher_no_label_interface) ... ok
test_11_row_permutation (tests_lm.test_v05_c181_internal_semantics.InternalSemanticsTests.test_11_row_permutation) ... ok
test_12_neural_teacher_node_alignment (tests_lm.test_v05_c181_internal_semantics.InternalSemanticsTests.test_12_neural_teacher_node_alignment) ... ok
test_13_parameter_counts (tests_lm.test_v05_c181_internal_semantics.InternalSemanticsTests.test_13_parameter_counts) ... ok
test_14_paired_initial (tests_lm.test_v05_c181_internal_semantics.InternalSemanticsTests.test_14_paired_initial) ... ok
test_15_main_forward_unchanged (tests_lm.test_v05_c181_internal_semantics.InternalSemanticsTests.test_15_main_forward_unchanged) ... ok
test_16_aux_reads_actual_proper_states (tests_lm.test_v05_c181_internal_semantics.InternalSemanticsTests.test_16_aux_reads_actual_proper_states) ... ok
test_17_aux_signal_reaches_shared_cell (tests_lm.test_v05_c181_internal_semantics.InternalSemanticsTests.test_17_aux_signal_reaches_shared_cell) ... ok
test_18_zero_coefficient_gives_zero_aux_gradient (tests_lm.test_v05_c181_internal_semantics.InternalSemanticsTests.test_18_zero_coefficient_gives_zero_aux_gradient) ... ok
test_19_unit_coefficient_trains_aux (tests_lm.test_v05_c181_internal_semantics.InternalSemanticsTests.test_19_unit_coefficient_trains_aux) ... ok
test_20_loss_is_mean_not_node_sum (tests_lm.test_v05_c181_internal_semantics.InternalSemanticsTests.test_20_loss_is_mean_not_node_sum) ... ok
test_21_fit_preserves_inputs (tests_lm.test_v05_c181_internal_semantics.InternalSemanticsTests.test_21_fit_preserves_inputs) ... ok
test_22_two_update_determinism (tests_lm.test_v05_c181_internal_semantics.InternalSemanticsTests.test_22_two_update_determinism) ... ok
test_23_paired_schedules_and_meters (tests_lm.test_v05_c181_internal_semantics.InternalSemanticsTests.test_23_paired_schedules_and_meters) ... ok
test_24_zero_aux_matches_original_fit (tests_lm.test_v05_c181_internal_semantics.InternalSemanticsTests.test_24_zero_aux_matches_original_fit) ... ok
test_25_inference_never_calls_teacher_or_head (tests_lm.test_v05_c181_internal_semantics.InternalSemanticsTests.test_25_inference_never_calls_teacher_or_head) ... ok
test_26_checkpoint_roundtrip (tests_lm.test_v05_c181_internal_semantics.InternalSemanticsTests.test_26_checkpoint_roundtrip) ... ok
test_27_checkpoint_contract_tamper (tests_lm.test_v05_c181_internal_semantics.InternalSemanticsTests.test_27_checkpoint_contract_tamper) ... ok
test_28_checkpoint_weights_tamper (tests_lm.test_v05_c181_internal_semantics.InternalSemanticsTests.test_28_checkpoint_weights_tamper) ... ok
test_29_raw_argmax_not_repaired (tests_lm.test_v05_c181_internal_semantics.InternalSemanticsTests.test_29_raw_argmax_not_repaired) ... ok
test_30_invalid_loss_targets_and_nonfinite (tests_lm.test_v05_c181_internal_semantics.InternalSemanticsTests.test_30_invalid_loss_targets_and_nonfinite) ... ok
test_31_gate_all_seeds_and_pair_integrity (tests_lm.test_v05_c181_internal_semantics.InternalSemanticsTests.test_31_gate_all_seeds_and_pair_integrity) ... ok
test_32_gate_strict_primary_and_minority_gains (tests_lm.test_v05_c181_internal_semantics.InternalSemanticsTests.test_32_gate_strict_primary_and_minority_gains) ... ok
test_33_gate_group_equality_and_recalls (tests_lm.test_v05_c181_internal_semantics.InternalSemanticsTests.test_33_gate_group_equality_and_recalls) ... ok
test_34_additive_regression_list (tests_lm.test_v05_c181_internal_semantics.InternalSemanticsTests.test_34_additive_regression_list) ... ok
test_35_frozen_manifest (tests_lm.test_v05_c181_internal_semantics.InternalSemanticsTests.test_35_frozen_manifest) ... ok
test_36_hook_cleanup_after_exception (tests_lm.test_v05_c181_internal_semantics.InternalSemanticsTests.test_36_hook_cleanup_after_exception) ... ok
test_01_permutation_set (tests_lm.test_v05_c182_frozen_fact_renaming.FrozenRenamingTests.test_01_permutation_set) ... ok
test_02_bad_permutations (tests_lm.test_v05_c182_frozen_fact_renaming.FrozenRenamingTests.test_02_bad_permutations) ... ok
test_03_identity_copy (tests_lm.test_v05_c182_frozen_fact_renaming.FrozenRenamingTests.test_03_identity_copy) ... ok
test_04_whole_fact_records (tests_lm.test_v05_c182_frozen_fact_renaming.FrozenRenamingTests.test_04_whole_fact_records) ... ok
test_05_references_follow_mapping (tests_lm.test_v05_c182_frozen_fact_renaming.FrozenRenamingTests.test_05_references_follow_mapping) ... ok
test_06_inverse (tests_lm.test_v05_c182_frozen_fact_renaming.FrozenRenamingTests.test_06_inverse) ... ok
test_07_composition (tests_lm.test_v05_c182_frozen_fact_renaming.FrozenRenamingTests.test_07_composition) ... ok
test_08_other_fields_preserved (tests_lm.test_v05_c182_frozen_fact_renaming.FrozenRenamingTests.test_08_other_fields_preserved) ... ok
test_09_no_mutation (tests_lm.test_v05_c182_frozen_fact_renaming.FrozenRenamingTests.test_09_no_mutation) ... ok
test_10_bound_leaf_information_preserved (tests_lm.test_v05_c182_frozen_fact_renaming.FrozenRenamingTests.test_10_bound_leaf_information_preserved) ... ok
test_11_independent_semantics_enumeration (tests_lm.test_v05_c182_frozen_fact_renaming.FrozenRenamingTests.test_11_independent_semantics_enumeration) ... ok
test_12_hidden_payload_rejected (tests_lm.test_v05_c182_frozen_fact_renaming.FrozenRenamingTests.test_12_hidden_payload_rejected) ... ok
test_13_invalid_raw (tests_lm.test_v05_c182_frozen_fact_renaming.FrozenRenamingTests.test_13_invalid_raw) ... ok
test_14_new_leaf_orders_unique (tests_lm.test_v05_c182_frozen_fact_renaming.FrozenRenamingTests.test_14_new_leaf_orders_unique) ... ok
test_15_batch_equivariance (tests_lm.test_v05_c182_frozen_fact_renaming.FrozenRenamingTests.test_15_batch_equivariance) ... ok
test_16_no_labels_in_transform_or_inference (tests_lm.test_v05_c182_frozen_fact_renaming.FrozenRenamingTests.test_16_no_labels_in_transform_or_inference) ... ok
test_17_bare_restore_capacity (tests_lm.test_v05_c182_frozen_fact_renaming.FrozenRenamingTests.test_17_bare_restore_capacity) ... ok
test_18_full_fingerprint_covers_auxiliary (tests_lm.test_v05_c182_frozen_fact_renaming.FrozenRenamingTests.test_18_full_fingerprint_covers_auxiliary) ... ok
test_19_contract_tamper (tests_lm.test_v05_c182_frozen_fact_renaming.FrozenRenamingTests.test_19_contract_tamper) ... ok
test_20_tensor_schema_and_nonfinite (tests_lm.test_v05_c182_frozen_fact_renaming.FrozenRenamingTests.test_20_tensor_schema_and_nonfinite) ... ok
test_21_bare_numerical_parity (tests_lm.test_v05_c182_frozen_fact_renaming.FrozenRenamingTests.test_21_bare_numerical_parity) ... ok
test_22_rng_preserved (tests_lm.test_v05_c182_frozen_fact_renaming.FrozenRenamingTests.test_22_rng_preserved) ... ok
test_23_frozen_weights_and_meters (tests_lm.test_v05_c182_frozen_fact_renaming.FrozenRenamingTests.test_23_frozen_weights_and_meters) ... ok
test_24_file_restore_weights_only (tests_lm.test_v05_c182_frozen_fact_renaming.FrozenRenamingTests.test_24_file_restore_weights_only) ... ok
test_25_replay_exact (tests_lm.test_v05_c182_frozen_fact_renaming.FrozenRenamingTests.test_25_replay_exact) ... ok
test_26_replay_fixed_tolerance (tests_lm.test_v05_c182_frozen_fact_renaming.FrozenRenamingTests.test_26_replay_fixed_tolerance) ... ok
test_27_repaired_or_nonfinite_predictions_rejected (tests_lm.test_v05_c182_frozen_fact_renaming.FrozenRenamingTests.test_27_repaired_or_nonfinite_predictions_rejected) ... ok
test_28_gate_coverage (tests_lm.test_v05_c182_frozen_fact_renaming.FrozenRenamingTests.test_28_gate_coverage) ... ok
test_29_every_candidate_and_permutation_required (tests_lm.test_v05_c182_frozen_fact_renaming.FrozenRenamingTests.test_29_every_candidate_and_permutation_required) ... ok
test_30_controls_not_required_perfect (tests_lm.test_v05_c182_frozen_fact_renaming.FrozenRenamingTests.test_30_controls_not_required_perfect) ... ok
test_31_frozen_manifest (tests_lm.test_v05_c182_frozen_fact_renaming.FrozenRenamingTests.test_31_frozen_manifest) ... ok
test_32_additive_regression_list (tests_lm.test_v05_c182_frozen_fact_renaming.FrozenRenamingTests.test_32_additive_regression_list) ... ok
test_01_only_root_patched (tests_lm.test_v05_c183_frozen_path_attribution.FrozenPathTests.test_01_only_root_patched) ... ok
test_02_only_facts_patched (tests_lm.test_v05_c183_frozen_path_attribution.FrozenPathTests.test_02_only_facts_patched) ... ok
test_03_original_not_mutated (tests_lm.test_v05_c183_frozen_path_attribution.FrozenPathTests.test_03_original_not_mutated) ... ok
test_04_identity (tests_lm.test_v05_c183_frozen_path_attribution.FrozenPathTests.test_04_identity) ... ok
test_05_header_change_rejected (tests_lm.test_v05_c183_frozen_path_attribution.FrozenPathTests.test_05_header_change_rejected) ... ok
test_06_runtime_change_rejected (tests_lm.test_v05_c183_frozen_path_attribution.FrozenPathTests.test_06_runtime_change_rejected) ... ok
test_07_shape (tests_lm.test_v05_c183_frozen_path_attribution.FrozenPathTests.test_07_shape) ... ok
test_08_dtype (tests_lm.test_v05_c183_frozen_path_attribution.FrozenPathTests.test_08_dtype) ... ok
test_09_nonfinite (tests_lm.test_v05_c183_frozen_path_attribution.FrozenPathTests.test_09_nonfinite) ... ok
test_10_empty (tests_lm.test_v05_c183_frozen_path_attribution.FrozenPathTests.test_10_empty) ... ok
test_11_capture_numerical_parity (tests_lm.test_v05_c183_frozen_path_attribution.FrozenPathTests.test_11_capture_numerical_parity) ... ok
test_12_hook_cleanup (tests_lm.test_v05_c183_frozen_path_attribution.FrozenPathTests.test_12_hook_cleanup) ... ok
test_13_hook_cleanup_on_exception (tests_lm.test_v05_c183_frozen_path_attribution.FrozenPathTests.test_13_hook_cleanup_on_exception) ... ok
test_14_existing_hook_rejected (tests_lm.test_v05_c183_frozen_path_attribution.FrozenPathTests.test_14_existing_hook_rejected) ... ok
test_15_capture_multiple_batches (tests_lm.test_v05_c183_frozen_path_attribution.FrozenPathTests.test_15_capture_multiple_batches) ... ok
test_16_head_raw_argmax (tests_lm.test_v05_c183_frozen_path_attribution.FrozenPathTests.test_16_head_raw_argmax) ... ok
test_17_head_preserves_weights (tests_lm.test_v05_c183_frozen_path_attribution.FrozenPathTests.test_17_head_preserves_weights) ... ok
test_18_linear_decomposition (tests_lm.test_v05_c183_frozen_path_attribution.FrozenPathTests.test_18_linear_decomposition) ... ok
test_19_tree_only_case (tests_lm.test_v05_c183_frozen_path_attribution.FrozenPathTests.test_19_tree_only_case) ... ok
test_20_direct_only_case (tests_lm.test_v05_c183_frozen_path_attribution.FrozenPathTests.test_20_direct_only_case) ... ok
test_21_joint_case (tests_lm.test_v05_c183_frozen_path_attribution.FrozenPathTests.test_21_joint_case) ... ok
test_22_either_case (tests_lm.test_v05_c183_frozen_path_attribution.FrozenPathTests.test_22_either_case) ... ok
test_23_not_source_failure (tests_lm.test_v05_c183_frozen_path_attribution.FrozenPathTests.test_23_not_source_failure) ... ok
test_24_bool_rejected (tests_lm.test_v05_c183_frozen_path_attribution.FrozenPathTests.test_24_bool_rejected) ... ok
test_25_gate_unique_not_joint (tests_lm.test_v05_c183_frozen_path_attribution.FrozenPathTests.test_25_gate_unique_not_joint) ... ok
test_26_gate_coverage_and_identity (tests_lm.test_v05_c183_frozen_path_attribution.FrozenPathTests.test_26_gate_coverage_and_identity) ... ok
test_27_gate_recomputes_classification (tests_lm.test_v05_c183_frozen_path_attribution.FrozenPathTests.test_27_gate_recomputes_classification) ... ok
test_28_syntax_render_no_evaluation (tests_lm.test_v05_c183_frozen_path_attribution.FrozenPathTests.test_28_syntax_render_no_evaluation) ... ok
test_29_renderer_hidden_value_rejected (tests_lm.test_v05_c183_frozen_path_attribution.FrozenPathTests.test_29_renderer_hidden_value_rejected) ... ok
test_30_no_labels_in_intervention (tests_lm.test_v05_c183_frozen_path_attribution.FrozenPathTests.test_30_no_labels_in_intervention) ... ok
test_31_manifest_fixed (tests_lm.test_v05_c183_frozen_path_attribution.FrozenPathTests.test_31_manifest_fixed) ... ok
test_32_nonfinite_json_rejected (tests_lm.test_v05_c183_frozen_path_attribution.FrozenPathTests.test_32_nonfinite_json_rejected) ... ok
test_01_identity (tests_lm.test_v05_c184_canonical_fact_indices.C184Tests.test_01_identity) ... ok
test_02_first_occurrence_not_numeric_sort (tests_lm.test_v05_c184_canonical_fact_indices.C184Tests.test_02_first_occurrence_not_numeric_sort) ... ok
test_03_roundtrip_all_permutations (tests_lm.test_v05_c184_canonical_fact_indices.C184Tests.test_03_roundtrip_all_permutations) ... ok
test_04_idempotence (tests_lm.test_v05_c184_canonical_fact_indices.C184Tests.test_04_idempotence) ... ok
test_05_complete_numeric_records_move (tests_lm.test_v05_c184_canonical_fact_indices.C184Tests.test_05_complete_numeric_records_move) ... ok
test_06_zero_and_unknown_remain_distinct (tests_lm.test_v05_c184_canonical_fact_indices.C184Tests.test_06_zero_and_unknown_remain_distinct) ... ok
test_07_negation_is_not_evaluated (tests_lm.test_v05_c184_canonical_fact_indices.C184Tests.test_07_negation_is_not_evaluated) ... ok
test_08_operators_are_not_simplified (tests_lm.test_v05_c184_canonical_fact_indices.C184Tests.test_08_operators_are_not_simplified) ... ok
test_09_topology_retained (tests_lm.test_v05_c184_canonical_fact_indices.C184Tests.test_09_topology_retained) ... ok
test_10_context_transport (tests_lm.test_v05_c184_canonical_fact_indices.C184Tests.test_10_context_transport) ... ok
test_11_no_input_or_mapping_mutation (tests_lm.test_v05_c184_canonical_fact_indices.C184Tests.test_11_no_input_or_mapping_mutation) ... ok
test_12_no_label_or_checkpoint_interface (tests_lm.test_v05_c184_canonical_fact_indices.C184Tests.test_12_no_label_or_checkpoint_interface) ... ok
test_13_width_dtype_and_cpu (tests_lm.test_v05_c184_canonical_fact_indices.C184Tests.test_13_width_dtype_and_cpu) ... ok
test_14_empty (tests_lm.test_v05_c184_canonical_fact_indices.C184Tests.test_14_empty) ... ok
test_15_negative_field (tests_lm.test_v05_c184_canonical_fact_indices.C184Tests.test_15_negative_field) ... ok
test_16_integer_precision_range (tests_lm.test_v05_c184_canonical_fact_indices.C184Tests.test_16_integer_precision_range) ... ok
test_17_unknown_reference (tests_lm.test_v05_c184_canonical_fact_indices.C184Tests.test_17_unknown_reference) ... ok
test_18_repeated_reference_out_of_scope (tests_lm.test_v05_c184_canonical_fact_indices.C184Tests.test_18_repeated_reference_out_of_scope) ... ok
test_19_forward_child (tests_lm.test_v05_c184_canonical_fact_indices.C184Tests.test_19_forward_child) ... ok
test_20_disconnected_tree (tests_lm.test_v05_c184_canonical_fact_indices.C184Tests.test_20_disconnected_tree) ... ok
test_21_hidden_payload_rejected (tests_lm.test_v05_c184_canonical_fact_indices.C184Tests.test_21_hidden_payload_rejected) ... ok
test_22_unsupported_fact_status_rejected (tests_lm.test_v05_c184_canonical_fact_indices.C184Tests.test_22_unsupported_fact_status_rejected) ... ok
test_23_noncanonical_leaf_children (tests_lm.test_v05_c184_canonical_fact_indices.C184Tests.test_23_noncanonical_leaf_children) ... ok
test_24_inverse_requires_bijection (tests_lm.test_v05_c184_canonical_fact_indices.C184Tests.test_24_inverse_requires_bijection) ... ok
test_25_inverse_requires_canonical_order (tests_lm.test_v05_c184_canonical_fact_indices.C184Tests.test_25_inverse_requires_canonical_order) ... ok
test_26_batched_maps_keep_distinct_rows (tests_lm.test_v05_c184_canonical_fact_indices.C184Tests.test_26_batched_maps_keep_distinct_rows) ... ok
test_27_finite_contract_mismatch_measured (tests_lm.test_v05_c184_canonical_fact_indices.C184Tests.test_27_finite_contract_mismatch_measured) ... ok
test_28_single_candidate_error_fails (tests_lm.test_v05_c184_canonical_fact_indices.C184Tests.test_28_single_candidate_error_fails) ... ok
test_29_control_errors_allowed_but_not_changed_decisions (tests_lm.test_v05_c184_canonical_fact_indices.C184Tests.test_29_control_errors_allowed_but_not_changed_decisions) ... ok
test_30_coverage_nonfinite_and_tolerance (tests_lm.test_v05_c184_canonical_fact_indices.C184Tests.test_30_coverage_nonfinite_and_tolerance) ... ok
test_31_manifest_and_output_contract (tests_lm.test_v05_c184_canonical_fact_indices.C184Tests.test_31_manifest_and_output_contract) ... ok
test_32_independent_completions_for_all_9720_renamings (tests_lm.test_v05_c184_canonical_fact_indices.C184Tests.test_32_independent_completions_for_all_9720_renamings) ... ok
test_01_binding_all_permutations (tests_lm.test_v05_c185_single_missing_acquisition.C185Tests.test_01_binding_all_permutations) ... ok
test_02_binding_preserves_ids_and_references (tests_lm.test_v05_c185_single_missing_acquisition.C185Tests.test_02_binding_preserves_ids_and_references) ... ok
test_03_binding_keeps_resources (tests_lm.test_v05_c185_single_missing_acquisition.C185Tests.test_03_binding_keeps_resources) ... ok
test_04_known_zero_is_not_unknown (tests_lm.test_v05_c185_single_missing_acquisition.C185Tests.test_04_known_zero_is_not_unknown) ... ok
test_05_source_view_is_immutable (tests_lm.test_v05_c185_single_missing_acquisition.C185Tests.test_05_source_view_is_immutable) ... ok
test_06_repeated_fact_is_rejected (tests_lm.test_v05_c185_single_missing_acquisition.C185Tests.test_06_repeated_fact_is_rejected) ... ok
test_07_unusable_status_is_rejected (tests_lm.test_v05_c185_single_missing_acquisition.C185Tests.test_07_unusable_status_is_rejected) ... ok
test_08_target_maps_to_external_identity (tests_lm.test_v05_c185_single_missing_acquisition.C185Tests.test_08_target_maps_to_external_identity) ... ok
test_09_stale_binding_rejected (tests_lm.test_v05_c185_single_missing_acquisition.C185Tests.test_09_stale_binding_rejected) ... ok
test_10_forged_mapping_rejected (tests_lm.test_v05_c185_single_missing_acquisition.C185Tests.test_10_forged_mapping_rejected) ... ok
test_11_multiple_unknown_targets_rejected (tests_lm.test_v05_c185_single_missing_acquisition.C185Tests.test_11_multiple_unknown_targets_rejected) ... ok
test_12_zero_budget_does_not_call_policy (tests_lm.test_v05_c185_single_missing_acquisition.C185Tests.test_12_zero_budget_does_not_call_policy) ... ok
test_13_charge_only_changes_accounting (tests_lm.test_v05_c185_single_missing_acquisition.C185Tests.test_13_charge_only_changes_accounting) ... ok
test_14_sufficient_never_calls_provider (tests_lm.test_v05_c185_single_missing_acquisition.C185Tests.test_14_sufficient_never_calls_provider) ... ok
test_15_acquisition_zero_is_observed (tests_lm.test_v05_c185_single_missing_acquisition.C185Tests.test_15_acquisition_zero_is_observed) ... ok
test_16_acquisition_one_is_observed (tests_lm.test_v05_c185_single_missing_acquisition.C185Tests.test_16_acquisition_one_is_observed) ... ok
test_17_real_renamed_target_and_receipt (tests_lm.test_v05_c185_single_missing_acquisition.C185Tests.test_17_real_renamed_target_and_receipt) ... ok
test_18_first_and_post_inputs_use_live_counters (tests_lm.test_v05_c185_single_missing_acquisition.C185Tests.test_18_first_and_post_inputs_use_live_counters) ... ok
test_19_permission_denial_remains_model_need (tests_lm.test_v05_c185_single_missing_acquisition.C185Tests.test_19_permission_denial_remains_model_need) ... ok
test_20_provider_unavailable_no_io (tests_lm.test_v05_c185_single_missing_acquisition.C185Tests.test_20_provider_unavailable_no_io) ... ok
test_21_acquisition_budget_zero_no_io (tests_lm.test_v05_c185_single_missing_acquisition.C185Tests.test_21_acquisition_budget_zero_no_io) ... ok
test_22_wrong_delivery_identity_not_published (tests_lm.test_v05_c185_single_missing_acquisition.C185Tests.test_22_wrong_delivery_identity_not_published) ... ok
test_23_provider_failure_no_retry (tests_lm.test_v05_c185_single_missing_acquisition.C185Tests.test_23_provider_failure_no_retry) ... ok
test_24_remaining_need_never_requests_twice (tests_lm.test_v05_c185_single_missing_acquisition.C185Tests.test_24_remaining_need_never_requests_twice) ... ok
test_25_no_proof_answer_or_auxiliary_rescue (tests_lm.test_v05_c185_single_missing_acquisition.C185Tests.test_25_no_proof_answer_or_auxiliary_rescue) ... ok
test_26_hidden_completion_not_in_initial_policy_input (tests_lm.test_v05_c185_single_missing_acquisition.C185Tests.test_26_hidden_completion_not_in_initial_policy_input) ... ok
test_27_wrong_sufficient_is_scored_not_corrected (tests_lm.test_v05_c185_single_missing_acquisition.C185Tests.test_27_wrong_sufficient_is_scored_not_corrected) ... ok
test_28_wrong_need_is_counted_as_unnecessary (tests_lm.test_v05_c185_single_missing_acquisition.C185Tests.test_28_wrong_need_is_counted_as_unnecessary) ... ok
test_29_nonfinite_logits_rejected (tests_lm.test_v05_c185_single_missing_acquisition.C185Tests.test_29_nonfinite_logits_rejected) ... ok
test_30_repaired_prediction_rejected (tests_lm.test_v05_c185_single_missing_acquisition.C185Tests.test_30_repaired_prediction_rejected) ... ok
test_31_batch_states_are_independent (tests_lm.test_v05_c185_single_missing_acquisition.C185Tests.test_31_batch_states_are_independent) ... ok
test_32_fixed_gate_perfect_candidates_not_controls (tests_lm.test_v05_c185_single_missing_acquisition.C185Tests.test_32_fixed_gate_perfect_candidates_not_controls) ... ok
test_33_single_candidate_error_fails (tests_lm.test_v05_c185_single_missing_acquisition.C185Tests.test_33_single_candidate_error_fails) ... ok
test_34_incomplete_or_broken_control_fails (tests_lm.test_v05_c185_single_missing_acquisition.C185Tests.test_34_incomplete_or_broken_control_fails) ... ok
test_35_manifest_and_label_free_interfaces (tests_lm.test_v05_c185_single_missing_acquisition.C185Tests.test_35_manifest_and_label_free_interfaces) ... ok
test_36_rule_controls_and_cost (tests_lm.test_v05_c185_single_missing_acquisition.C185Tests.test_36_rule_controls_and_cost) ... ok
test_01_registered_specs (tests_lm.test_v05_c186_nonadmission_reclassification.C186Tests.test_01_registered_specs) ... ok
test_02_unknown_scenario_rejected (tests_lm.test_v05_c186_nonadmission_reclassification.C186Tests.test_02_unknown_scenario_rejected) ... ok
test_03_found_preserves_delivery (tests_lm.test_v05_c186_nonadmission_reclassification.C186Tests.test_03_found_preserves_delivery) ... ok
test_04_no_delivery_after_fetch (tests_lm.test_v05_c186_nonadmission_reclassification.C186Tests.test_04_no_delivery_after_fetch) ... ok
test_05_zero_flipped (tests_lm.test_v05_c186_nonadmission_reclassification.C186Tests.test_05_zero_flipped) ... ok
test_06_one_flipped (tests_lm.test_v05_c186_nonadmission_reclassification.C186Tests.test_06_one_flipped) ... ok
test_07_corrupt_only_value_not_witness (tests_lm.test_v05_c186_nonadmission_reclassification.C186Tests.test_07_corrupt_only_value_not_witness) ... ok
test_08_provider_failure_after_fetch (tests_lm.test_v05_c186_nonadmission_reclassification.C186Tests.test_08_provider_failure_after_fetch) ... ok
test_09_original_delivery_not_mutated (tests_lm.test_v05_c186_nonadmission_reclassification.C186Tests.test_09_original_delivery_not_mutated) ... ok
test_10_unexpected_fetch_error_propagates (tests_lm.test_v05_c186_nonadmission_reclassification.C186Tests.test_10_unexpected_fetch_error_propagates) ... ok
test_11_invalid_pre_corruption_bit (tests_lm.test_v05_c186_nonadmission_reclassification.C186Tests.test_11_invalid_pre_corruption_bit) ... ok
test_12_zero_is_admitted (tests_lm.test_v05_c186_nonadmission_reclassification.C186Tests.test_12_zero_is_admitted) ... ok
test_13_one_is_admitted (tests_lm.test_v05_c186_nonadmission_reclassification.C186Tests.test_13_one_is_admitted) ... ok
test_14_no_delivery_still_needed (tests_lm.test_v05_c186_nonadmission_reclassification.C186Tests.test_14_no_delivery_still_needed) ... ok
test_15_corrupt_value_still_needed (tests_lm.test_v05_c186_nonadmission_reclassification.C186Tests.test_15_corrupt_value_still_needed) ... ok
test_16_failure_still_needed (tests_lm.test_v05_c186_nonadmission_reclassification.C186Tests.test_16_failure_still_needed) ... ok
test_17_false_sufficiency_retained (tests_lm.test_v05_c186_nonadmission_reclassification.C186Tests.test_17_false_sufficiency_retained) ... ok
test_18_unnecessary_attempt_not_redeemed (tests_lm.test_v05_c186_nonadmission_reclassification.C186Tests.test_18_unnecessary_attempt_not_redeemed) ... ok
test_19_never_query_misses (tests_lm.test_v05_c186_nonadmission_reclassification.C186Tests.test_19_never_query_misses) ... ok
test_20_no_query_preserves_unknown (tests_lm.test_v05_c186_nonadmission_reclassification.C186Tests.test_20_no_query_preserves_unknown) ... ok
test_21_fault_cannot_publish_zero (tests_lm.test_v05_c186_nonadmission_reclassification.C186Tests.test_21_fault_cannot_publish_zero) ... ok
test_22_live_budget_reset_rejected (tests_lm.test_v05_c186_nonadmission_reclassification.C186Tests.test_22_live_budget_reset_rejected) ... ok
test_23_pending_work_rejected (tests_lm.test_v05_c186_nonadmission_reclassification.C186Tests.test_23_pending_work_rejected) ... ok
test_24_classification_not_answer (tests_lm.test_v05_c186_nonadmission_reclassification.C186Tests.test_24_classification_not_answer) ... ok
test_25_wrong_external_target_rejected (tests_lm.test_v05_c186_nonadmission_reclassification.C186Tests.test_25_wrong_external_target_rejected) ... ok
test_26_fault_outcome_not_reset (tests_lm.test_v05_c186_nonadmission_reclassification.C186Tests.test_26_fault_outcome_not_reset) ... ok
test_27_perfect_candidates_allow_control_errors (tests_lm.test_v05_c186_nonadmission_reclassification.C186Tests.test_27_perfect_candidates_allow_control_errors) ... ok
test_28_one_candidate_error_fails (tests_lm.test_v05_c186_nonadmission_reclassification.C186Tests.test_28_one_candidate_error_fails) ... ok
test_29_order_and_coverage_strict (tests_lm.test_v05_c186_nonadmission_reclassification.C186Tests.test_29_order_and_coverage_strict) ... ok
test_30_broken_control_fails (tests_lm.test_v05_c186_nonadmission_reclassification.C186Tests.test_30_broken_control_fails) ... ok
test_31_replay_is_unmodified_and_finite (tests_lm.test_v05_c186_nonadmission_reclassification.C186Tests.test_31_replay_is_unmodified_and_finite) ... ok
test_32_frozen_manifest (tests_lm.test_v05_c186_nonadmission_reclassification.C186Tests.test_32_frozen_manifest) ... ok
test_01_registered_payload_and_bounds (tests_lm.test_v05_c186_npz_input_recovery.C186NpzInputRecoveryTests.test_01_registered_payload_and_bounds) ... ok
test_02_full_registered_shapes_load_above_old_bound (tests_lm.test_v05_c186_npz_input_recovery.C186NpzInputRecoveryTests.test_02_full_registered_shapes_load_above_old_bound) ... ok
test_03_preflight_never_materializes (tests_lm.test_v05_c186_npz_input_recovery.C186NpzInputRecoveryTests.test_03_preflight_never_materializes) ... ok
test_04_unaccepted_compressed_size_rejected (tests_lm.test_v05_c186_npz_input_recovery.C186NpzInputRecoveryTests.test_04_unaccepted_compressed_size_rejected) ... ok
test_05_same_size_wrong_hash_rejected (tests_lm.test_v05_c186_npz_input_recovery.C186NpzInputRecoveryTests.test_05_same_size_wrong_hash_rejected) ... ok
test_06_header_allows_v1_and_v2 (tests_lm.test_v05_c186_npz_input_recovery.C186NpzInputRecoveryTests.test_06_header_allows_v1_and_v2) ... ok
test_07_bad_magic_rejected (tests_lm.test_v05_c186_npz_input_recovery.C186NpzInputRecoveryTests.test_07_bad_magic_rejected) ... ok
test_08_unregistered_version_rejected (tests_lm.test_v05_c186_npz_input_recovery.C186NpzInputRecoveryTests.test_08_unregistered_version_rejected) ... ok
test_09_header_length_bounded_before_read (tests_lm.test_v05_c186_npz_input_recovery.C186NpzInputRecoveryTests.test_09_header_length_bounded_before_read) ... ok
test_10_truncated_header_rejected (tests_lm.test_v05_c186_npz_input_recovery.C186NpzInputRecoveryTests.test_10_truncated_header_rejected) ... ok
test_11_object_dtype_rejected (tests_lm.test_v05_c186_npz_input_recovery.C186NpzInputRecoveryTests.test_11_object_dtype_rejected) ... ok
test_12_wrong_numeric_dtype_rejected (tests_lm.test_v05_c186_npz_input_recovery.C186NpzInputRecoveryTests.test_12_wrong_numeric_dtype_rejected) ... ok
test_13_huge_shape_rejected_before_allocation (tests_lm.test_v05_c186_npz_input_recovery.C186NpzInputRecoveryTests.test_13_huge_shape_rejected_before_allocation) ... ok
test_14_boolean_dimension_rejected (tests_lm.test_v05_c186_npz_input_recovery.C186NpzInputRecoveryTests.test_14_boolean_dimension_rejected) ... ok
test_15_fortran_order_rejected (tests_lm.test_v05_c186_npz_input_recovery.C186NpzInputRecoveryTests.test_15_fortran_order_rejected) ... ok
test_16_extra_header_field_rejected (tests_lm.test_v05_c186_npz_input_recovery.C186NpzInputRecoveryTests.test_16_extra_header_field_rejected) ... ok
test_17_payload_length_mismatch_rejected (tests_lm.test_v05_c186_npz_input_recovery.C186NpzInputRecoveryTests.test_17_payload_length_mismatch_rejected) ... ok
test_18_missing_or_extra_member_rejected (tests_lm.test_v05_c186_npz_input_recovery.C186NpzInputRecoveryTests.test_18_missing_or_extra_member_rejected) ... ok
test_19_duplicate_member_rejected (tests_lm.test_v05_c186_npz_input_recovery.C186NpzInputRecoveryTests.test_19_duplicate_member_rejected) ... ok
test_20_total_expanded_bound_enforced (tests_lm.test_v05_c186_npz_input_recovery.C186NpzInputRecoveryTests.test_20_total_expanded_bound_enforced) ... ok
test_21_per_member_bound_enforced (tests_lm.test_v05_c186_npz_input_recovery.C186NpzInputRecoveryTests.test_21_per_member_bound_enforced) ... ok
test_22_encrypted_member_rejected (tests_lm.test_v05_c186_npz_input_recovery.C186NpzInputRecoveryTests.test_22_encrypted_member_rejected) ... ok
test_23_allow_pickle_false_and_no_override_interface (tests_lm.test_v05_c186_npz_input_recovery.C186NpzInputRecoveryTests.test_23_allow_pickle_false_and_no_override_interface) ... ok
test_24_same_c186_manifest_and_explicit_loader_dispatch (tests_lm.test_v05_c186_npz_input_recovery.C186NpzInputRecoveryTests.test_24_same_c186_manifest_and_explicit_loader_dispatch) ... ok
test_01_fixed_scenarios (tests_lm.test_v05_c187_restricted_acquisition.C187Tests.test_01_fixed_scenarios) ... ok
test_02_unknown_scenario_rejected (tests_lm.test_v05_c187_restricted_acquisition.C187Tests.test_02_unknown_scenario_rejected) ... ok
test_03_allowed_view_unchanged (tests_lm.test_v05_c187_restricted_acquisition.C187Tests.test_03_allowed_view_unchanged) ... ok
test_04_permission_only (tests_lm.test_v05_c187_restricted_acquisition.C187Tests.test_04_permission_only) ... ok
test_05_availability_only (tests_lm.test_v05_c187_restricted_acquisition.C187Tests.test_05_availability_only) ... ok
test_06_budget_only (tests_lm.test_v05_c187_restricted_acquisition.C187Tests.test_06_budget_only) ... ok
test_07_no_context_reset_or_input_mutation (tests_lm.test_v05_c187_restricted_acquisition.C187Tests.test_07_no_context_reset_or_input_mutation) ... ok
test_08_exact_live_resources (tests_lm.test_v05_c187_restricted_acquisition.C187Tests.test_08_exact_live_resources) ... ok
test_09_allowed_zero_admitted_not_missing (tests_lm.test_v05_c187_restricted_acquisition.C187Tests.test_09_allowed_zero_admitted_not_missing) ... ok
test_10_allowed_one_admitted (tests_lm.test_v05_c187_restricted_acquisition.C187Tests.test_10_allowed_one_admitted) ... ok
test_11_permission_denial_preserves_needs (tests_lm.test_v05_c187_restricted_acquisition.C187Tests.test_11_permission_denial_preserves_needs) ... ok
test_12_unavailable_preserves_needs (tests_lm.test_v05_c187_restricted_acquisition.C187Tests.test_12_unavailable_preserves_needs) ... ok
test_13_zero_budget_preserves_needs (tests_lm.test_v05_c187_restricted_acquisition.C187Tests.test_13_zero_budget_preserves_needs) ... ok
test_14_finite_false_sufficiency_not_repaired (tests_lm.test_v05_c187_restricted_acquisition.C187Tests.test_14_finite_false_sufficiency_not_repaired) ... ok
test_15_initial_sufficiency_on_needs_recorded (tests_lm.test_v05_c187_restricted_acquisition.C187Tests.test_15_initial_sufficiency_on_needs_recorded) ... ok
test_16_no_proposal_when_sufficient (tests_lm.test_v05_c187_restricted_acquisition.C187Tests.test_16_no_proposal_when_sufficient) ... ok
test_17_unnecessary_proposal_not_redeemed (tests_lm.test_v05_c187_restricted_acquisition.C187Tests.test_17_unnecessary_proposal_not_redeemed) ... ok
test_18_blind_rule_denial_is_not_semantic_needs (tests_lm.test_v05_c187_restricted_acquisition.C187Tests.test_18_blind_rule_denial_is_not_semantic_needs) ... ok
test_19_denial_cannot_publish_a_fake_zero (tests_lm.test_v05_c187_restricted_acquisition.C187Tests.test_19_denial_cannot_publish_a_fake_zero) ... ok
test_20_denial_cannot_dispatch (tests_lm.test_v05_c187_restricted_acquisition.C187Tests.test_20_denial_cannot_dispatch) ... ok
test_21_denial_has_no_acquisition_reservation (tests_lm.test_v05_c187_restricted_acquisition.C187Tests.test_21_denial_has_no_acquisition_reservation) ... ok
test_22_all_external_slots_and_source_identity (tests_lm.test_v05_c187_restricted_acquisition.C187Tests.test_22_all_external_slots_and_source_identity) ... ok
test_23_live_budget_and_outcome_cannot_reset (tests_lm.test_v05_c187_restricted_acquisition.C187Tests.test_23_live_budget_and_outcome_cannot_reset) ... ok
test_24_other_facts_bindings_clocks_preserved (tests_lm.test_v05_c187_restricted_acquisition.C187Tests.test_24_other_facts_bindings_clocks_preserved) ... ok
test_25_no_pending_retry_or_verified_answer (tests_lm.test_v05_c187_restricted_acquisition.C187Tests.test_25_no_pending_retry_or_verified_answer) ... ok
test_26_successful_candidates_and_deliberate_controls (tests_lm.test_v05_c187_restricted_acquisition.C187Tests.test_26_successful_candidates_and_deliberate_controls) ... ok
test_27_single_candidate_error_fails (tests_lm.test_v05_c187_restricted_acquisition.C187Tests.test_27_single_candidate_error_fails) ... ok
test_28_strict_order_and_count (tests_lm.test_v05_c187_restricted_acquisition.C187Tests.test_28_strict_order_and_count) ... ok
test_29_contract_errors_any_policy_fail (tests_lm.test_v05_c187_restricted_acquisition.C187Tests.test_29_contract_errors_any_policy_fail) ... ok
test_30_rule_patterns_cannot_change (tests_lm.test_v05_c187_restricted_acquisition.C187Tests.test_30_rule_patterns_cannot_change) ... ok
test_31_counters_are_nonnegative_integers (tests_lm.test_v05_c187_restricted_acquisition.C187Tests.test_31_counters_are_nonnegative_integers) ... ok
test_32_input_coordinate_change_is_exact (tests_lm.test_v05_c187_restricted_acquisition.C187Tests.test_32_input_coordinate_change_is_exact) ... ok
test_33_other_input_change_rejected (tests_lm.test_v05_c187_restricted_acquisition.C187Tests.test_33_other_input_change_rejected) ... ok
test_34_concrete_workload (tests_lm.test_v05_c187_restricted_acquisition.C187Tests.test_34_concrete_workload) ... ok
test_35_fixed_scientific_manifest (tests_lm.test_v05_c187_restricted_acquisition.C187Tests.test_35_fixed_scientific_manifest) ... ok
test_36_fixed_parent_and_replay_budget (tests_lm.test_v05_c187_restricted_acquisition.C187Tests.test_36_fixed_parent_and_replay_budget) ... ok
test_01_parameter_count (tests_lm.test_v05_c188_multimissing_target_selection.C188Tests.test_01_parameter_count) ... ok
test_02_visible_zero_is_observed (tests_lm.test_v05_c188_multimissing_target_selection.C188Tests.test_02_visible_zero_is_observed) ... ok
test_03_missing_mask_uses_presence (tests_lm.test_v05_c188_multimissing_target_selection.C188Tests.test_03_missing_mask_uses_presence) ... ok
test_04_leaf_positions (tests_lm.test_v05_c188_multimissing_target_selection.C188Tests.test_04_leaf_positions) ... ok
test_05_repeated_fact_rejected (tests_lm.test_v05_c188_multimissing_target_selection.C188Tests.test_05_repeated_fact_rejected) ... ok
test_06_influence_and (tests_lm.test_v05_c188_multimissing_target_selection.C188Tests.test_06_influence_and) ... ok
test_07_influence_or_short_circuit (tests_lm.test_v05_c188_multimissing_target_selection.C188Tests.test_07_influence_or_short_circuit) ... ok
test_08_influence_multiple_valid (tests_lm.test_v05_c188_multimissing_target_selection.C188Tests.test_08_influence_multiple_valid) ... ok
test_09_teacher_interface_has_no_labels (tests_lm.test_v05_c188_multimissing_target_selection.C188Tests.test_09_teacher_interface_has_no_labels) ... ok
test_10_registered_cohort_counts (tests_lm.test_v05_c188_multimissing_target_selection.C188Tests.test_10_registered_cohort_counts) ... ok
test_11_registered_target_size_counts (tests_lm.test_v05_c188_multimissing_target_selection.C188Tests.test_11_registered_target_size_counts) ... ok
test_12_frequency_reference_keys (tests_lm.test_v05_c188_multimissing_target_selection.C188Tests.test_12_frequency_reference_keys) ... ok
test_13_first_unknown_reference_exact (tests_lm.test_v05_c188_multimissing_target_selection.C188Tests.test_13_first_unknown_reference_exact) ... ok
test_14_frequency_reference_exact (tests_lm.test_v05_c188_multimissing_target_selection.C188Tests.test_14_frequency_reference_exact) ... ok
test_15_frequency_reference_no_unseen_key (tests_lm.test_v05_c188_multimissing_target_selection.C188Tests.test_15_frequency_reference_no_unseen_key) ... ok
test_16_frequency_tie_uses_low_slot (tests_lm.test_v05_c188_multimissing_target_selection.C188Tests.test_16_frequency_tie_uses_low_slot) ... ok
test_17_unseen_reference_has_no_fallback (tests_lm.test_v05_c188_multimissing_target_selection.C188Tests.test_17_unseen_reference_has_no_fallback) ... ok
test_18_target_metrics_counts_observed_selection (tests_lm.test_v05_c188_multimissing_target_selection.C188Tests.test_18_target_metrics_counts_observed_selection) ... ok
test_19_selector_forward_shape (tests_lm.test_v05_c188_multimissing_target_selection.C188Tests.test_19_selector_forward_shape) ... ok
test_20_selection_loss_single_valid (tests_lm.test_v05_c188_multimissing_target_selection.C188Tests.test_20_selection_loss_single_valid) ... ok
test_21_selection_loss_set_mass (tests_lm.test_v05_c188_multimissing_target_selection.C188Tests.test_21_selection_loss_set_mass) ... ok
test_22_loss_rejects_observed_valid (tests_lm.test_v05_c188_multimissing_target_selection.C188Tests.test_22_loss_rejects_observed_valid) ... ok
test_23_loss_rejects_nondiscriminating (tests_lm.test_v05_c188_multimissing_target_selection.C188Tests.test_23_loss_rejects_nondiscriminating) ... ok
test_24_head_initial_deterministic (tests_lm.test_v05_c188_multimissing_target_selection.C188Tests.test_24_head_initial_deterministic) ... ok
test_25_head_seed_changes_initial (tests_lm.test_v05_c188_multimissing_target_selection.C188Tests.test_25_head_seed_changes_initial) ... ok
test_26_toy_fit_deterministic (tests_lm.test_v05_c188_multimissing_target_selection.C188Tests.test_26_toy_fit_deterministic) ... ok
test_27_toy_fit_preserves_initial_and_features (tests_lm.test_v05_c188_multimissing_target_selection.C188Tests.test_27_toy_fit_preserves_initial_and_features) ... ok
test_28_same_head_seed_same_schedule (tests_lm.test_v05_c188_multimissing_target_selection.C188Tests.test_28_same_head_seed_same_schedule) ... ok
test_29_predict_masks_observed (tests_lm.test_v05_c188_multimissing_target_selection.C188Tests.test_29_predict_masks_observed) ... ok
test_30_gate_all_nine (tests_lm.test_v05_c188_multimissing_target_selection.C188Tests.test_30_gate_all_nine) ... ok
test_31_gate_one_failure (tests_lm.test_v05_c188_multimissing_target_selection.C188Tests.test_31_gate_one_failure) ... ok
test_32_gate_tie_fails (tests_lm.test_v05_c188_multimissing_target_selection.C188Tests.test_32_gate_tie_fails) ... ok
test_33_gate_observed_selection_fails (tests_lm.test_v05_c188_multimissing_target_selection.C188Tests.test_33_gate_observed_selection_fails) ... ok
test_34_manifest_hash_fixed (tests_lm.test_v05_c188_multimissing_target_selection.C188Tests.test_34_manifest_hash_fixed) ... ok
test_35_manifest_workload (tests_lm.test_v05_c188_multimissing_target_selection.C188Tests.test_35_manifest_workload) ... ok
test_36_scope_has_no_live_acquisition (tests_lm.test_v05_c188_multimissing_target_selection.C188Tests.test_36_scope_has_no_live_acquisition) ... ok
test_01_source_zero_exact_selected_fact (tests_lm.test_v05_c189_live_multimissing_target.C189Tests.test_01_source_zero_exact_selected_fact) ... ok
test_02_source_one_exact_selected_fact (tests_lm.test_v05_c189_live_multimissing_target.C189Tests.test_02_source_one_exact_selected_fact) ... ok
test_03_source_identity_rejects_bool_and_unregistered (tests_lm.test_v05_c189_live_multimissing_target.C189Tests.test_03_source_identity_rejects_bool_and_unregistered) ... ok
test_04_encode_views_direct_layout (tests_lm.test_v05_c189_live_multimissing_target.C189Tests.test_04_encode_views_direct_layout) ... ok
test_05_encode_views_no_canonicalization (tests_lm.test_v05_c189_live_multimissing_target.C189Tests.test_05_encode_views_no_canonicalization) ... ok
test_06_restore_selector_roundtrip (tests_lm.test_v05_c189_live_multimissing_target.C189Tests.test_06_restore_selector_roundtrip) ... ok
test_07_restore_selector_rejects_metadata (tests_lm.test_v05_c189_live_multimissing_target.C189Tests.test_07_restore_selector_rejects_metadata) ... ok
test_08_restore_selector_rejects_fingerprint (tests_lm.test_v05_c189_live_multimissing_target.C189Tests.test_08_restore_selector_rejects_fingerprint) ... ok
test_09_parent_prediction_loader (tests_lm.test_v05_c189_live_multimissing_target.C189Tests.test_09_parent_prediction_loader) ... ok
test_10_parent_prediction_loader_missing_member (tests_lm.test_v05_c189_live_multimissing_target.C189Tests.test_10_parent_prediction_loader_missing_member) ... ok
test_11_combined_predict_shapes_and_mask (tests_lm.test_v05_c189_live_multimissing_target.C189Tests.test_11_combined_predict_shapes_and_mask) ... ok
test_12_target_hidden_path_resource_invariant (tests_lm.test_v05_c189_live_multimissing_target.C189Tests.test_12_target_hidden_path_resource_invariant) ... ok
test_13_combined_predict_preserves_weights (tests_lm.test_v05_c189_live_multimissing_target.C189Tests.test_13_combined_predict_preserves_weights) ... ok
test_14_necessity_predict_raw_argmax (tests_lm.test_v05_c189_live_multimissing_target.C189Tests.test_14_necessity_predict_raw_argmax) ... ok
test_15_target_teacher_is_scoring_only_signature (tests_lm.test_v05_c189_live_multimissing_target.C189Tests.test_15_target_teacher_is_scoring_only_signature) ... ok
test_16_post_label_simple_and (tests_lm.test_v05_c189_live_multimissing_target.C189Tests.test_16_post_label_simple_and) ... ok
test_17_acquire_selected_dynamic_fact (tests_lm.test_v05_c189_live_multimissing_target.C189Tests.test_17_acquire_selected_dynamic_fact) ... ok
test_18_acquire_selected_rejects_observed (tests_lm.test_v05_c189_live_multimissing_target.C189Tests.test_18_acquire_selected_rejects_observed) ... ok
test_19_acquire_selected_no_second_dispatch (tests_lm.test_v05_c189_live_multimissing_target.C189Tests.test_19_acquire_selected_no_second_dispatch) ... ok
test_20_run_block_learned_target_drives_real_io (tests_lm.test_v05_c189_live_multimissing_target.C189Tests.test_20_run_block_learned_target_drives_real_io) ... ok
test_21_run_block_has_one_acquisition_each (tests_lm.test_v05_c189_live_multimissing_target.C189Tests.test_21_run_block_has_one_acquisition_each) ... ok
test_22_run_block_post_need_does_not_reacquire (tests_lm.test_v05_c189_live_multimissing_target.C189Tests.test_22_run_block_post_need_does_not_reacquire) ... ok
test_23_run_block_charges_two_decisions (tests_lm.test_v05_c189_live_multimissing_target.C189Tests.test_23_run_block_charges_two_decisions) ... ok
test_24_gate_accepts_exact_profile (tests_lm.test_v05_c189_live_multimissing_target.C189Tests.test_24_gate_accepts_exact_profile) ... ok
test_25_gate_requires_all_eighteen_blocks (tests_lm.test_v05_c189_live_multimissing_target.C189Tests.test_25_gate_requires_all_eighteen_blocks) ... ok
test_26_gate_rejects_target_error (tests_lm.test_v05_c189_live_multimissing_target.C189Tests.test_26_gate_rejects_target_error) ... ok
test_27_gate_rejects_discriminating_target_error (tests_lm.test_v05_c189_live_multimissing_target.C189Tests.test_27_gate_rejects_discriminating_target_error) ... ok
test_28_gate_rejects_initial_need_error (tests_lm.test_v05_c189_live_multimissing_target.C189Tests.test_28_gate_rejects_initial_need_error) ... ok
test_29_gate_rejects_post_error (tests_lm.test_v05_c189_live_multimissing_target.C189Tests.test_29_gate_rejects_post_error) ... ok
test_30_gate_rejects_contract_error (tests_lm.test_v05_c189_live_multimissing_target.C189Tests.test_30_gate_rejects_contract_error) ... ok
test_31_gate_rejects_io_count (tests_lm.test_v05_c189_live_multimissing_target.C189Tests.test_31_gate_rejects_io_count) ... ok
test_32_gate_rejects_decision_accounting (tests_lm.test_v05_c189_live_multimissing_target.C189Tests.test_32_gate_rejects_decision_accounting) ... ok
test_33_gate_rejects_parent_replay (tests_lm.test_v05_c189_live_multimissing_target.C189Tests.test_33_gate_rejects_parent_replay) ... ok
test_34_gate_rejects_target_logit_drift (tests_lm.test_v05_c189_live_multimissing_target.C189Tests.test_34_gate_rejects_target_logit_drift) ... ok
test_35_manifest_hash_and_scope (tests_lm.test_v05_c189_live_multimissing_target.C189Tests.test_35_manifest_hash_and_scope) ... ok
test_36_policy_interfaces_have_no_teacher_or_answer (tests_lm.test_v05_c189_live_multimissing_target.C189Tests.test_36_policy_interfaces_have_no_teacher_or_answer) ... ok
test_01_world_count (tests_lm.test_v05_c190_iterative_multimissing_acquisition.C190Tests.test_01_world_count) ... ok
test_02_world_zero_records_all_facts (tests_lm.test_v05_c190_iterative_multimissing_acquisition.C190Tests.test_02_world_zero_records_all_facts) ... ok
test_03_world_fifteen_records_ones (tests_lm.test_v05_c190_iterative_multimissing_acquisition.C190Tests.test_03_world_fifteen_records_ones) ... ok
test_04_world_code_rejects_bool (tests_lm.test_v05_c190_iterative_multimissing_acquisition.C190Tests.test_04_world_code_rejects_bool) ... ok
test_05_world_code_rejects_range (tests_lm.test_v05_c190_iterative_multimissing_acquisition.C190Tests.test_05_world_code_rejects_range) ... ok
test_06_consistent_worlds_missing2 (tests_lm.test_v05_c190_iterative_multimissing_acquisition.C190Tests.test_06_consistent_worlds_missing2) ... ok
test_07_consistent_worlds_missing3 (tests_lm.test_v05_c190_iterative_multimissing_acquisition.C190Tests.test_07_consistent_worlds_missing3) ... ok
test_08_consistent_worlds_preserve_visible (tests_lm.test_v05_c190_iterative_multimissing_acquisition.C190Tests.test_08_consistent_worlds_preserve_visible) ... ok
test_09_expand_registered_counts (tests_lm.test_v05_c190_iterative_multimissing_acquisition.C190Tests.test_09_expand_registered_counts) ... ok
test_10_make_views_preserves_epoch_and_world_hidden (tests_lm.test_v05_c190_iterative_multimissing_acquisition.C190Tests.test_10_make_views_preserves_epoch_and_world_hidden) ... ok
test_11_parent_loader_shape (tests_lm.test_v05_c190_iterative_multimissing_acquisition.C190Tests.test_11_parent_loader_shape) ... ok
test_12_parent_loader_rejects_bit_dependent_initial (tests_lm.test_v05_c190_iterative_multimissing_acquisition.C190Tests.test_12_parent_loader_rejects_bit_dependent_initial) ... ok
test_13_initial_policy_cache_unique_rows (tests_lm.test_v05_c190_iterative_multimissing_acquisition.C190Tests.test_13_initial_policy_cache_unique_rows) ... ok
test_14_first_acquisition_real_io (tests_lm.test_v05_c190_iterative_multimissing_acquisition.C190Tests.test_14_first_acquisition_real_io) ... ok
test_15_second_acquisition_same_snapshot (tests_lm.test_v05_c190_iterative_multimissing_acquisition.C190Tests.test_15_second_acquisition_same_snapshot) ... ok
test_16_run_block_stops_after_first_when_sufficient (tests_lm.test_v05_c190_iterative_multimissing_acquisition.C190Tests.test_16_run_block_stops_after_first_when_sufficient) ... ok
test_17_run_block_two_acquisitions (tests_lm.test_v05_c190_iterative_multimissing_acquisition.C190Tests.test_17_run_block_two_acquisitions) ... ok
test_18_run_block_never_third_acquisition (tests_lm.test_v05_c190_iterative_multimissing_acquisition.C190Tests.test_18_run_block_never_third_acquisition) ... ok
test_19_resource_state_after_one_acquisition (tests_lm.test_v05_c190_iterative_multimissing_acquisition.C190Tests.test_19_resource_state_after_one_acquisition) ... ok
test_20_resource_state_after_two_acquisitions (tests_lm.test_v05_c190_iterative_multimissing_acquisition.C190Tests.test_20_resource_state_after_two_acquisitions) ... ok
test_21_gate_accepts_dynamic_second_count (tests_lm.test_v05_c190_iterative_multimissing_acquisition.C190Tests.test_21_gate_accepts_dynamic_second_count) ... ok
test_22_gate_requires_nine_blocks (tests_lm.test_v05_c190_iterative_multimissing_acquisition.C190Tests.test_22_gate_requires_nine_blocks) ... ok
test_23_gate_rejects_first_target_error (tests_lm.test_v05_c190_iterative_multimissing_acquisition.C190Tests.test_23_gate_rejects_first_target_error) ... ok
test_24_gate_rejects_second_target_error (tests_lm.test_v05_c190_iterative_multimissing_acquisition.C190Tests.test_24_gate_rejects_second_target_error) ... ok
test_25_gate_rejects_repeat (tests_lm.test_v05_c190_iterative_multimissing_acquisition.C190Tests.test_25_gate_rejects_repeat) ... ok
test_26_gate_rejects_post2_error (tests_lm.test_v05_c190_iterative_multimissing_acquisition.C190Tests.test_26_gate_rejects_post2_error) ... ok
test_27_gate_rejects_second_io_mismatch (tests_lm.test_v05_c190_iterative_multimissing_acquisition.C190Tests.test_27_gate_rejects_second_io_mismatch) ... ok
test_28_gate_rejects_decision_accounting (tests_lm.test_v05_c190_iterative_multimissing_acquisition.C190Tests.test_28_gate_rejects_decision_accounting) ... ok
test_29_gate_rejects_internal_accounting (tests_lm.test_v05_c190_iterative_multimissing_acquisition.C190Tests.test_29_gate_rejects_internal_accounting) ... ok
test_30_gate_rejects_initial_logit_drift (tests_lm.test_v05_c190_iterative_multimissing_acquisition.C190Tests.test_30_gate_rejects_initial_logit_drift) ... ok
test_31_manifest_hash_fixed (tests_lm.test_v05_c190_iterative_multimissing_acquisition.C190Tests.test_31_manifest_hash_fixed) ... ok
test_32_manifest_world_workload (tests_lm.test_v05_c190_iterative_multimissing_acquisition.C190Tests.test_32_manifest_world_workload) ... ok
test_33_manifest_scope (tests_lm.test_v05_c190_iterative_multimissing_acquisition.C190Tests.test_33_manifest_scope) ... ok
test_34_source_hashes_fixed (tests_lm.test_v05_c190_iterative_multimissing_acquisition.C190Tests.test_34_source_hashes_fixed) ... ok
test_35_outputs_exact_count (tests_lm.test_v05_c190_iterative_multimissing_acquisition.C190Tests.test_35_outputs_exact_count) ... ok
test_36_policy_interfaces_have_no_teacher_or_answer (tests_lm.test_v05_c190_iterative_multimissing_acquisition.C190Tests.test_36_policy_interfaces_have_no_teacher_or_answer) ... ok
test_01_manifest_hash (tests_lm.test_v05_c191_third_acquisition_budget.C191Tests.test_01_manifest_hash) ... ok
test_02_manifest_scope (tests_lm.test_v05_c191_third_acquisition_budget.C191Tests.test_02_manifest_scope) ... ok
test_03_expected_order (tests_lm.test_v05_c191_third_acquisition_budget.C191Tests.test_03_expected_order) ... ok
test_04_gate_accepts (tests_lm.test_v05_c191_third_acquisition_budget.C191Tests.test_04_gate_accepts) ... ok
test_05_gate_requires_nine (tests_lm.test_v05_c191_third_acquisition_budget.C191Tests.test_05_gate_requires_nine) ... ok
test_06_gate_rejects_target2_error (tests_lm.test_v05_c191_third_acquisition_budget.C191Tests.test_06_gate_rejects_target2_error) ... ok
test_07_gate_rejects_repeat (tests_lm.test_v05_c191_third_acquisition_budget.C191Tests.test_07_gate_rejects_repeat) ... ok
test_08_gate_rejects_third_io (tests_lm.test_v05_c191_third_acquisition_budget.C191Tests.test_08_gate_rejects_third_io) ... ok
test_09_gate_rejects_final_logical_need (tests_lm.test_v05_c191_third_acquisition_budget.C191Tests.test_09_gate_rejects_final_logical_need) ... ok
test_10_gate_rejects_fourth_decision (tests_lm.test_v05_c191_third_acquisition_budget.C191Tests.test_10_gate_rejects_fourth_decision) ... ok
test_11_gate_rejects_read_accounting (tests_lm.test_v05_c191_third_acquisition_budget.C191Tests.test_11_gate_rejects_read_accounting) ... ok
test_12_gate_rejects_replay_error (tests_lm.test_v05_c191_third_acquisition_budget.C191Tests.test_12_gate_rejects_replay_error) ... ok
test_13_gate_rejects_logit_drift (tests_lm.test_v05_c191_third_acquisition_budget.C191Tests.test_13_gate_rejects_logit_drift) ... ok
test_14_load_parent_shapes (tests_lm.test_v05_c191_third_acquisition_budget.C191Tests.test_14_load_parent_shapes) ... ok
test_15_load_parent_rejects_schema (tests_lm.test_v05_c191_third_acquisition_budget.C191Tests.test_15_load_parent_rejects_schema) ... ok
test_16_run_three_acquisitions (tests_lm.test_v05_c191_third_acquisition_budget.C191Tests.test_16_run_three_acquisitions) ... ok
test_17_third_exhausts_internal_budget (tests_lm.test_v05_c191_third_acquisition_budget.C191Tests.test_17_third_exhausts_internal_budget) ... ok
test_18_third_observes_all_facts (tests_lm.test_v05_c191_third_acquisition_budget.C191Tests.test_18_third_observes_all_facts) ... ok
test_19_phase2_sufficient_stops_at_two (tests_lm.test_v05_c191_third_acquisition_budget.C191Tests.test_19_phase2_sufficient_stops_at_two) ... ok
test_20_target2_scope_declared_trivial (tests_lm.test_v05_c191_third_acquisition_budget.C191Tests.test_20_target2_scope_declared_trivial) ... ok
test_21_budget_is_unchanged (tests_lm.test_v05_c191_third_acquisition_budget.C191Tests.test_21_budget_is_unchanged) ... ok
test_22_no_post3_learned_decision (tests_lm.test_v05_c191_third_acquisition_budget.C191Tests.test_22_no_post3_learned_decision) ... ok
test_23_outputs_count (tests_lm.test_v05_c191_third_acquisition_budget.C191Tests.test_23_outputs_count) ... ok
test_24_fixed_source_worlds (tests_lm.test_v05_c191_third_acquisition_budget.C191Tests.test_24_fixed_source_worlds) ... ok
test_01_manifest_hash (tests_lm.test_v05_c192_post3_shadow_necessity.C192Tests.test_01_manifest_hash) ... ok
test_02_manifest_workload (tests_lm.test_v05_c192_post3_shadow_necessity.C192Tests.test_02_manifest_workload) ... ok
test_03_outputs_exact (tests_lm.test_v05_c192_post3_shadow_necessity.C192Tests.test_03_outputs_exact) ... ok
test_04_expected_order (tests_lm.test_v05_c192_post3_shadow_necessity.C192Tests.test_04_expected_order) ... ok
test_05_gate_accepts (tests_lm.test_v05_c192_post3_shadow_necessity.C192Tests.test_05_gate_accepts) ... ok
test_06_gate_requires_nine (tests_lm.test_v05_c192_post3_shadow_necessity.C192Tests.test_06_gate_requires_nine) ... ok
test_07_gate_rejects_shadow_error (tests_lm.test_v05_c192_post3_shadow_necessity.C192Tests.test_07_gate_rejects_shadow_error) ... ok
test_08_gate_rejects_nonfinite (tests_lm.test_v05_c192_post3_shadow_necessity.C192Tests.test_08_gate_rejects_nonfinite) ... ok
test_09_gate_rejects_logical_error (tests_lm.test_v05_c192_post3_shadow_necessity.C192Tests.test_09_gate_rejects_logical_error) ... ok
test_10_gate_rejects_mutation (tests_lm.test_v05_c192_post3_shadow_necessity.C192Tests.test_10_gate_rejects_mutation) ... ok
test_11_gate_requires_928_shadow_rows (tests_lm.test_v05_c192_post3_shadow_necessity.C192Tests.test_11_gate_requires_928_shadow_rows) ... ok
test_12_gate_rejects_extra_read (tests_lm.test_v05_c192_post3_shadow_necessity.C192Tests.test_12_gate_rejects_extra_read) ... ok
test_13_gate_rejects_parent_prediction_error (tests_lm.test_v05_c192_post3_shadow_necessity.C192Tests.test_13_gate_rejects_parent_prediction_error) ... ok
test_14_gate_rejects_parent_logit_drift (tests_lm.test_v05_c192_post3_shadow_necessity.C192Tests.test_14_gate_rejects_parent_logit_drift) ... ok
test_15_packet_from_dict (tests_lm.test_v05_c192_post3_shadow_necessity.C192Tests.test_15_packet_from_dict) ... ok
test_16_parent_loader_shapes (tests_lm.test_v05_c192_post3_shadow_necessity.C192Tests.test_16_parent_loader_shapes) ... ok
test_17_parent_loader_rejects_schema (tests_lm.test_v05_c192_post3_shadow_necessity.C192Tests.test_17_parent_loader_rejects_schema) ... ok
test_18_assess_shadow_pass (tests_lm.test_v05_c192_post3_shadow_necessity.C192Tests.test_18_assess_shadow_pass) ... ok
test_19_assess_shadow_wrong_prediction (tests_lm.test_v05_c192_post3_shadow_necessity.C192Tests.test_19_assess_shadow_wrong_prediction) ... ok
test_20_assess_shadow_nonfinite (tests_lm.test_v05_c192_post3_shadow_necessity.C192Tests.test_20_assess_shadow_nonfinite) ... ok
test_21_assess_shadow_logical_teacher_error (tests_lm.test_v05_c192_post3_shadow_necessity.C192Tests.test_21_assess_shadow_logical_teacher_error) ... ok
test_22_noneligible_not_scored (tests_lm.test_v05_c192_post3_shadow_necessity.C192Tests.test_22_noneligible_not_scored) ... ok
test_23_shadow_is_declared_non_authoritative (tests_lm.test_v05_c192_post3_shadow_necessity.C192Tests.test_23_shadow_is_declared_non_authoritative) ... ok
test_24_budget_is_not_changed (tests_lm.test_v05_c192_post3_shadow_necessity.C192Tests.test_24_budget_is_not_changed) ... ok
test_01_manifest_hash (tests_lm.test_v05_c193_budget13_authoritative_closure.C193Tests.test_01_manifest_hash) ... ok
test_02_manifest_scope (tests_lm.test_v05_c193_budget13_authoritative_closure.C193Tests.test_02_manifest_scope) ... ok
test_03_outputs_exact (tests_lm.test_v05_c193_budget13_authoritative_closure.C193Tests.test_03_outputs_exact) ... ok
test_04_expected_order (tests_lm.test_v05_c193_budget13_authoritative_closure.C193Tests.test_04_expected_order) ... ok
test_05_budget13_only_coordinate62 (tests_lm.test_v05_c193_budget13_authoritative_closure.C193Tests.test_05_budget13_only_coordinate62) ... ok
test_06_budget13_does_not_mutate_input (tests_lm.test_v05_c193_budget13_authoritative_closure.C193Tests.test_06_budget13_does_not_mutate_input) ... ok
test_07_budget13_rejects_non12 (tests_lm.test_v05_c193_budget13_authoritative_closure.C193Tests.test_07_budget13_rejects_non12) ... ok
test_08_initial_cache_charges_to12 (tests_lm.test_v05_c193_budget13_authoritative_closure.C193Tests.test_08_initial_cache_charges_to12) ... ok
test_09_run_three_acquisitions_and_final_decision (tests_lm.test_v05_c193_budget13_authoritative_closure.C193Tests.test_09_run_three_acquisitions_and_final_decision) ... ok
test_10_final_resources_exact (tests_lm.test_v05_c193_budget13_authoritative_closure.C193Tests.test_10_final_resources_exact) ... ok
test_11_final_decision_is_charged (tests_lm.test_v05_c193_budget13_authoritative_closure.C193Tests.test_11_final_decision_is_charged) ... ok
test_12_gate_accepts (tests_lm.test_v05_c193_budget13_authoritative_closure.C193Tests.test_12_gate_accepts) ... ok
test_13_gate_requires_nine (tests_lm.test_v05_c193_budget13_authoritative_closure.C193Tests.test_13_gate_requires_nine) ... ok
test_14_gate_rejects_necessity_error (tests_lm.test_v05_c193_budget13_authoritative_closure.C193Tests.test_14_gate_rejects_necessity_error) ... ok
test_15_gate_rejects_target_error (tests_lm.test_v05_c193_budget13_authoritative_closure.C193Tests.test_15_gate_rejects_target_error) ... ok
test_16_gate_rejects_acquisition_error (tests_lm.test_v05_c193_budget13_authoritative_closure.C193Tests.test_16_gate_rejects_acquisition_error) ... ok
test_17_gate_rejects_final_error (tests_lm.test_v05_c193_budget13_authoritative_closure.C193Tests.test_17_gate_rejects_final_error) ... ok
test_18_gate_requires_third_coverage (tests_lm.test_v05_c193_budget13_authoritative_closure.C193Tests.test_18_gate_requires_third_coverage) ... ok
test_19_gate_requires_final_equals_third (tests_lm.test_v05_c193_budget13_authoritative_closure.C193Tests.test_19_gate_requires_final_equals_third) ... ok
test_20_gate_read_accounting (tests_lm.test_v05_c193_budget13_authoritative_closure.C193Tests.test_20_gate_read_accounting) ... ok
test_21_resource_path_declared (tests_lm.test_v05_c193_budget13_authoritative_closure.C193Tests.test_21_resource_path_declared) ... ok
test_22_model_visibility_declared (tests_lm.test_v05_c193_budget13_authoritative_closure.C193Tests.test_22_model_visibility_declared) ... ok
test_23_no_parent_prediction_loader_dependency (tests_lm.test_v05_c193_budget13_authoritative_closure.C193Tests.test_23_no_parent_prediction_loader_dependency) ... ok
test_24_run_path_uses_budget13_for_unique_and_expanded (tests_lm.test_v05_c193_budget13_authoritative_closure.C193Tests.test_24_run_path_uses_budget13_for_unique_and_expanded) ... ok
test_01_manifest_hash (tests_lm.test_v05_c194_generic_bounded_loop.C194Tests.test_01_manifest_hash) ... ok
test_02_manifest_scope (tests_lm.test_v05_c194_generic_bounded_loop.C194Tests.test_02_manifest_scope) ... ok
test_03_derived_bound (tests_lm.test_v05_c194_generic_bounded_loop.C194Tests.test_03_derived_bound) ... ok
test_04_outputs_exact (tests_lm.test_v05_c194_generic_bounded_loop.C194Tests.test_04_outputs_exact) ... ok
test_05_expected_order (tests_lm.test_v05_c194_generic_bounded_loop.C194Tests.test_05_expected_order) ... ok
test_06_generic_loop_three_acquisitions (tests_lm.test_v05_c194_generic_bounded_loop.C194Tests.test_06_generic_loop_three_acquisitions) ... ok
test_07_generic_loop_four_decisions (tests_lm.test_v05_c194_generic_bounded_loop.C194Tests.test_07_generic_loop_four_decisions) ... ok
test_08_generic_loop_final_sufficient (tests_lm.test_v05_c194_generic_bounded_loop.C194Tests.test_08_generic_loop_final_sufficient) ... ok
test_09_generic_loop_final_resources (tests_lm.test_v05_c194_generic_bounded_loop.C194Tests.test_09_generic_loop_final_resources) ... ok
test_10_arrays_match_parent_shapes (tests_lm.test_v05_c194_generic_bounded_loop.C194Tests.test_10_arrays_match_parent_shapes) ... ok
test_11_loop_source_has_no_phase1_branch (tests_lm.test_v05_c194_generic_bounded_loop.C194Tests.test_11_loop_source_has_no_phase1_branch) ... ok
test_12_loop_target_mode_is_state_driven (tests_lm.test_v05_c194_generic_bounded_loop.C194Tests.test_12_loop_target_mode_is_state_driven) ... ok
test_13_gate_accepts (tests_lm.test_v05_c194_generic_bounded_loop.C194Tests.test_13_gate_accepts) ... ok
test_14_gate_requires_nine (tests_lm.test_v05_c194_generic_bounded_loop.C194Tests.test_14_gate_requires_nine) ... ok
test_15_gate_rejects_parent_replay (tests_lm.test_v05_c194_generic_bounded_loop.C194Tests.test_15_gate_rejects_parent_replay) ... ok
test_16_gate_rejects_parent_block_mismatch (tests_lm.test_v05_c194_generic_bounded_loop.C194Tests.test_16_gate_rejects_parent_block_mismatch) ... ok
test_17_gate_rejects_prediction_error (tests_lm.test_v05_c194_generic_bounded_loop.C194Tests.test_17_gate_rejects_prediction_error) ... ok
test_18_gate_rejects_logit_drift (tests_lm.test_v05_c194_generic_bounded_loop.C194Tests.test_18_gate_rejects_logit_drift) ... ok
test_19_gate_rejects_scientific_error (tests_lm.test_v05_c194_generic_bounded_loop.C194Tests.test_19_gate_rejects_scientific_error) ... ok
test_20_gate_read_accounting (tests_lm.test_v05_c194_generic_bounded_loop.C194Tests.test_20_gate_read_accounting) ... ok
test_21_parent_replay_metrics_exact (tests_lm.test_v05_c194_generic_bounded_loop.C194Tests.test_21_parent_replay_metrics_exact) ... ok
test_22_parent_loader_shapes (tests_lm.test_v05_c194_generic_bounded_loop.C194Tests.test_22_parent_loader_shapes) ... ok
test_23_parent_loader_rejects_schema (tests_lm.test_v05_c194_generic_bounded_loop.C194Tests.test_23_parent_loader_rejects_schema) ... ok
test_24_run_uses_child_parent_loader (tests_lm.test_v05_c194_generic_bounded_loop.C194Tests.test_24_run_uses_child_parent_loader) ... ok
test_01_manifest_hash (tests_lm.test_v05_c195_generic_loop_budget12_exhaustion.C195Tests.test_01_manifest_hash) ... ok
test_02_manifest_scope (tests_lm.test_v05_c195_generic_loop_budget12_exhaustion.C195Tests.test_02_manifest_scope) ... ok
test_03_outputs_exact (tests_lm.test_v05_c195_generic_loop_budget12_exhaustion.C195Tests.test_03_outputs_exact) ... ok
test_04_expected_order (tests_lm.test_v05_c195_generic_loop_budget12_exhaustion.C195Tests.test_04_expected_order) ... ok
test_05_budget12_three_acquisitions (tests_lm.test_v05_c195_generic_loop_budget12_exhaustion.C195Tests.test_05_budget12_three_acquisitions) ... ok
test_06_fourth_debit_refused (tests_lm.test_v05_c195_generic_loop_budget12_exhaustion.C195Tests.test_06_fourth_debit_refused) ... ok
test_07_exhausted_status (tests_lm.test_v05_c195_generic_loop_budget12_exhaustion.C195Tests.test_07_exhausted_status) ... ok
test_08_exhausted_resources_exact (tests_lm.test_v05_c195_generic_loop_budget12_exhaustion.C195Tests.test_08_exhausted_resources_exact) ... ok
test_09_no_unauthorized_phase3_prediction (tests_lm.test_v05_c195_generic_loop_budget12_exhaustion.C195Tests.test_09_no_unauthorized_phase3_prediction) ... ok
test_10_earlier_sufficient_still_stops (tests_lm.test_v05_c195_generic_loop_budget12_exhaustion.C195Tests.test_10_earlier_sufficient_still_stops) ... ok
test_11_reference_replay_exact (tests_lm.test_v05_c195_generic_loop_budget12_exhaustion.C195Tests.test_11_reference_replay_exact) ... ok
test_12_replay_detects_unauthorized_final (tests_lm.test_v05_c195_generic_loop_budget12_exhaustion.C195Tests.test_12_replay_detects_unauthorized_final) ... ok
test_13_gate_accepts (tests_lm.test_v05_c195_generic_loop_budget12_exhaustion.C195Tests.test_13_gate_accepts) ... ok
test_14_gate_requires_nine (tests_lm.test_v05_c195_generic_loop_budget12_exhaustion.C195Tests.test_14_gate_requires_nine) ... ok
test_15_gate_rejects_fake_final (tests_lm.test_v05_c195_generic_loop_budget12_exhaustion.C195Tests.test_15_gate_rejects_fake_final) ... ok
test_16_gate_rejects_resource_error (tests_lm.test_v05_c195_generic_loop_budget12_exhaustion.C195Tests.test_16_gate_rejects_resource_error) ... ok
test_17_gate_requires_928_exhausted (tests_lm.test_v05_c195_generic_loop_budget12_exhaustion.C195Tests.test_17_gate_requires_928_exhausted) ... ok
test_18_gate_rejects_reference_prediction_error (tests_lm.test_v05_c195_generic_loop_budget12_exhaustion.C195Tests.test_18_gate_rejects_reference_prediction_error) ... ok
test_19_gate_rejects_logit_drift (tests_lm.test_v05_c195_generic_loop_budget12_exhaustion.C195Tests.test_19_gate_rejects_logit_drift) ... ok
test_20_gate_read_accounting (tests_lm.test_v05_c195_generic_loop_budget12_exhaustion.C195Tests.test_20_gate_read_accounting) ... ok
test_21_reference_loader_shapes (tests_lm.test_v05_c195_generic_loop_budget12_exhaustion.C195Tests.test_21_reference_loader_shapes) ... ok
test_22_reference_loader_rejects_schema (tests_lm.test_v05_c195_generic_loop_budget12_exhaustion.C195Tests.test_22_reference_loader_rejects_schema) ... ok
test_23_run_reuses_generic_loop (tests_lm.test_v05_c195_generic_loop_budget12_exhaustion.C195Tests.test_23_run_reuses_generic_loop) ... ok
test_24_run_uses_child_reference_loader (tests_lm.test_v05_c195_generic_loop_budget12_exhaustion.C195Tests.test_24_run_uses_child_reference_loader) ... ok
test_01_manifest_hash (tests_lm.test_v05_c196_result_aware_generic_loop.C196Tests.test_01_manifest_hash) ... ok
test_02_manifest_scope (tests_lm.test_v05_c196_result_aware_generic_loop.C196Tests.test_02_manifest_scope) ... ok
test_03_outputs_exact (tests_lm.test_v05_c196_result_aware_generic_loop.C196Tests.test_03_outputs_exact) ... ok
test_04_expected_order (tests_lm.test_v05_c196_result_aware_generic_loop.C196Tests.test_04_expected_order) ... ok
test_05_admitted_true_only_for_published_observation (tests_lm.test_v05_c196_result_aware_generic_loop.C196Tests.test_05_admitted_true_only_for_published_observation) ... ok
test_06_permission_refresh_only_revokes_retrieve (tests_lm.test_v05_c196_result_aware_generic_loop.C196Tests.test_06_permission_refresh_only_revokes_retrieve) ... ok
test_07_allowed_three_acquisitions (tests_lm.test_v05_c196_result_aware_generic_loop.C196Tests.test_07_allowed_three_acquisitions) ... ok
test_08_allowed_final_sufficient (tests_lm.test_v05_c196_result_aware_generic_loop.C196Tests.test_08_allowed_final_sufficient) ... ok
test_09_allowed_resources_exact (tests_lm.test_v05_c196_result_aware_generic_loop.C196Tests.test_09_allowed_resources_exact) ... ok
test_10_denied_one_attempt_no_provider_read (tests_lm.test_v05_c196_result_aware_generic_loop.C196Tests.test_10_denied_one_attempt_no_provider_read) ... ok
test_11_denied_status_and_reason (tests_lm.test_v05_c196_result_aware_generic_loop.C196Tests.test_11_denied_status_and_reason) ... ok
test_12_denied_no_retry (tests_lm.test_v05_c196_result_aware_generic_loop.C196Tests.test_12_denied_no_retry) ... ok
test_13_denied_resources_exact (tests_lm.test_v05_c196_result_aware_generic_loop.C196Tests.test_13_denied_resources_exact) ... ok
test_14_denied_no_receipt_or_fact_mutation (tests_lm.test_v05_c196_result_aware_generic_loop.C196Tests.test_14_denied_no_receipt_or_fact_mutation) ... ok
test_15_result_aware_source_continues_only_if_admitted (tests_lm.test_v05_c196_result_aware_generic_loop.C196Tests.test_15_result_aware_source_continues_only_if_admitted) ... ok
test_16_gate_accepts (tests_lm.test_v05_c196_result_aware_generic_loop.C196Tests.test_16_gate_accepts) ... ok
test_17_gate_rejects_allowed_replay_error (tests_lm.test_v05_c196_result_aware_generic_loop.C196Tests.test_17_gate_rejects_allowed_replay_error) ... ok
test_18_gate_rejects_allowed_block_mismatch (tests_lm.test_v05_c196_result_aware_generic_loop.C196Tests.test_18_gate_rejects_allowed_block_mismatch) ... ok
test_19_gate_rejects_denial_retry (tests_lm.test_v05_c196_result_aware_generic_loop.C196Tests.test_19_gate_rejects_denial_retry) ... ok
test_20_gate_rejects_denial_provider_call (tests_lm.test_v05_c196_result_aware_generic_loop.C196Tests.test_20_gate_rejects_denial_provider_call) ... ok
test_21_gate_rejects_denial_resource_error (tests_lm.test_v05_c196_result_aware_generic_loop.C196Tests.test_21_gate_rejects_denial_resource_error) ... ok
test_22_c194_loader_shapes (tests_lm.test_v05_c196_result_aware_generic_loop.C196Tests.test_22_c194_loader_shapes) ... ok
test_23_c194_loader_rejects_schema (tests_lm.test_v05_c196_result_aware_generic_loop.C196Tests.test_23_c194_loader_rejects_schema) ... ok
test_24_run_uses_child_loader_and_post_decision_revocation (tests_lm.test_v05_c196_result_aware_generic_loop.C196Tests.test_24_run_uses_child_loader_and_post_decision_revocation) ... ok
test_01_manifest_hash (tests_lm.test_v05_c197_provider_failure_generic_loop.C197Tests.test_01_manifest_hash) ... ok
test_02_manifest_scope (tests_lm.test_v05_c197_provider_failure_generic_loop.C197Tests.test_02_manifest_scope) ... ok
test_03_outputs_exact (tests_lm.test_v05_c197_provider_failure_generic_loop.C197Tests.test_03_outputs_exact) ... ok
test_04_expected_order (tests_lm.test_v05_c197_provider_failure_generic_loop.C197Tests.test_04_expected_order) ... ok
test_05_failing_provider_counts_and_raises (tests_lm.test_v05_c197_provider_failure_generic_loop.C197Tests.test_05_failing_provider_counts_and_raises) ... ok
test_06_integration_one_provider_call (tests_lm.test_v05_c197_provider_failure_generic_loop.C197Tests.test_06_integration_one_provider_call) ... ok
test_07_integration_reserved_then_provider_failure (tests_lm.test_v05_c197_provider_failure_generic_loop.C197Tests.test_07_integration_reserved_then_provider_failure) ... ok
test_08_reason_propagates_to_loop_status (tests_lm.test_v05_c197_provider_failure_generic_loop.C197Tests.test_08_reason_propagates_to_loop_status) ... ok
test_09_failure_no_retry (tests_lm.test_v05_c197_provider_failure_generic_loop.C197Tests.test_09_failure_no_retry) ... ok
test_10_failure_resources_exact (tests_lm.test_v05_c197_provider_failure_generic_loop.C197Tests.test_10_failure_resources_exact) ... ok
test_11_failure_no_receipt_or_fact_mutation (tests_lm.test_v05_c197_provider_failure_generic_loop.C197Tests.test_11_failure_no_receipt_or_fact_mutation) ... ok
test_12_score_failure_accepts_integration_record (tests_lm.test_v05_c197_provider_failure_generic_loop.C197Tests.test_12_score_failure_accepts_integration_record) ... ok
test_13_score_rejects_wrong_status (tests_lm.test_v05_c197_provider_failure_generic_loop.C197Tests.test_13_score_rejects_wrong_status) ... ok
test_14_score_rejects_wrong_provider_count (tests_lm.test_v05_c197_provider_failure_generic_loop.C197Tests.test_14_score_rejects_wrong_provider_count) ... ok
test_15_score_rejects_publication (tests_lm.test_v05_c197_provider_failure_generic_loop.C197Tests.test_15_score_rejects_publication) ... ok
test_16_gate_accepts (tests_lm.test_v05_c197_provider_failure_generic_loop.C197Tests.test_16_gate_accepts) ... ok
test_17_gate_requires_nine (tests_lm.test_v05_c197_provider_failure_generic_loop.C197Tests.test_17_gate_requires_nine) ... ok
test_18_gate_rejects_allowed_replay_error (tests_lm.test_v05_c197_provider_failure_generic_loop.C197Tests.test_18_gate_rejects_allowed_replay_error) ... ok
test_19_gate_rejects_failure_error (tests_lm.test_v05_c197_provider_failure_generic_loop.C197Tests.test_19_gate_rejects_failure_error) ... ok
test_20_gate_requires_provider_calls (tests_lm.test_v05_c197_provider_failure_generic_loop.C197Tests.test_20_gate_requires_provider_calls) ... ok
test_21_gate_requires_adapter_calls (tests_lm.test_v05_c197_provider_failure_generic_loop.C197Tests.test_21_gate_requires_adapter_calls) ... ok
test_22_gate_rejects_retry (tests_lm.test_v05_c197_provider_failure_generic_loop.C197Tests.test_22_gate_rejects_retry) ... ok
test_23_wrapper_reuses_c196_loop (tests_lm.test_v05_c197_provider_failure_generic_loop.C197Tests.test_23_wrapper_reuses_c196_loop) ... ok
test_24_only_reason_rule_is_added (tests_lm.test_v05_c197_provider_failure_generic_loop.C197Tests.test_24_only_reason_rule_is_added) ... ok
test_01_manifest_hash (tests_lm.test_v05_c198_stale_reservation_generic_loop.C198Tests.test_01_manifest_hash) ... ok
test_02_manifest_scope (tests_lm.test_v05_c198_stale_reservation_generic_loop.C198Tests.test_02_manifest_scope) ... ok
test_03_outputs_exact (tests_lm.test_v05_c198_stale_reservation_generic_loop.C198Tests.test_03_outputs_exact) ... ok
test_04_expected_order (tests_lm.test_v05_c198_stale_reservation_generic_loop.C198Tests.test_04_expected_order) ... ok
test_05_integration_provider_not_called (tests_lm.test_v05_c198_stale_reservation_generic_loop.C198Tests.test_05_integration_provider_not_called) ... ok
test_06_action_reserves_before_refresh (tests_lm.test_v05_c198_stale_reservation_generic_loop.C198Tests.test_06_action_reserves_before_refresh) ... ok
test_07_dispatch_rejects_stale_reservation (tests_lm.test_v05_c198_stale_reservation_generic_loop.C198Tests.test_07_dispatch_rejects_stale_reservation) ... ok
test_08_reason_propagates_to_loop_status (tests_lm.test_v05_c198_stale_reservation_generic_loop.C198Tests.test_08_reason_propagates_to_loop_status) ... ok
test_09_stale_no_retry (tests_lm.test_v05_c198_stale_reservation_generic_loop.C198Tests.test_09_stale_no_retry) ... ok
test_10_stale_resources_exact (tests_lm.test_v05_c198_stale_reservation_generic_loop.C198Tests.test_10_stale_resources_exact) ... ok
test_11_refresh_advances_identity_exactly_once (tests_lm.test_v05_c198_stale_reservation_generic_loop.C198Tests.test_11_refresh_advances_identity_exactly_once) ... ok
test_12_stale_no_receipt_or_fact_mutation (tests_lm.test_v05_c198_stale_reservation_generic_loop.C198Tests.test_12_stale_no_receipt_or_fact_mutation) ... ok
test_13_score_stale_accepts_integration_record (tests_lm.test_v05_c198_stale_reservation_generic_loop.C198Tests.test_13_score_stale_accepts_integration_record) ... ok
test_14_score_rejects_wrong_status (tests_lm.test_v05_c198_stale_reservation_generic_loop.C198Tests.test_14_score_rejects_wrong_status) ... ok
test_15_gate_accepts (tests_lm.test_v05_c198_stale_reservation_generic_loop.C198Tests.test_15_gate_accepts) ... ok
test_16_gate_requires_nine (tests_lm.test_v05_c198_stale_reservation_generic_loop.C198Tests.test_16_gate_requires_nine) ... ok
test_17_gate_rejects_allowed_replay_error (tests_lm.test_v05_c198_stale_reservation_generic_loop.C198Tests.test_17_gate_rejects_allowed_replay_error) ... ok
test_18_gate_rejects_stale_error (tests_lm.test_v05_c198_stale_reservation_generic_loop.C198Tests.test_18_gate_rejects_stale_error) ... ok
test_19_gate_rejects_provider_call (tests_lm.test_v05_c198_stale_reservation_generic_loop.C198Tests.test_19_gate_rejects_provider_call) ... ok
test_20_gate_rejects_provider_read (tests_lm.test_v05_c198_stale_reservation_generic_loop.C198Tests.test_20_gate_rejects_provider_read) ... ok
test_21_gate_rejects_retry (tests_lm.test_v05_c198_stale_reservation_generic_loop.C198Tests.test_21_gate_rejects_retry) ... ok
test_22_parent_loader_contract_is_explicit (tests_lm.test_v05_c198_stale_reservation_generic_loop.C198Tests.test_22_parent_loader_contract_is_explicit) ... ok
test_23_refresh_occurs_between_reservation_and_dispatch (tests_lm.test_v05_c198_stale_reservation_generic_loop.C198Tests.test_23_refresh_occurs_between_reservation_and_dispatch) ... ok
test_24_reason_rule_prefers_dispatch (tests_lm.test_v05_c198_stale_reservation_generic_loop.C198Tests.test_24_reason_rule_prefers_dispatch) ... ok
test_01_manifest_hash (tests_lm.test_v05_c199_attempt_limit_generic_loop.C199Tests.test_01_manifest_hash) ... ok
test_02_manifest_scope (tests_lm.test_v05_c199_attempt_limit_generic_loop.C199Tests.test_02_manifest_scope) ... ok
test_03_outputs_exact (tests_lm.test_v05_c199_attempt_limit_generic_loop.C199Tests.test_03_outputs_exact) ... ok
test_04_expected_order (tests_lm.test_v05_c199_attempt_limit_generic_loop.C199Tests.test_04_expected_order) ... ok
test_05_first_provider_call_occurs_once (tests_lm.test_v05_c199_attempt_limit_generic_loop.C199Tests.test_05_first_provider_call_occurs_once) ... ok
test_06_first_acquisition_is_admitted (tests_lm.test_v05_c199_attempt_limit_generic_loop.C199Tests.test_06_first_acquisition_is_admitted) ... ok
test_07_second_reservation_is_created (tests_lm.test_v05_c199_attempt_limit_generic_loop.C199Tests.test_07_second_reservation_is_created) ... ok
test_08_second_dispatch_hits_attempt_limit (tests_lm.test_v05_c199_attempt_limit_generic_loop.C199Tests.test_08_second_dispatch_hits_attempt_limit) ... ok
test_09_reason_propagates_to_loop_status (tests_lm.test_v05_c199_attempt_limit_generic_loop.C199Tests.test_09_reason_propagates_to_loop_status) ... ok
test_10_limit_has_no_third_decision (tests_lm.test_v05_c199_attempt_limit_generic_loop.C199Tests.test_10_limit_has_no_third_decision) ... ok
test_11_limit_resources_exact (tests_lm.test_v05_c199_attempt_limit_generic_loop.C199Tests.test_11_limit_resources_exact) ... ok
test_12_one_receipt_and_one_new_observation (tests_lm.test_v05_c199_attempt_limit_generic_loop.C199Tests.test_12_one_receipt_and_one_new_observation) ... ok
test_13_score_limit_accepts_integration_record (tests_lm.test_v05_c199_attempt_limit_generic_loop.C199Tests.test_13_score_limit_accepts_integration_record) ... ok
test_14_score_rejects_wrong_status (tests_lm.test_v05_c199_attempt_limit_generic_loop.C199Tests.test_14_score_rejects_wrong_status) ... ok
test_15_gate_accepts (tests_lm.test_v05_c199_attempt_limit_generic_loop.C199Tests.test_15_gate_accepts) ... ok
test_16_gate_requires_nine (tests_lm.test_v05_c199_attempt_limit_generic_loop.C199Tests.test_16_gate_requires_nine) ... ok
test_17_gate_rejects_allowed_replay_error (tests_lm.test_v05_c199_attempt_limit_generic_loop.C199Tests.test_17_gate_rejects_allowed_replay_error) ... ok
test_18_gate_rejects_limit_error (tests_lm.test_v05_c199_attempt_limit_generic_loop.C199Tests.test_18_gate_rejects_limit_error) ... ok
test_19_gate_rejects_second_provider_call (tests_lm.test_v05_c199_attempt_limit_generic_loop.C199Tests.test_19_gate_rejects_second_provider_call) ... ok
test_20_gate_rejects_third_prediction (tests_lm.test_v05_c199_attempt_limit_generic_loop.C199Tests.test_20_gate_rejects_third_prediction) ... ok
test_21_gate_requires_reference_second_count (tests_lm.test_v05_c199_attempt_limit_generic_loop.C199Tests.test_21_gate_requires_reference_second_count) ... ok
test_22_parent_loader_contract_is_explicit (tests_lm.test_v05_c199_attempt_limit_generic_loop.C199Tests.test_22_parent_loader_contract_is_explicit) ... ok
test_23_owner_limit_is_single_changed_runtime_config (tests_lm.test_v05_c199_attempt_limit_generic_loop.C199Tests.test_23_owner_limit_is_single_changed_runtime_config) ... ok
test_24_reason_rule_prefers_dispatch (tests_lm.test_v05_c199_attempt_limit_generic_loop.C199Tests.test_24_reason_rule_prefers_dispatch) ... ok
test_01_schema_identity (tests_lm.test_v05_c200_acquisition_channel_input.C200Tests.test_01_schema_identity) ... ok
test_02_feature_width_is_additive (tests_lm.test_v05_c200_acquisition_channel_input.C200Tests.test_02_feature_width_is_additive) ... ok
test_03_channels_match_registered_tools (tests_lm.test_v05_c200_acquisition_channel_input.C200Tests.test_03_channels_match_registered_tools) ... ok
test_04_manifest_hash (tests_lm.test_v05_c200_acquisition_channel_input.C200Tests.test_04_manifest_hash) ... ok
test_05_manifest_scope_counts (tests_lm.test_v05_c200_acquisition_channel_input.C200Tests.test_05_manifest_scope_counts) ... ok
test_06_four_fact_prefix_exact (tests_lm.test_v05_c200_acquisition_channel_input.C200Tests.test_06_four_fact_prefix_exact) ... ok
test_07_four_fact_binding_exact (tests_lm.test_v05_c200_acquisition_channel_input.C200Tests.test_07_four_fact_binding_exact) ... ok
test_08_roundtrip_exact (tests_lm.test_v05_c200_acquisition_channel_input.C200Tests.test_08_roundtrip_exact) ... ok
test_09_all_channel_masks_roundtrip (tests_lm.test_v05_c200_acquisition_channel_input.C200Tests.test_09_all_channel_masks_roundtrip) ... ok
test_10_all_eight_channel_classes_present (tests_lm.test_v05_c200_acquisition_channel_input.C200Tests.test_10_all_eight_channel_classes_present) ... ok
test_11_runtime_cross_count (tests_lm.test_v05_c200_acquisition_channel_input.C200Tests.test_11_runtime_cross_count) ... ok
test_12_runtime_cross_all_pass (tests_lm.test_v05_c200_acquisition_channel_input.C200Tests.test_12_runtime_cross_all_pass) ... ok
test_13_declared_channels_do_not_apply_authority (tests_lm.test_v05_c200_acquisition_channel_input.C200Tests.test_13_declared_channels_do_not_apply_authority) ... ok
test_14_visible_usable_intersects_masks (tests_lm.test_v05_c200_acquisition_channel_input.C200Tests.test_14_visible_usable_intersects_masks) ... ok
test_15_zero_channel_fact_is_representable (tests_lm.test_v05_c200_acquisition_channel_input.C200Tests.test_15_zero_channel_fact_is_representable) ... ok
test_16_hidden_pair_count (tests_lm.test_v05_c200_acquisition_channel_input.C200Tests.test_16_hidden_pair_count) ... ok
test_17_hidden_pair_packets_identical (tests_lm.test_v05_c200_acquisition_channel_input.C200Tests.test_17_hidden_pair_packets_identical) ... ok
test_18_hidden_pairs_include_answer_changing_cases (tests_lm.test_v05_c200_acquisition_channel_input.C200Tests.test_18_hidden_pairs_include_answer_changing_cases) ... ok
test_19_hidden_values_not_in_packet_contract (tests_lm.test_v05_c200_acquisition_channel_input.C200Tests.test_19_hidden_values_not_in_packet_contract) ... ok
test_20_malformed_count (tests_lm.test_v05_c200_acquisition_channel_input.C200Tests.test_20_malformed_count) ... ok
test_21_all_malformed_rejected (tests_lm.test_v05_c200_acquisition_channel_input.C200Tests.test_21_all_malformed_rejected) ... ok
test_22_padding_must_be_zero (tests_lm.test_v05_c200_acquisition_channel_input.C200Tests.test_22_padding_must_be_zero) ... ok
test_23_channel_flag_bool_is_rejected (tests_lm.test_v05_c200_acquisition_channel_input.C200Tests.test_23_channel_flag_bool_is_rejected) ... ok
test_24_v1_consumer_cannot_implicitly_accept_v2 (tests_lm.test_v05_c200_acquisition_channel_input.C200Tests.test_24_v1_consumer_cannot_implicitly_accept_v2) ... ok
test_25_v2_consumer_explicit_accept (tests_lm.test_v05_c200_acquisition_channel_input.C200Tests.test_25_v2_consumer_explicit_accept) ... ok
test_26_gate_accepts_collected_summary (tests_lm.test_v05_c200_acquisition_channel_input.C200Tests.test_26_gate_accepts_collected_summary) ... ok
test_27_gate_rejects_prefix_failure (tests_lm.test_v05_c200_acquisition_channel_input.C200Tests.test_27_gate_rejects_prefix_failure) ... ok
test_28_gate_rejects_hidden_packet_mismatch (tests_lm.test_v05_c200_acquisition_channel_input.C200Tests.test_28_gate_rejects_hidden_packet_mismatch) ... ok
test_29_source_has_no_action_execution_import (tests_lm.test_v05_c200_acquisition_channel_input.C200Tests.test_29_source_has_no_action_execution_import) ... ok
test_30_source_layout_is_v1_prefix_plus_tail (tests_lm.test_v05_c200_acquisition_channel_input.C200Tests.test_30_source_layout_is_v1_prefix_plus_tail) ... ok
test_01_manifest_hash (tests_lm.test_v05_c201_selected_fact_channel_route.C201Tests.test_01_manifest_hash) ... ok
test_02_manifest_scope_counts (tests_lm.test_v05_c201_selected_fact_channel_route.C201Tests.test_02_manifest_scope_counts) ... ok
test_03_mapper_retrieve (tests_lm.test_v05_c201_selected_fact_channel_route.C201Tests.test_03_mapper_retrieve) ... ok
test_04_mapper_observe (tests_lm.test_v05_c201_selected_fact_channel_route.C201Tests.test_04_mapper_observe) ... ok
test_05_mapper_ask_user (tests_lm.test_v05_c201_selected_fact_channel_route.C201Tests.test_05_mapper_ask_user) ... ok
test_06_mapper_preserves_nonzero_fact_index (tests_lm.test_v05_c201_selected_fact_channel_route.C201Tests.test_06_mapper_preserves_nonzero_fact_index) ... ok
test_07_mapper_uses_current_state_digest (tests_lm.test_v05_c201_selected_fact_channel_route.C201Tests.test_07_mapper_uses_current_state_digest) ... ok
test_08_mapper_rejects_zero_channel (tests_lm.test_v05_c201_selected_fact_channel_route.C201Tests.test_08_mapper_rejects_zero_channel) ... ok
test_09_mapper_rejects_multi_channel (tests_lm.test_v05_c201_selected_fact_channel_route.C201Tests.test_09_mapper_rejects_multi_channel) ... ok
test_10_mapper_rejects_state_view_mismatch (tests_lm.test_v05_c201_selected_fact_channel_route.C201Tests.test_10_mapper_rejects_state_view_mismatch) ... ok
test_11_mapper_rejects_wrong_view_type (tests_lm.test_v05_c201_selected_fact_channel_route.C201Tests.test_11_mapper_rejects_wrong_view_type) ... ok
test_12_mapper_rejects_wrong_state_type (tests_lm.test_v05_c201_selected_fact_channel_route.C201Tests.test_12_mapper_rejects_wrong_state_type) ... ok
test_13_mapper_rejects_negative_target (tests_lm.test_v05_c201_selected_fact_channel_route.C201Tests.test_13_mapper_rejects_negative_target) ... ok
test_14_mapper_rejects_high_target (tests_lm.test_v05_c201_selected_fact_channel_route.C201Tests.test_14_mapper_rejects_high_target) ... ok
test_15_prototype_routes_cover_twelve (tests_lm.test_v05_c201_selected_fact_channel_route.C201Tests.test_15_prototype_routes_cover_twelve) ... ok
test_16_learned_routes_count (tests_lm.test_v05_c201_selected_fact_channel_route.C201Tests.test_16_learned_routes_count) ... ok
test_17_learned_routes_balance_channels (tests_lm.test_v05_c201_selected_fact_channel_route.C201Tests.test_17_learned_routes_balance_channels) ... ok
test_18_authority_cross_count_and_pass (tests_lm.test_v05_c201_selected_fact_channel_route.C201Tests.test_18_authority_cross_count_and_pass) ... ok
test_19_authority_outcome_counts (tests_lm.test_v05_c201_selected_fact_channel_route.C201Tests.test_19_authority_outcome_counts) ... ok
test_20_mapper_does_not_prefilter_permission (tests_lm.test_v05_c201_selected_fact_channel_route.C201Tests.test_20_mapper_does_not_prefilter_permission) ... ok
test_21_observed_controls (tests_lm.test_v05_c201_selected_fact_channel_route.C201Tests.test_21_observed_controls) ... ok
test_22_invalid_mapper_cases (tests_lm.test_v05_c201_selected_fact_channel_route.C201Tests.test_22_invalid_mapper_cases) ... ok
test_23_gate_accepts_collected_summary (tests_lm.test_v05_c201_selected_fact_channel_route.C201Tests.test_23_gate_accepts_collected_summary) ... ok
test_24_gate_rejects_route_mismatch (tests_lm.test_v05_c201_selected_fact_channel_route.C201Tests.test_24_gate_rejects_route_mismatch) ... ok
test_25_gate_rejects_authority_failure (tests_lm.test_v05_c201_selected_fact_channel_route.C201Tests.test_25_gate_rejects_authority_failure) ... ok
test_26_gate_rejects_invalid_mapper_shortfall (tests_lm.test_v05_c201_selected_fact_channel_route.C201Tests.test_26_gate_rejects_invalid_mapper_shortfall) ... ok
test_27_helper_does_not_import_acquisition_lifecycle (tests_lm.test_v05_c201_selected_fact_channel_route.C201Tests.test_27_helper_does_not_import_acquisition_lifecycle) ... ok
test_28_helper_does_not_use_visible_usable_channels (tests_lm.test_v05_c201_selected_fact_channel_route.C201Tests.test_28_helper_does_not_use_visible_usable_channels) ... ok

----------------------------------------------------------------------
Ran 1759 tests in 56.174s

OK
[C201] selected-fact channel routing collected
=== C201 RESULT ===
{
  "C199_target_summary_sha256": "0ee89c9720022146c9625bbe7cd4d02a615c411ff2f3f068d5dac91d5ab906f9",
  "C200_summary_sha256": "624889546c9b484003e3f2bc79c1d746de28ea168def13da1a2dc87fde73520e",
  "artifacts": [
    {
      "file": "channel-route-plan.json",
      "serialized_bytes": 2894,
      "sha256": "66fa768748062b3568891d94c1bb0abc658b4c5e93e4bffd867cc4530dece72c"
    },
    {
      "file": "learned-target-routes.json",
      "serialized_bytes": 12657,
      "sha256": "71fe490126ba254d7f5139be61965b4bc8e8bb8a8794fdbe3abdff66466b6b9e"
    },
    {
      "file": "authority-cross.json",
      "serialized_bytes": 2536,
      "sha256": "da1cb187e11720d690f1773fc46a0ccfa3f954bb6fd9c8e36dd4b49871eb738a"
    },
    {
      "file": "observed-controls.json",
      "serialized_bytes": 487,
      "sha256": "cc79872b14394a3ec896136e2bb549238e0968344eed7884fd5aa79e5c74bc95"
    },
    {
      "file": "invalid-mapper.json",
      "serialized_bytes": 667,
      "sha256": "5d8dfd5f389a6c6165ee8bf00c69b8fa12498d0e882a7470508fb412cb8ec613"
    }
  ],
  "commit_sha": "1ce0334e0d5ee76c7e5fac40082c19bd43576415",
  "diagnostic_execution_valid": true,
  "evidence_writes": 0,
  "experiment_id": "C201-v5e-selected-fact-channel-route",
  "fresh_seed_count": 0,
  "gate_e_candidate": false,
  "input_sha256": {
    "M:\\asobiba\\fold\\docs\\experiment-ledger-addendum-c200-preregistration.md": "d295affb4dfd33667741d460e72c263b2a8c1ee3aeedaa204bc04e04b03d9d67",
    "M:\\asobiba\\fold\\docs\\experiment-ledger-addendum-c201-preregistration.md": "8499f6bcba6e896cc1339ae748c8a25d4b705f0e897686c9269031aa886da390",
    "M:\\asobiba\\fold\\docs\\structured-action-channel-v0.1.md": "f4879a843964bcbe98d427985d470ec29377303b15095128b629bafd33664655",
    "M:\\asobiba\\fold\\docs\\structured-task-interface-v0.2.md": "a46ac637d44e3d00b87d9e67ee693836b48545f2f28c660795dec9eac4857710",
    "M:\\asobiba\\fold\\fold_lm\\v05\\structured_action_channel.py": "58eab69bc48a2016595fee27b31e23046176bf815d6e67cf32befe9b5f0104c0",
    "M:\\asobiba\\fold\\fold_lm\\v05\\structured_task_input.py": "855429f224a3eebe692d7421bc119cddb38ad273a4e54160d6062a34b3b0f3c4",
    "M:\\asobiba\\fold\\fold_lm\\v05\\structured_task_input_v2.py": "816f1103e41f207bff50a0af4c5a8b049c06a3a43bd2786d3afc2bd8738f112e",
    "M:\\asobiba\\fold\\fold_lm\\v05_benchmarks\\gate_e_c200_acquisition_channel_input.py": "3a45ebe45826eae879a850d97869abfcb70602ad54d0d6fb1b1a1260f585ad80",
    "M:\\asobiba\\fold\\fold_lm\\v05_benchmarks\\gate_e_c201_selected_fact_channel_route.py": "394d23f4c26d8e1285474f9538a98a82f60c4f235b9089dd4e32d1e9def2d6b2",
    "M:\\asobiba\\fold\\runs\\c199-v5e-attempt-limit-886ac50bbbe046ebba61316e6bf97268\\episode-predictions.npz": "a1b9f97dbad677cf8b7a01b725cca46449acd9ddc622854dd32665c42a61910c",
    "M:\\asobiba\\fold\\runs\\c199-v5e-attempt-limit-886ac50bbbe046ebba61316e6bf97268\\summary.json": "0ee89c9720022146c9625bbe7cd4d02a615c411ff2f3f068d5dac91d5ab906f9",
    "M:\\asobiba\\fold\\runs\\c200-v5e-acquisition-channel-input-d892b01c24ee49cfbb87758e7a208be0\\channel-plan.json": "c3d5c513e9e37169916cd9fff6d1ccd371f09edf657a305360d4bf04ef3a6c1a",
    "M:\\asobiba\\fold\\runs\\c200-v5e-acquisition-channel-input-d892b01c24ee49cfbb87758e7a208be0\\hidden-pairs.json": "a9ee8a7b2328fdedc92a2f6d2b8e1d518c1c5d77906a9ed4130d7e148cd2845f",
    "M:\\asobiba\\fold\\runs\\c200-v5e-acquisition-channel-input-d892b01c24ee49cfbb87758e7a208be0\\malformed.json": "3c2ea3fa9df6e2d300da0ac9f1216663918bd4783bb7457ed72672fe74bb4314",
    "M:\\asobiba\\fold\\runs\\c200-v5e-acquisition-channel-input-d892b01c24ee49cfbb87758e7a208be0\\mask-roundtrips.json": "7a66d7576e2202853969ae8cb542b1e3824da3a4c319f351d888f52e22d0efee",
    "M:\\asobiba\\fold\\runs\\c200-v5e-acquisition-channel-input-d892b01c24ee49cfbb87758e7a208be0\\runtime-cross.json": "bd145194c68e9a065decaa0d5f89c7794c6a1b4d30356fa2a518710a185d0e4b",
    "M:\\asobiba\\fold\\runs\\c200-v5e-acquisition-channel-input-d892b01c24ee49cfbb87758e7a208be0\\summary.json": "624889546c9b484003e3f2bc79c1d746de28ea168def13da1a2dc87fde73520e",
    "M:\\asobiba\\fold\\tests_lm\\test_v05_c200_acquisition_channel_input.py": "796f4e835181e4c1526806548b9e3b5e8da3ceed0e4963a79ba100218421dcdc",
    "M:\\asobiba\\fold\\tests_lm\\test_v05_c201_selected_fact_channel_route.py": "63fb0901bca6b5538afc4369cdf3a12a7fc53d5305758c289314ecfe1155b3a3",
    "M:\\asobiba\\fold\\tools\\invoke_c200.ps1": "a0675df56086766dc979fd75a4d08dc5af1b6e33ea0dd8e0d97a9384f7bd2ec5",
    "M:\\asobiba\\fold\\tools\\invoke_c201.ps1": "4259002937ebc81b778e28a95e65f9275219b0d47b656d925e4130ffffbeaa3c",
    "M:\\asobiba\\fold\\tools\\run_c200.ps1": "f43ab489bc9bcdea32a8af941646e104e83abc8f576fb1da89f25df585d4aba2",
    "M:\\asobiba\\fold\\tools\\run_c201.ps1": "ad58b4d90b4eb0807c0bfbe25c45da7bbb75e62ff16fa3fd99c1c0c261a9bb57"
  },
  "learned_forward_calls": 0,
  "limitations": [
    "accepted saved target indices; no new target inference",
    "exactly-one declared channel only",
    "reference mapper, not learned channel preference",
    "no provider execution or final Gate E"
  ],
  "network_calls": 0,
  "production_runtime_modified": false,
  "provider_calls": 0,
  "source_blobs": {
    "docs/experiment-ledger-addendum-c200-preregistration.md": "652d73d3df2cef46a2fadfd3573861aeba3e155c",
    "docs/experiment-ledger-addendum-c201-preregistration.md": "52e2174f4a31aa25c32d2a8459506b17ad340f04",
    "docs/structured-action-channel-v0.1.md": "05f1966ca828202b797e95ba995b268e8df8cdf5",
    "docs/structured-task-interface-v0.2.md": "5b3e9562c1cb87d4d4952f8541ea29f4592d5c63",
    "fold_lm/v05/structured_action_channel.py": "18f85a768456940783ffbfa1c2cb574519d998ab",
    "fold_lm/v05/structured_task_input.py": "b874b6abf17fb938a5cc873ff2090c6493f00010",
    "fold_lm/v05/structured_task_input_v2.py": "504f888e57e43ef3165cadc36b0ae723c068f112",
    "fold_lm/v05_benchmarks/gate_e_c200_acquisition_channel_input.py": "bf43ead7a7a80bb70f1e10be4f1d2af67c68f3dd",
    "fold_lm/v05_benchmarks/gate_e_c201_selected_fact_channel_route.py": "6b7029433e8dde0db0b43ff0f844d25f7405cb46",
    "tests_lm/test_v05_c200_acquisition_channel_input.py": "c139ad665d4d65fc87612d67ecd825d6f0e6b016",
    "tests_lm/test_v05_c201_selected_fact_channel_route.py": "ebe33c63503dfb4c7a3fed5b6bd4e85f2acc7286",
    "tools/invoke_c200.ps1": "b7c229f30f5c7ff05c8adfa41ac634029735c923",
    "tools/invoke_c201.ps1": "2da127d54cf30f6b77696f6b8f8aa2568f6b72c1",
    "tools/run_c200.ps1": "c592d9d685a7fdb8bf2560b0658e97e3614f7803",
    "tools/run_c201.ps1": "f4ffa2dfe60f9388f96d8d7e3d8a747703d59d31"
  },
  "stage": "V5-E-SELECTED-FACT-CHANNEL-ROUTE",
  "status": "PASS",
  "summary": {
    "authority_cross": 12,
    "authority_failures": 0,
    "authority_pending": 3,
    "authority_permission_denied": 6,
    "authority_unavailable": 3,
    "channel_case_totals": {
      "ASK_USER": 85824,
      "OBSERVE": 85824,
      "RETRIEVE": 85824
    },
    "invalid_mapper_cases": 7,
    "invalid_mapper_rejected": 7,
    "observed_controls": 3,
    "observed_failures": 0,
    "route_cases": 257472,
    "route_mismatches": 0,
    "route_records": 108
  },
  "training_steps": 0,
  "wall_clock_seconds": 2.388816299964674
}

summary = M:\asobiba\fold\runs\c201-v5e-selected-fact-channel-route-37e1d67baaff4cd7a67addeb75da0aca\summary.json
summary_sha256 = c27ff79f20811ce373d175617b2a556c3c847d631f096fb401cb0251ad4fca4c
scientific_status = PASS
route_cases = 257472
route_mismatches = 0
authority_cross = 12
authority_failures = 0
observed_controls = 3
invalid_mapper_rejected = 7
candidate_gate_passed = True
=== C201 POSTCHECK ===
protected_inputs = preserved; tracked_tree = clean; execution_HEAD = preserved
run_execution_valid = True
