=== C195 repository preflight ===
=== FOLD C195 V5-E generic-loop budget12 exhaustion safety ===
repository = akakishi04/fold; branch = feat/sft-target-loss; commit = 485d32b9dba0b0df34709d631a9d454629a1570e
changed variable = initial internal_remaining13 ->12 only; C194 generic loop reused unchanged
accepted C191 budget12 predictions/read depths/exhaustion are the exact reference
expected_focused_tests = 1605 (1581 existing +24 new); Gate_E = NOT_PASSED
source_and_artifact_precheck = PASS; accepted C194 parent and C191 reference fixed
output_dir = M:\asobiba\fold\runs\c195-v5e-budget12-exhaustion-cc15ada267384d969c1c2f1a686ef7e4
=== focused regression ===
test_boolean_canonicalizer_maps_only_selected_signed_channels (tests_lm.test_v05_controller.V05ControllerTests.test_boolean_canonicalizer_maps_only_selected_signed_channels) ... ok
test_boolean_canonicalizer_rejects_ambiguous_threshold_value (tests_lm.test_v05_controller.V05ControllerTests.test_boolean_canonicalizer_rejects_ambiguous_threshold_value) ... ok
test_boolean_canonicalizer_rejects_invalid_channels (tests_lm.test_v05_controller.V05ControllerTests.test_boolean_canonicalizer_rejects_invalid_channels) ... ok
test_boolean_canonicalizer_supports_zero_one_schema (tests_lm.test_v05_controller.V05ControllerTests.test_boolean_canonicalizer_supports_zero_one_schema) ... ok
test_configurable_five_action_contract (tests_lm.test_v05_controller.V05ControllerTests.test_configurable_five_action_contract) ... ok
test_control_lane_five_action_contract (tests_lm.test_v05_controller.V05ControllerTests.test_control_lane_five_action_contract) ... ok
test_control_lane_parameter_count_is_core_width_independent (tests_lm.test_v05_controller.V05ControllerTests.test_control_lane_parameter_count_is_core_width_independent) ... ok
test_default_two_action_contract_is_preserved (tests_lm.test_v05_controller.V05ControllerTests.test_default_two_action_contract_is_preserved) ... ok
test_invalid_action_count_is_rejected (tests_lm.test_v05_controller.V05ControllerTests.test_invalid_action_count_is_rejected) ... ok
test_invalid_control_lane_width_is_rejected (tests_lm.test_v05_controller.V05ControllerTests.test_invalid_control_lane_width_is_rejected) ... ok
test_authoritative_receipt_is_accepted (tests_lm.test_v05_reconciliation.V05ReconciliationTests.test_authoritative_receipt_is_accepted) ... ok
test_binding_failure_is_rejected_by_authority_gate (tests_lm.test_v05_reconciliation.V05ReconciliationTests.test_binding_failure_is_rejected_by_authority_gate) ... ok
test_exact_binding_matches (tests_lm.test_v05_reconciliation.V05ReconciliationTests.test_exact_binding_matches) ... ok
test_failed_verification_is_rejected (tests_lm.test_v05_reconciliation.V05ReconciliationTests.test_failed_verification_is_rejected) ... ok
test_stale_epoch_does_not_match (tests_lm.test_v05_reconciliation.V05ReconciliationTests.test_stale_epoch_does_not_match) ... ok
test_wrong_key_does_not_match (tests_lm.test_v05_reconciliation.V05ReconciliationTests.test_wrong_key_does_not_match) ... ok
test_wrong_mechanism_does_not_match (tests_lm.test_v05_reconciliation.V05ReconciliationTests.test_wrong_mechanism_does_not_match) ... ok
test_wrong_provider_is_rejected (tests_lm.test_v05_reconciliation.V05ReconciliationTests.test_wrong_provider_is_rejected) ... ok
test_exact_scope_matches (tests_lm.test_v05_receipt_scope.V05ReceiptScopeTests.test_exact_scope_matches) ... ok
test_other_receipt_is_rejected (tests_lm.test_v05_receipt_scope.V05ReceiptScopeTests.test_other_receipt_is_rejected) ... ok
test_other_source_is_rejected (tests_lm.test_v05_receipt_scope.V05ReceiptScopeTests.test_other_source_is_rejected) ... ok
test_stale_scope_epoch_is_rejected (tests_lm.test_v05_receipt_scope.V05ReceiptScopeTests.test_stale_scope_epoch_is_rejected) ... ok
test_advanced_provider_generation_is_rejected (tests_lm.test_v05_commit_context.V05CommitContextTests.test_advanced_provider_generation_is_rejected) ... ok
test_advanced_request_epoch_is_rejected (tests_lm.test_v05_commit_context.V05CommitContextTests.test_advanced_request_epoch_is_rejected) ... ok
test_both_advanced_are_rejected (tests_lm.test_v05_commit_context.V05CommitContextTests.test_both_advanced_are_rejected) ... ok
test_negative_versions_are_rejected (tests_lm.test_v05_commit_context.V05CommitContextTests.test_negative_versions_are_rejected) ... ok
test_unchanged_context_matches (tests_lm.test_v05_commit_context.V05CommitContextTests.test_unchanged_context_matches) ... ok
test_distinct_receipt_is_independent (tests_lm.test_v05_receipt_replay.V05ReceiptReplayTests.test_distinct_receipt_is_independent) ... ok
test_duplicate_delivery_is_rejected_without_state_change (tests_lm.test_v05_receipt_replay.V05ReceiptReplayTests.test_duplicate_delivery_is_rejected_without_state_change) ... ok
test_first_delivery_is_claimed (tests_lm.test_v05_receipt_replay.V05ReceiptReplayTests.test_first_delivery_is_claimed) ... ok
test_invalid_state_type_is_rejected (tests_lm.test_v05_receipt_replay.V05ReceiptReplayTests.test_invalid_state_type_is_rejected) ... ok
test_concurrent_duplicate_claim_has_one_winner (tests_lm.test_v05_receipt_atomic_claim.V05ReceiptAtomicClaimTests.test_concurrent_duplicate_claim_has_one_winner) ... ok
test_distinct_receipts_are_independent (tests_lm.test_v05_receipt_atomic_claim.V05ReceiptAtomicClaimTests.test_distinct_receipts_are_independent) ... ok
test_duplicate_claim_loses (tests_lm.test_v05_receipt_atomic_claim.V05ReceiptAtomicClaimTests.test_duplicate_claim_loses) ... ok
test_first_claim_wins (tests_lm.test_v05_receipt_atomic_claim.V05ReceiptAtomicClaimTests.test_first_claim_wins) ... ok
test_invalid_initial_state_is_rejected (tests_lm.test_v05_receipt_atomic_claim.V05ReceiptAtomicClaimTests.test_invalid_initial_state_is_rejected) ... ok
test_claim_survives_snapshot_restore (tests_lm.test_v05_receipt_recovery.V05ReceiptRecoveryTests.test_claim_survives_snapshot_restore) ... ok
test_complete_requires_pending_receipt (tests_lm.test_v05_receipt_recovery.V05ReceiptRecoveryTests.test_complete_requires_pending_receipt) ... ok
test_completion_survives_snapshot_restore (tests_lm.test_v05_receipt_recovery.V05ReceiptRecoveryTests.test_completion_survives_snapshot_restore) ... ok
test_multiple_restarts_preserve_pending_state (tests_lm.test_v05_receipt_recovery.V05ReceiptRecoveryTests.test_multiple_restarts_preserve_pending_state) ... ok
test_overlapping_snapshot_state_is_rejected (tests_lm.test_v05_receipt_recovery.V05ReceiptRecoveryTests.test_overlapping_snapshot_state_is_rejected) ... ok
test_invalid_snapshot_payload_is_rejected (tests_lm.test_v05_receipt_recovery_serialization.V05ReceiptRecoverySerializationTests.test_invalid_snapshot_payload_is_rejected) ... ok
test_snapshot_json_roundtrip_preserves_state (tests_lm.test_v05_receipt_recovery_serialization.V05ReceiptRecoverySerializationTests.test_snapshot_json_roundtrip_preserves_state) ... ok
test_applied_completes_without_replay (tests_lm.test_v05_post_transition_recovery.V05PostTransitionRecoveryTests.test_applied_completes_without_replay) ... ok
test_not_applied_requires_replay_before_completion (tests_lm.test_v05_post_transition_recovery.V05PostTransitionRecoveryTests.test_not_applied_requires_replay_before_completion) ... ok
test_still_unknown_holds_pending (tests_lm.test_v05_post_transition_recovery.V05PostTransitionRecoveryTests.test_still_unknown_holds_pending) ... ok
test_unknown_outcome_is_rejected (tests_lm.test_v05_post_transition_recovery.V05PostTransitionRecoveryTests.test_unknown_outcome_is_rejected) ... ok
test_naive_pending_replay_duplicates_applied_effect (tests_lm.test_v05_c127_negative_control.V05C127NegativeControlTests.test_naive_pending_replay_duplicates_applied_effect) ... ok
test_concurrent_acquire_has_one_owner (tests_lm.test_v05_recovery_ownership.V05RecoveryOwnershipTests.test_concurrent_acquire_has_one_owner) ... ok
test_distinct_receipts_are_independent (tests_lm.test_v05_recovery_ownership.V05RecoveryOwnershipTests.test_distinct_receipts_are_independent) ... ok
test_first_owner_wins (tests_lm.test_v05_recovery_ownership.V05RecoveryOwnershipTests.test_first_owner_wins) ... ok
test_only_owner_can_release (tests_lm.test_v05_recovery_ownership.V05RecoveryOwnershipTests.test_only_owner_can_release) ... ok
test_second_owner_loses (tests_lm.test_v05_recovery_ownership.V05RecoveryOwnershipTests.test_second_owner_loses) ... ok
test_active_lease_blocks_takeover (tests_lm.test_v05_recovery_fencing.V05RecoveryFencingTests.test_active_lease_blocks_takeover) ... ok
test_expired_lease_allows_higher_token_takeover (tests_lm.test_v05_recovery_fencing.V05RecoveryFencingTests.test_expired_lease_allows_higher_token_takeover) ... ok
test_first_owner_gets_first_token (tests_lm.test_v05_recovery_fencing.V05RecoveryFencingTests.test_first_owner_gets_first_token) ... ok
test_invalid_lease_duration_is_rejected (tests_lm.test_v05_recovery_fencing.V05RecoveryFencingTests.test_invalid_lease_duration_is_rejected) ... ok
test_same_worker_id_old_token_is_fenced_after_reacquire (tests_lm.test_v05_recovery_fencing.V05RecoveryFencingTests.test_same_worker_id_old_token_is_fenced_after_reacquire) ... ok
test_stale_owner_cannot_release_new_owner (tests_lm.test_v05_recovery_fencing.V05RecoveryFencingTests.test_stale_owner_cannot_release_new_owner) ... ok
test_stale_owner_is_fenced_after_takeover (tests_lm.test_v05_recovery_fencing.V05RecoveryFencingTests.test_stale_owner_is_fenced_after_takeover) ... ok
test_exact_expiry_cannot_renew (tests_lm.test_v05_recovery_lease_renewal.V05RecoveryLeaseRenewalTests.test_exact_expiry_cannot_renew) ... ok
test_naive_inclusive_expiry_would_disagree_at_boundary (tests_lm.test_v05_recovery_lease_renewal.V05RecoveryLeaseRenewalTests.test_naive_inclusive_expiry_would_disagree_at_boundary) ... ok
test_renewal_never_shortens_existing_lease (tests_lm.test_v05_recovery_lease_renewal.V05RecoveryLeaseRenewalTests.test_renewal_never_shortens_existing_lease) ... ok
test_stale_token_cannot_renew_after_takeover (tests_lm.test_v05_recovery_lease_renewal.V05RecoveryLeaseRenewalTests.test_stale_token_cannot_renew_after_takeover) ... ok
test_takeover_is_blocked_at_old_expiry_after_renewal (tests_lm.test_v05_recovery_lease_renewal.V05RecoveryLeaseRenewalTests.test_takeover_is_blocked_at_old_expiry_after_renewal) ... ok
test_valid_owner_renews_before_expiry_without_changing_token (tests_lm.test_v05_recovery_lease_renewal.V05RecoveryLeaseRenewalTests.test_valid_owner_renews_before_expiry_without_changing_token) ... ok
test_wrong_owner_cannot_renew (tests_lm.test_v05_recovery_lease_renewal.V05RecoveryLeaseRenewalTests.test_wrong_owner_cannot_renew) ... ok
test_expired_takeover_gets_higher_token_across_connections (tests_lm.test_v05_sqlite_recovery_fencing.V05SqliteRecoveryFencingTests.test_expired_takeover_gets_higher_token_across_connections) ... ok
test_first_acquire_gets_token_one (tests_lm.test_v05_sqlite_recovery_fencing.V05SqliteRecoveryFencingTests.test_first_acquire_gets_token_one) ... ok
test_same_worker_id_old_token_is_rejected (tests_lm.test_v05_sqlite_recovery_fencing.V05SqliteRecoveryFencingTests.test_same_worker_id_old_token_is_rejected) ... ok
test_stale_write_is_rejected_and_current_write_is_stored (tests_lm.test_v05_sqlite_recovery_fencing.V05SqliteRecoveryFencingTests.test_stale_write_is_rejected_and_current_write_is_stored) ... ok
test_two_process_resolved_case_has_one_current_write (tests_lm.test_v05_c132_process_fencing.V05C132ProcessFencingTests.test_two_process_resolved_case_has_one_current_write) ... ok
test_two_process_unknown_case_stores_no_effect (tests_lm.test_v05_c132_process_fencing.V05C132ProcessFencingTests.test_two_process_unknown_case_stores_no_effect) ... ok
test_exact_retrieval_returns_persisted_evidence_and_provenance (tests_lm.test_v05_retrieval_adapter.V05RetrievalAdapterTests.test_exact_retrieval_returns_persisted_evidence_and_provenance) ... ok
test_exact_search_scores_persisted_corpus_not_hidden_fallback (tests_lm.test_v05_retrieval_adapter.V05RetrievalAdapterTests.test_exact_search_scores_persisted_corpus_not_hidden_fallback) ... ok
test_reloading_same_file_preserves_fingerprints (tests_lm.test_v05_retrieval_adapter.V05RetrievalAdapterTests.test_reloading_same_file_preserves_fingerprints) ... ok
test_structure_miss_returns_none_with_provenance_stats (tests_lm.test_v05_retrieval_miss_semantics.V05RetrievalMissSemanticsTests.test_structure_miss_returns_none_with_provenance_stats) ... ok
test_wrong_schema_returns_none_with_provenance_stats (tests_lm.test_v05_retrieval_miss_semantics.V05RetrievalMissSemanticsTests.test_wrong_schema_returns_none_with_provenance_stats) ... ok
test_bounded_hit_does_not_pay_exact_fallback_q5 (tests_lm.test_v05_retrieval_bounded_recovery.V05RetrievalBoundedRecoveryTests.test_bounded_hit_does_not_pay_exact_fallback_q5) ... ok
test_real_bounded_false_negative_recovers_exact_q6 (tests_lm.test_v05_retrieval_bounded_recovery.V05RetrievalBoundedRecoveryTests.test_real_bounded_false_negative_recovers_exact_q6) ... ok
test_true_miss_remains_none_after_exact_fallback (tests_lm.test_v05_retrieval_bounded_recovery.V05RetrievalBoundedRecoveryTests.test_true_miss_remains_none_after_exact_fallback) ... ok
test_address_head_returns_expected_shape (tests_lm.test_v05_retrieval_query.V05RetrievalQueryTests.test_address_head_returns_expected_shape) ... ok
test_address_to_structure_is_one_hot (tests_lm.test_v05_retrieval_query.V05RetrievalQueryTests.test_address_to_structure_is_one_hot) ... ok
test_hashed_text_features_are_deterministic (tests_lm.test_v05_retrieval_query.V05RetrievalQueryTests.test_hashed_text_features_are_deterministic) ... ok
test_encode_returns_unit_norm_vectors (tests_lm.test_v05_retrieval_content.V05RetrievalContentTests.test_encode_returns_unit_norm_vectors) ... ok
test_scores_accept_dynamic_candidate_count (tests_lm.test_v05_retrieval_content.V05RetrievalContentTests.test_scores_accept_dynamic_candidate_count) ... ok
test_select_returns_candidate_index_without_fixed_address_count (tests_lm.test_v05_retrieval_content.V05RetrievalContentTests.test_select_returns_candidate_index_without_fixed_address_count) ... ok
test_raw_hashed_features_do_not_solve_unseen_combinations (tests_lm.test_v05_c138_compositional_alias_fixture.V05C138CompositionalAliasFixtureTests.test_raw_hashed_features_do_not_solve_unseen_combinations) ... ok
test_unseen_combination_alias_tokens_are_seen_during_training (tests_lm.test_v05_c138_compositional_alias_fixture.V05C138CompositionalAliasFixtureTests.test_unseen_combination_alias_tokens_are_seen_during_training) ... ok
test_validation_and_descriptor_share_no_tokens (tests_lm.test_v05_c138_compositional_alias_fixture.V05C138CompositionalAliasFixtureTests.test_validation_and_descriptor_share_no_tokens) ... ok
test_c138_training_vocabulary_reproduces_amber_red_hash_collision (tests_lm.test_v05_c139_hash_collision_diagnostic.V05C139HashCollisionDiagnosticTests.test_c138_training_vocabulary_reproduces_amber_red_hash_collision) ... ok
test_collision_free_features_distinguish_amber_and_red (tests_lm.test_v05_c139_hash_collision_diagnostic.V05C139HashCollisionDiagnosticTests.test_collision_free_features_distinguish_amber_and_red) ... ok
test_training_vocabulary_covers_all_validation_and_descriptor_tokens (tests_lm.test_v05_c139_hash_collision_diagnostic.V05C139HashCollisionDiagnosticTests.test_training_vocabulary_covers_all_validation_and_descriptor_tokens) ... ok
test_negative_expected_margin_marks_competing_prediction (tests_lm.test_v05_c140_collision_free_multiseed_robustness.V05C140CollisionFreeMultiseedRobustnessTests.test_negative_expected_margin_marks_competing_prediction) ... ok
test_positive_expected_margin_marks_correct_prediction (tests_lm.test_v05_c140_collision_free_multiseed_robustness.V05C140CollisionFreeMultiseedRobustnessTests.test_positive_expected_margin_marks_correct_prediction) ... ok
test_seed_set_is_fresh_and_disjoint_from_c139 (tests_lm.test_v05_c140_collision_free_multiseed_robustness.V05C140CollisionFreeMultiseedRobustnessTests.test_seed_set_is_fresh_and_disjoint_from_c139) ... ok
test_ambiguous_training_alias_is_rejected (tests_lm.test_v05_c141_color_alias_localization.V05C141ColorAliasLocalizationTests.test_ambiguous_training_alias_is_rejected) ... ok
test_misaligned_pairs_are_rejected (tests_lm.test_v05_c141_color_alias_localization.V05C141ColorAliasLocalizationTests.test_misaligned_pairs_are_rejected) ... ok
test_only_color_changes_and_source_rows_are_not_mutated (tests_lm.test_v05_c141_color_alias_localization.V05C141ColorAliasLocalizationTests.test_only_color_changes_and_source_rows_are_not_mutated) ... ok
test_prerequisite_rejects_wrong_experiment_and_console_only_payload (tests_lm.test_v05_c141_color_alias_localization.V05C141ColorAliasLocalizationTests.test_prerequisite_rejects_wrong_experiment_and_console_only_payload) ... ok
test_replay_accepts_equal_data_but_rejects_changed_prediction (tests_lm.test_v05_c141_color_alias_localization.V05C141ColorAliasLocalizationTests.test_replay_accepts_equal_data_but_rejects_changed_prediction) ... ok
test_replay_rejects_score_drift_and_nan (tests_lm.test_v05_c141_color_alias_localization.V05C141ColorAliasLocalizationTests.test_replay_rejects_score_drift_and_nan) ... ok
test_rescuing_a_failure_does_not_hide_a_new_error (tests_lm.test_v05_c141_color_alias_localization.V05C141ColorAliasLocalizationTests.test_rescuing_a_failure_does_not_hide_a_new_error) ... ok
test_seeds_are_exactly_the_c140_replay_set (tests_lm.test_v05_c141_color_alias_localization.V05C141ColorAliasLocalizationTests.test_seeds_are_exactly_the_c140_replay_set) ... ok
test_training_map_ignores_unseen_rows_and_validation_labels (tests_lm.test_v05_c141_color_alias_localization.V05C141ColorAliasLocalizationTests.test_training_map_ignores_unseen_rows_and_validation_labels) ... ok
test_training_pair_audit_excludes_heldout_combinations (tests_lm.test_v05_c141_color_alias_localization.V05C141ColorAliasLocalizationTests.test_training_pair_audit_excludes_heldout_combinations) ... ok
test_uncovered_alias_is_rejected (tests_lm.test_v05_c141_color_alias_localization.V05C141ColorAliasLocalizationTests.test_uncovered_alias_is_rejected) ... ok
test_weight_fingerprint_detects_mutation (tests_lm.test_v05_c141_color_alias_localization.V05C141ColorAliasLocalizationTests.test_weight_fingerprint_detects_mutation) ... ok
test_accepted_full_prerequisite_is_validated (tests_lm.test_v05_c142_color_alignment.V05C142ColorAlignmentTests.test_accepted_full_prerequisite_is_validated) ... ok
test_auxiliary_objective_is_preregistered_weighted_sum (tests_lm.test_v05_c142_color_alignment.V05C142ColorAlignmentTests.test_auxiliary_objective_is_preregistered_weighted_sum) ... ok
test_bad_weight_and_scale_are_rejected (tests_lm.test_v05_c142_color_alignment.V05C142ColorAlignmentTests.test_bad_weight_and_scale_are_rejected) ... ok
test_checkpoint_is_weights_only_loadable_and_reconstructible (tests_lm.test_v05_c142_color_alignment.V05C142ColorAlignmentTests.test_checkpoint_is_weights_only_loadable_and_reconstructible) ... ok
test_color_pairs_are_deduplicated_sorted_and_labeled (tests_lm.test_v05_c142_color_alignment.V05C142ColorAlignmentTests.test_color_pairs_are_deduplicated_sorted_and_labeled) ... ok
test_conflicting_training_alias_is_rejected (tests_lm.test_v05_c142_color_alignment.V05C142ColorAlignmentTests.test_conflicting_training_alias_is_rejected) ... ok
test_empty_or_invalid_training_split_is_rejected (tests_lm.test_v05_c142_color_alignment.V05C142ColorAlignmentTests.test_empty_or_invalid_training_split_is_rejected) ... ok
test_evaluation_interface_has_no_alias_map (tests_lm.test_v05_c142_color_alignment.V05C142ColorAlignmentTests.test_evaluation_interface_has_no_alias_map) ... ok
test_evaluation_uses_original_text_and_adapter_result (tests_lm.test_v05_c142_color_alignment.V05C142ColorAlignmentTests.test_evaluation_uses_original_text_and_adapter_result) ... ok
test_fresh_seed_set_and_fixed_auxiliary_weight (tests_lm.test_v05_c142_color_alignment.V05C142ColorAlignmentTests.test_fresh_seed_set_and_fixed_auxiliary_weight) ... ok
test_nonfinite_loss_is_rejected (tests_lm.test_v05_c142_color_alignment.V05C142ColorAlignmentTests.test_nonfinite_loss_is_rejected) ... ok
test_paired_copies_start_equal_and_auxiliary_changes_updates (tests_lm.test_v05_c142_color_alignment.V05C142ColorAlignmentTests.test_paired_copies_start_equal_and_auxiliary_changes_updates) ... ok
test_pass_requires_success_and_strictly_positive_finite_margins (tests_lm.test_v05_c142_color_alignment.V05C142ColorAlignmentTests.test_pass_requires_success_and_strictly_positive_finite_margins) ... ok
test_prerequisite_rejects_aggregate_only_wrong_source_and_fail (tests_lm.test_v05_c142_color_alignment.V05C142ColorAlignmentTests.test_prerequisite_rejects_aggregate_only_wrong_source_and_fail) ... ok
test_prerequisite_rejects_bad_case_and_margin (tests_lm.test_v05_c142_color_alignment.V05C142ColorAlignmentTests.test_prerequisite_rejects_bad_case_and_margin) ... ok
test_prerequisite_selector_skips_invalid_files (tests_lm.test_v05_c142_color_alignment.V05C142ColorAlignmentTests.test_prerequisite_selector_skips_invalid_files) ... ok
test_rescue_counts_do_not_hide_new_errors (tests_lm.test_v05_c142_color_alignment.V05C142ColorAlignmentTests.test_rescue_counts_do_not_hide_new_errors) ... ok
test_training_spec_does_not_mutate_rows (tests_lm.test_v05_c142_color_alignment.V05C142ColorAlignmentTests.test_training_spec_does_not_mutate_rows) ... ok
test_training_spec_ignores_validation_and_heldout_fields (tests_lm.test_v05_c142_color_alignment.V05C142ColorAlignmentTests.test_training_spec_ignores_validation_and_heldout_fields) ... ok
test_wrong_provenance_is_execution_error_not_scientific_failure (tests_lm.test_v05_c142_color_alignment.V05C142ColorAlignmentTests.test_wrong_provenance_is_execution_error_not_scientific_failure) ... ok
test_zero_aux_training_matches_c139_reference_update_arithmetic (tests_lm.test_v05_c142_color_alignment.V05C142ColorAlignmentTests.test_zero_aux_training_matches_c139_reference_update_arithmetic) ... ok
test_zero_weight_does_not_read_auxiliary_input (tests_lm.test_v05_c142_color_alignment.V05C142ColorAlignmentTests.test_zero_weight_does_not_read_auxiliary_input) ... ok
test_accepted_full_prerequisite_profile (tests_lm.test_v05_c143_frozen_factorial_audit.V05C143FrozenFactorialAuditTests.test_accepted_full_prerequisite_profile) ... ok
test_ambiguous_training_alias_is_rejected (tests_lm.test_v05_c143_frozen_factorial_audit.V05C143FrozenFactorialAuditTests.test_ambiguous_training_alias_is_rejected) ... ok
test_candidate_scorer_accepts_dynamic_catalog_size (tests_lm.test_v05_c143_frozen_factorial_audit.V05C143FrozenFactorialAuditTests.test_candidate_scorer_accepts_dynamic_catalog_size) ... ok
test_checkpoint_path_metadata_cannot_redirect_file_loading (tests_lm.test_v05_c143_frozen_factorial_audit.V05C143FrozenFactorialAuditTests.test_checkpoint_path_metadata_cannot_redirect_file_loading) ... ok
test_checkpoint_reconstruction_is_frozen_and_identical (tests_lm.test_v05_c143_frozen_factorial_audit.V05C143FrozenFactorialAuditTests.test_checkpoint_reconstruction_is_frozen_and_identical) ... ok
test_checkpoint_tampering_vocab_and_fingerprint_are_rejected (tests_lm.test_v05_c143_frozen_factorial_audit.V05C143FrozenFactorialAuditTests.test_checkpoint_tampering_vocab_and_fingerprint_are_rejected) ... ok
test_expected_labels_cannot_change_model_predictions (tests_lm.test_v05_c143_frozen_factorial_audit.V05C143FrozenFactorialAuditTests.test_expected_labels_cannot_change_model_predictions) ... ok
test_full_factor_product_and_alias_counts (tests_lm.test_v05_c143_frozen_factorial_audit.V05C143FrozenFactorialAuditTests.test_full_factor_product_and_alias_counts) ... ok
test_generated_query_target_has_zero_lexical_overlap (tests_lm.test_v05_c143_frozen_factorial_audit.V05C143FrozenFactorialAuditTests.test_generated_query_target_has_zero_lexical_overlap) ... ok
test_group_metrics_do_not_hide_new_combination_errors (tests_lm.test_v05_c143_frozen_factorial_audit.V05C143FrozenFactorialAuditTests.test_group_metrics_do_not_hide_new_combination_errors) ... ok
test_heldout_training_fields_do_not_contribute_aliases (tests_lm.test_v05_c143_frozen_factorial_audit.V05C143FrozenFactorialAuditTests.test_heldout_training_fields_do_not_contribute_aliases) ... ok
test_margins_handle_correct_incorrect_and_tie (tests_lm.test_v05_c143_frozen_factorial_audit.V05C143FrozenFactorialAuditTests.test_margins_handle_correct_incorrect_and_tie) ... ok
test_nonfinite_scores_and_bad_labels_are_rejected (tests_lm.test_v05_c143_frozen_factorial_audit.V05C143FrozenFactorialAuditTests.test_nonfinite_scores_and_bad_labels_are_rejected) ... ok
test_original_catalog_order_is_preserved (tests_lm.test_v05_c143_frozen_factorial_audit.V05C143FrozenFactorialAuditTests.test_original_catalog_order_is_preserved) ... ok
test_original_training_and_validation_queries_are_flagged (tests_lm.test_v05_c143_frozen_factorial_audit.V05C143FrozenFactorialAuditTests.test_original_training_and_validation_queries_are_flagged) ... ok
test_pass_requires_every_case_and_positive_finite_margin (tests_lm.test_v05_c143_frozen_factorial_audit.V05C143FrozenFactorialAuditTests.test_pass_requires_every_case_and_positive_finite_margin) ... ok
test_prerequisite_rejects_changed_treatment_or_query (tests_lm.test_v05_c143_frozen_factorial_audit.V05C143FrozenFactorialAuditTests.test_prerequisite_rejects_changed_treatment_or_query) ... ok
test_prerequisite_rejects_console_only_and_wrong_commit (tests_lm.test_v05_c143_frozen_factorial_audit.V05C143FrozenFactorialAuditTests.test_prerequisite_rejects_console_only_and_wrong_commit) ... ok
test_replay_checks_prediction_and_score_drift (tests_lm.test_v05_c143_frozen_factorial_audit.V05C143FrozenFactorialAuditTests.test_replay_checks_prediction_and_score_drift) ... ok
test_seed_set_reuses_all_c142_heads (tests_lm.test_v05_c143_frozen_factorial_audit.V05C143FrozenFactorialAuditTests.test_seed_set_reuses_all_c142_heads) ... ok
test_suite_is_deterministic_and_input_is_not_mutated (tests_lm.test_v05_c143_frozen_factorial_audit.V05C143FrozenFactorialAuditTests.test_suite_is_deterministic_and_input_is_not_mutated) ... ok
test_wrong_factor_cardinality_is_rejected (tests_lm.test_v05_c143_frozen_factorial_audit.V05C143FrozenFactorialAuditTests.test_wrong_factor_cardinality_is_rejected) ... ok
test_arm_analysis_counts_masks_and_distances (tests_lm.test_v05_c144_factor_mismatch_attribution.V05C144FactorMismatchAttributionTests.test_arm_analysis_counts_masks_and_distances) ... ok
test_arm_analysis_does_not_mutate_input (tests_lm.test_v05_c144_factor_mismatch_attribution.V05C144FactorMismatchAttributionTests.test_arm_analysis_does_not_mutate_input) ... ok
test_arm_analysis_tracks_alias_error_rates (tests_lm.test_v05_c144_factor_mismatch_attribution.V05C144FactorMismatchAttributionTests.test_arm_analysis_tracks_alias_error_rates) ... ok
test_axes_are_canonical_order (tests_lm.test_v05_c144_factor_mismatch_attribution.V05C144FactorMismatchAttributionTests.test_axes_are_canonical_order) ... ok
test_bad_descriptor_arity_is_rejected (tests_lm.test_v05_c144_factor_mismatch_attribution.V05C144FactorMismatchAttributionTests.test_bad_descriptor_arity_is_rejected) ... ok
test_expected_aggregate_constants_match_c143_console (tests_lm.test_v05_c144_factor_mismatch_attribution.V05C144FactorMismatchAttributionTests.test_expected_aggregate_constants_match_c143_console) ... ok
test_identical_descriptor_is_not_an_error_mask (tests_lm.test_v05_c144_factor_mismatch_attribution.V05C144FactorMismatchAttributionTests.test_identical_descriptor_is_not_an_error_mask) ... ok
test_multi_factor_masks_preserve_axis_order (tests_lm.test_v05_c144_factor_mismatch_attribution.V05C144FactorMismatchAttributionTests.test_multi_factor_masks_preserve_axis_order) ... ok
test_safe_rate (tests_lm.test_v05_c144_factor_mismatch_attribution.V05C144FactorMismatchAttributionTests.test_safe_rate) ... ok
test_single_factor_masks (tests_lm.test_v05_c144_factor_mismatch_attribution.V05C144FactorMismatchAttributionTests.test_single_factor_masks) ... ok
test_alignment_spec_rejects_bad_axis (tests_lm.test_v05_c145_material_alignment_intervention.V05C145MaterialAlignmentTests.test_alignment_spec_rejects_bad_axis) ... ok
test_alignment_spec_uses_training_rows_only (tests_lm.test_v05_c145_material_alignment_intervention.V05C145MaterialAlignmentTests.test_alignment_spec_uses_training_rows_only) ... ok
test_c144_validator_accepts_registered_profile (tests_lm.test_v05_c145_material_alignment_intervention.V05C145MaterialAlignmentTests.test_c144_validator_accepts_registered_profile) ... ok
test_c144_validator_rejects_wrong_material_count (tests_lm.test_v05_c145_material_alignment_intervention.V05C145MaterialAlignmentTests.test_c144_validator_rejects_wrong_material_count) ... ok
test_head_fingerprint_detects_update (tests_lm.test_v05_c145_material_alignment_intervention.V05C145MaterialAlignmentTests.test_head_fingerprint_detects_update) ... ok
test_identical_mask_rejected (tests_lm.test_v05_c145_material_alignment_intervention.V05C145MaterialAlignmentTests.test_identical_mask_rejected) ... ok
test_main_spec_is_not_mutating (tests_lm.test_v05_c145_material_alignment_intervention.V05C145MaterialAlignmentTests.test_main_spec_is_not_mutating) ... ok
test_mask_axis_order (tests_lm.test_v05_c145_material_alignment_intervention.V05C145MaterialAlignmentTests.test_mask_axis_order) ... ok
test_metrics_counts_material_involvement (tests_lm.test_v05_c145_material_alignment_intervention.V05C145MaterialAlignmentTests.test_metrics_counts_material_involvement) ... ok
test_objective_material_zero_vs_one_differs (tests_lm.test_v05_c145_material_alignment_intervention.V05C145MaterialAlignmentTests.test_objective_material_zero_vs_one_differs) ... M:\asobiba\fold\tests_lm\test_v05_c145_material_alignment_intervention.py:74: UserWarning: Converting a tensor with requires_grad=True to a scalar may lead to unexpected behavior.
Consider using tensor.detach() first. (Triggered internally at C:\actions-runner\_work\pytorch\pytorch\pytorch\torch\csrc\autograd\generated\python_variable_methods.cpp:837.)
  self.assertNotEqual(float(a),float(b))
ok
test_pair_counts_rescue_and_regression (tests_lm.test_v05_c145_material_alignment_intervention.V05C145MaterialAlignmentTests.test_pair_counts_rescue_and_regression) ... ok
test_seed_set_is_fresh (tests_lm.test_v05_c145_material_alignment_intervention.V05C145MaterialAlignmentTests.test_seed_set_is_fresh) ... ok
test_audit_rejects_invalid_index_and_inconsistent_margin (tests_lm.test_v05_c146_all_factor_alignment.V05C146AllFactorAlignmentTests.test_audit_rejects_invalid_index_and_inconsistent_margin) ... ok
test_conflicting_factor_alias_is_rejected (tests_lm.test_v05_c146_all_factor_alignment.V05C146AllFactorAlignmentTests.test_conflicting_factor_alias_is_rejected) ... ok
test_control_has_no_shape_loss_graph (tests_lm.test_v05_c146_all_factor_alignment.V05C146AllFactorAlignmentTests.test_control_has_no_shape_loss_graph) ... ok
test_control_updates_match_explicit_c145_treatment_arithmetic (tests_lm.test_v05_c146_all_factor_alignment.V05C146AllFactorAlignmentTests.test_control_updates_match_explicit_c145_treatment_arithmetic) ... ok
test_full_synthetic_prerequisite_recomputes_accepted_aggregates (tests_lm.test_v05_c146_all_factor_alignment.V05C146AllFactorAlignmentTests.test_full_synthetic_prerequisite_recomputes_accepted_aggregates) ... ok
test_group_metrics_preserve_overlapping_original_group (tests_lm.test_v05_c146_all_factor_alignment.V05C146AllFactorAlignmentTests.test_group_metrics_preserve_overlapping_original_group) ... ok
test_invalid_weight_and_nonfinite_loss_rejected (tests_lm.test_v05_c146_all_factor_alignment.V05C146AllFactorAlignmentTests.test_invalid_weight_and_nonfinite_loss_rejected) ... ok
test_malformed_and_empty_training_rejected (tests_lm.test_v05_c146_all_factor_alignment.V05C146AllFactorAlignmentTests.test_malformed_and_empty_training_rejected) ... ok
test_manifest_checks_lf_and_crlf_bytes_without_semantic_fallback (tests_lm.test_v05_c146_all_factor_alignment.V05C146AllFactorAlignmentTests.test_manifest_checks_lf_and_crlf_bytes_without_semantic_fallback) ... ok
test_masks_include_overlapping_factor_counts (tests_lm.test_v05_c146_all_factor_alignment.V05C146AllFactorAlignmentTests.test_masks_include_overlapping_factor_counts) ... ok
test_paired_counts_distinguish_rescue_and_new_error (tests_lm.test_v05_c146_all_factor_alignment.V05C146AllFactorAlignmentTests.test_paired_counts_distinguish_rescue_and_new_error) ... ok
test_paired_models_start_equal_but_auxiliary_changes_updates (tests_lm.test_v05_c146_all_factor_alignment.V05C146AllFactorAlignmentTests.test_paired_models_start_equal_but_auxiliary_changes_updates) ... ok
test_pass_requires_correct_and_strictly_positive_finite_margin (tests_lm.test_v05_c146_all_factor_alignment.V05C146AllFactorAlignmentTests.test_pass_requires_correct_and_strictly_positive_finite_margin) ... ok
test_prerequisite_rejects_console_only_or_wrong_commit (tests_lm.test_v05_c146_all_factor_alignment.V05C146AllFactorAlignmentTests.test_prerequisite_rejects_console_only_or_wrong_commit) ... ok
test_prerequisite_rejects_duplicate_seed_and_false_full_pass_count (tests_lm.test_v05_c146_all_factor_alignment.V05C146AllFactorAlignmentTests.test_prerequisite_rejects_duplicate_seed_and_false_full_pass_count) ... ok
test_prerequisite_rejects_modified_case (tests_lm.test_v05_c146_all_factor_alignment.V05C146AllFactorAlignmentTests.test_prerequisite_rejects_modified_case) ... ok
test_seed_set_is_fresh_and_configuration_fixed (tests_lm.test_v05_c146_all_factor_alignment.V05C146AllFactorAlignmentTests.test_seed_set_is_fresh_and_configuration_fixed) ... ok
test_shape_one_objective_is_exact_weighted_sum (tests_lm.test_v05_c146_all_factor_alignment.V05C146AllFactorAlignmentTests.test_shape_one_objective_is_exact_weighted_sum) ... ok
test_specs_preserve_hyphenated_shape_expression_and_source (tests_lm.test_v05_c146_all_factor_alignment.V05C146AllFactorAlignmentTests.test_specs_preserve_hyphenated_shape_expression_and_source) ... ok
test_training_uses_no_validation_or_heldout_fields (tests_lm.test_v05_c146_all_factor_alignment.V05C146AllFactorAlignmentTests.test_training_uses_no_validation_or_heldout_fields) ... ok
test_checkpoint_is_reconstructed_frozen_with_exact_fingerprint (tests_lm.test_v05_c147_composition_order.V05C147CompositionOrderTests.test_checkpoint_is_reconstructed_frozen_with_exact_fingerprint) ... ok
test_checkpoint_wrong_name_hash_vocabulary_and_weights_rejected (tests_lm.test_v05_c147_composition_order.V05C147CompositionOrderTests.test_checkpoint_wrong_name_hash_vocabulary_and_weights_rejected) ... ok
test_compose_does_not_mutate_head_or_texts (tests_lm.test_v05_c147_composition_order.V05C147CompositionOrderTests.test_compose_does_not_mutate_head_or_texts) ... ok
test_compose_uses_one_unique_unit_encoding_batch (tests_lm.test_v05_c147_composition_order.V05C147CompositionOrderTests.test_compose_uses_one_unique_unit_encoding_batch) ... ok
test_composition_equals_normalized_sum_of_unit_encodings (tests_lm.test_v05_c147_composition_order.V05C147CompositionOrderTests.test_composition_equals_normalized_sum_of_unit_encodings) ... ok
test_empty_units_and_undefined_normalization_rejected (tests_lm.test_v05_c147_composition_order.V05C147CompositionOrderTests.test_empty_units_and_undefined_normalization_rejected) ... ok
test_error_details_include_query_target_and_both_predictions (tests_lm.test_v05_c147_composition_order.V05C147CompositionOrderTests.test_error_details_include_query_target_and_both_predictions) ... ok
test_hyphenated_expression_is_passed_intact_to_feature_function (tests_lm.test_v05_c147_composition_order.V05C147CompositionOrderTests.test_hyphenated_expression_is_passed_intact_to_feature_function) ... ok
test_labels_cannot_change_predictions (tests_lm.test_v05_c147_composition_order.V05C147CompositionOrderTests.test_labels_cannot_change_predictions) ... ok
test_no_typed_factor_or_expected_label_in_encoder_interface (tests_lm.test_v05_c147_composition_order.V05C147CompositionOrderTests.test_no_typed_factor_or_expected_label_in_encoder_interface) ... ok
test_pair_does_not_hide_new_errors (tests_lm.test_v05_c147_composition_order.V05C147CompositionOrderTests.test_pair_does_not_hide_new_errors) ... ok
test_rank_rejects_nan_shapes_and_invalid_indices (tests_lm.test_v05_c147_composition_order.V05C147CompositionOrderTests.test_rank_rejects_nan_shapes_and_invalid_indices) ... ok
test_rejects_wrong_prerequisite_before_auditing (tests_lm.test_v05_c147_composition_order.V05C147CompositionOrderTests.test_rejects_wrong_prerequisite_before_auditing) ... ok
test_replay_rejects_rank_score_and_numeric_changes (tests_lm.test_v05_c147_composition_order.V05C147CompositionOrderTests.test_replay_rejects_rank_score_and_numeric_changes) ... ok
test_single_expression_matches_original_encoder (tests_lm.test_v05_c147_composition_order.V05C147CompositionOrderTests.test_single_expression_matches_original_encoder) ... ok
test_source_seed_set_includes_all_successes_and_failures (tests_lm.test_v05_c147_composition_order.V05C147CompositionOrderTests.test_source_seed_set_includes_all_successes_and_failures) ... ok
test_strict_positive_margin_gate_and_ties (tests_lm.test_v05_c147_composition_order.V05C147CompositionOrderTests.test_strict_positive_margin_gate_and_ties) ... ok
test_unit_order_is_invariant_and_repetitions_preserved (tests_lm.test_v05_c147_composition_order.V05C147CompositionOrderTests.test_unit_order_is_invariant_and_repetitions_preserved) ... ok
test_bad_steps_and_nonfinite_losses_rejected (tests_lm.test_v05_c148_train_consistent_composition.V05C148TrainConsistentCompositionTests.test_bad_steps_and_nonfinite_losses_rejected) ... ok
test_checkpoint_contains_composition_metadata_and_loads_safely (tests_lm.test_v05_c148_train_consistent_composition.V05C148TrainConsistentCompositionTests.test_checkpoint_contains_composition_metadata_and_loads_safely) ... ok
test_composition_matches_c147_normalized_sum_formula (tests_lm.test_v05_c148_train_consistent_composition.V05C148TrainConsistentCompositionTests.test_composition_matches_c147_normalized_sum_formula) ... ok
test_empty_or_invalid_text_is_rejected (tests_lm.test_v05_c148_train_consistent_composition.V05C148TrainConsistentCompositionTests.test_empty_or_invalid_text_is_rejected) ... ok
test_encoder_has_no_labels_or_factor_slot_interface (tests_lm.test_v05_c148_train_consistent_composition.V05C148TrainConsistentCompositionTests.test_encoder_has_no_labels_or_factor_slot_interface) ... ok
test_evaluation_does_not_mutate_head (tests_lm.test_v05_c148_train_consistent_composition.V05C148TrainConsistentCompositionTests.test_evaluation_does_not_mutate_head) ... ok
test_fresh_seed_set_does_not_reuse_recent_experiments (tests_lm.test_v05_c148_train_consistent_composition.V05C148TrainConsistentCompositionTests.test_fresh_seed_set_does_not_reuse_recent_experiments) ... ok
test_gradient_matches_double_precision_finite_difference (tests_lm.test_v05_c148_train_consistent_composition.V05C148TrainConsistentCompositionTests.test_gradient_matches_double_precision_finite_difference) ... ok
test_multiple_steps_recompute_learned_vectors (tests_lm.test_v05_c148_train_consistent_composition.V05C148TrainConsistentCompositionTests.test_multiple_steps_recompute_learned_vectors) ... ok
test_only_main_term_changes_between_objectives (tests_lm.test_v05_c148_train_consistent_composition.V05C148TrainConsistentCompositionTests.test_only_main_term_changes_between_objectives) ... ok
test_padding_does_not_contribute_vectors (tests_lm.test_v05_c148_train_consistent_composition.V05C148TrainConsistentCompositionTests.test_padding_does_not_contribute_vectors) ... ok
test_paired_initial_state_same_updates_differ (tests_lm.test_v05_c148_train_consistent_composition.V05C148TrainConsistentCompositionTests.test_paired_initial_state_same_updates_differ) ... ok
test_permutation_invariance_and_repetition_weight (tests_lm.test_v05_c148_train_consistent_composition.V05C148TrainConsistentCompositionTests.test_permutation_invariance_and_repetition_weight) ... ok
test_pooled_control_objective_is_c146_arithmetic (tests_lm.test_v05_c148_train_consistent_composition.V05C148TrainConsistentCompositionTests.test_pooled_control_objective_is_c146_arithmetic) ... ok
test_pooled_control_updates_equal_reference (tests_lm.test_v05_c148_train_consistent_composition.V05C148TrainConsistentCompositionTests.test_pooled_control_updates_equal_reference) ... ok
test_preparation_keeps_input_and_only_caches_features (tests_lm.test_v05_c148_train_consistent_composition.V05C148TrainConsistentCompositionTests.test_preparation_keeps_input_and_only_caches_features) ... ok
test_preparation_rejects_nonfinite_features (tests_lm.test_v05_c148_train_consistent_composition.V05C148TrainConsistentCompositionTests.test_preparation_rejects_nonfinite_features) ... ok
test_prior_rejects_changed_predictions_pair_or_fit (tests_lm.test_v05_c148_train_consistent_composition.V05C148TrainConsistentCompositionTests.test_prior_rejects_changed_predictions_pair_or_fit) ... ok
test_prior_rejects_wrong_identity_summary_only_and_seed_duplicates (tests_lm.test_v05_c148_train_consistent_composition.V05C148TrainConsistentCompositionTests.test_prior_rejects_wrong_identity_summary_only_and_seed_duplicates) ... ok
test_single_unit_matches_shared_encoder (tests_lm.test_v05_c148_train_consistent_composition.V05C148TrainConsistentCompositionTests.test_single_unit_matches_shared_encoder) ... ok
test_strict_gate_rejects_ties_errors_and_nonfinite_margin (tests_lm.test_v05_c148_train_consistent_composition.V05C148TrainConsistentCompositionTests.test_strict_gate_rejects_ties_errors_and_nonfinite_margin) ... ok
test_synthetic_full_prior_reaggregation (tests_lm.test_v05_c148_train_consistent_composition.V05C148TrainConsistentCompositionTests.test_synthetic_full_prior_reaggregation) ... ok
test_units_sort_without_dropping_hyphens_or_repetitions (tests_lm.test_v05_c148_train_consistent_composition.V05C148TrainConsistentCompositionTests.test_units_sort_without_dropping_hyphens_or_repetitions) ... ok
test_unregistered_mode_and_zero_sum_are_rejected (tests_lm.test_v05_c148_train_consistent_composition.V05C148TrainConsistentCompositionTests.test_unregistered_mode_and_zero_sum_are_rejected) ... ok
test_accounting_does_not_mutate_or_backpropagate (tests_lm.test_v05_c149_margin_accounting.V05C149MarginAccountingTests.test_accounting_does_not_mutate_or_backpropagate) ... ok
test_checkpoint_metadata_and_byte_tamper_rejected (tests_lm.test_v05_c149_margin_accounting.V05C149MarginAccountingTests.test_checkpoint_metadata_and_byte_tamper_rejected) ... ok
test_common_factor_permutation_preserves_partition (tests_lm.test_v05_c149_margin_accounting.V05C149MarginAccountingTests.test_common_factor_permutation_preserves_partition) ... ok
test_console_only_prerequisite_cannot_be_replayed (tests_lm.test_v05_c149_margin_accounting.V05C149MarginAccountingTests.test_console_only_prerequisite_cannot_be_replayed) ... ok
test_diagonal_only_orthogonal_example (tests_lm.test_v05_c149_margin_accounting.V05C149MarginAccountingTests.test_diagonal_only_orthogonal_example) ... ok
test_dot_matrices_and_norms_are_saved (tests_lm.test_v05_c149_margin_accounting.V05C149MarginAccountingTests.test_dot_matrices_and_norms_are_saved) ... ok
test_equal_candidate_norms_have_zero_norm_term (tests_lm.test_v05_c149_margin_accounting.V05C149MarginAccountingTests.test_equal_candidate_norms_have_zero_norm_term) ... ok
test_expected_rival_swap_negates_all_contributions (tests_lm.test_v05_c149_margin_accounting.V05C149MarginAccountingTests.test_expected_rival_swap_negates_all_contributions) ... ok
test_float32_unit_inputs_accumulate_in_float64 (tests_lm.test_v05_c149_margin_accounting.V05C149MarginAccountingTests.test_float32_unit_inputs_accumulate_in_float64) ... ok
test_nonfinite_and_shape_mismatch_rejected (tests_lm.test_v05_c149_margin_accounting.V05C149MarginAccountingTests.test_nonfinite_and_shape_mismatch_rejected) ... ok
test_norm_term_matches_registered_symmetric_formula (tests_lm.test_v05_c149_margin_accounting.V05C149MarginAccountingTests.test_norm_term_matches_registered_symmetric_formula) ... ok
test_query_only_permutation_changes_partition_not_total (tests_lm.test_v05_c149_margin_accounting.V05C149MarginAccountingTests.test_query_only_permutation_changes_partition_not_total) ... ok
test_reconstruction_matches_direct_normalized_sum_cosine (tests_lm.test_v05_c149_margin_accounting.V05C149MarginAccountingTests.test_reconstruction_matches_direct_normalized_sum_cosine) ... ok
test_reuses_all_source_seeds_and_both_arms (tests_lm.test_v05_c149_margin_accounting.V05C149MarginAccountingTests.test_reuses_all_source_seeds_and_both_arms) ... ok
test_safe_checkpoint_reconstruction_and_frozen_weights (tests_lm.test_v05_c149_margin_accounting.V05C149MarginAccountingTests.test_safe_checkpoint_reconstruction_and_frozen_weights) ... ok
test_summary_counts_overlapping_adverse_terms (tests_lm.test_v05_c149_margin_accounting.V05C149MarginAccountingTests.test_summary_counts_overlapping_adverse_terms) ... ok
test_summary_null_error_means_for_perfect_source (tests_lm.test_v05_c149_margin_accounting.V05C149MarginAccountingTests.test_summary_null_error_means_for_perfect_source) ... ok
test_wrong_prerequisite_rejected_before_auditor (tests_lm.test_v05_c149_margin_accounting.V05C149MarginAccountingTests.test_wrong_prerequisite_rejected_before_auditor) ... ok
test_zero_sum_and_nonunit_inputs_are_rejected (tests_lm.test_v05_c149_margin_accounting.V05C149MarginAccountingTests.test_zero_sum_and_nonunit_inputs_are_rejected) ... ok
test_ambiguous_alias_across_axes_is_rejected (tests_lm.test_v05_c150_global_negatives.V05C150GlobalNegativesTests.test_ambiguous_alias_across_axes_is_rejected) ... ok
test_audit_rejects_case_mismatch_and_accounting_drift (tests_lm.test_v05_c150_global_negatives.V05C150GlobalNegativesTests.test_audit_rejects_case_mismatch_and_accounting_drift) ... ok
test_audit_rejects_console_only_and_wrong_identity (tests_lm.test_v05_c150_global_negatives.V05C150GlobalNegativesTests.test_audit_rejects_console_only_and_wrong_identity) ... ok
test_candidate_build_does_not_mutate_training_specs (tests_lm.test_v05_c150_global_negatives.V05C150GlobalNegativesTests.test_candidate_build_does_not_mutate_training_specs) ... ok
test_candidate_order_is_deterministic (tests_lm.test_v05_c150_global_negatives.V05C150GlobalNegativesTests.test_candidate_order_is_deterministic) ... ok
test_checkpoint_contains_scope_metadata_and_safe_weights (tests_lm.test_v05_c150_global_negatives.V05C150GlobalNegativesTests.test_checkpoint_contains_scope_metadata_and_safe_weights) ... ok
test_control_optimizer_matches_explicit_reference_arithmetic (tests_lm.test_v05_c150_global_negatives.V05C150GlobalNegativesTests.test_control_optimizer_matches_explicit_reference_arithmetic) ... ok
test_duplicate_canonical_names_are_rejected (tests_lm.test_v05_c150_global_negatives.V05C150GlobalNegativesTests.test_duplicate_canonical_names_are_rejected) ... ok
test_fresh_seeds_and_no_validation_interface (tests_lm.test_v05_c150_global_negatives.V05C150GlobalNegativesTests.test_fresh_seeds_and_no_validation_interface) ... ok
test_full_synthetic_audit_reaggregation (tests_lm.test_v05_c150_global_negatives.V05C150GlobalNegativesTests.test_full_synthetic_audit_reaggregation) ... ok
test_global_candidates_include_all_other_axes (tests_lm.test_v05_c150_global_negatives.V05C150GlobalNegativesTests.test_global_candidates_include_all_other_axes) ... ok
test_global_pool_preserves_positive_pairs (tests_lm.test_v05_c150_global_negatives.V05C150GlobalNegativesTests.test_global_pool_preserves_positive_pairs) ... ok
test_invalid_labels_and_empty_pairs_are_rejected (tests_lm.test_v05_c150_global_negatives.V05C150GlobalNegativesTests.test_invalid_labels_and_empty_pairs_are_rejected) ... ok
test_main_loss_is_identical_and_only_auxiliary_candidates_change (tests_lm.test_v05_c150_global_negatives.V05C150GlobalNegativesTests.test_main_loss_is_identical_and_only_auxiliary_candidates_change) ... ok
test_paired_weights_equal_before_training_but_not_after (tests_lm.test_v05_c150_global_negatives.V05C150GlobalNegativesTests.test_paired_weights_equal_before_training_but_not_after) ... ok
test_scope_and_factor_set_are_validated (tests_lm.test_v05_c150_global_negatives.V05C150GlobalNegativesTests.test_scope_and_factor_set_are_validated) ... ok
test_strict_perfect_gate (tests_lm.test_v05_c150_global_negatives.V05C150GlobalNegativesTests.test_strict_perfect_gate) ... ok
test_sum_of_three_means_has_no_factor_of_three_weight_drop (tests_lm.test_v05_c150_global_negatives.V05C150GlobalNegativesTests.test_sum_of_three_means_has_no_factor_of_three_weight_drop) ... ok
test_training_bad_steps_and_nonfinite_objective_rejected (tests_lm.test_v05_c150_global_negatives.V05C150GlobalNegativesTests.test_training_bad_steps_and_nonfinite_objective_rejected) ... ok
test_within_factor_spec_is_unchanged (tests_lm.test_v05_c150_global_negatives.V05C150GlobalNegativesTests.test_within_factor_spec_is_unchanged) ... ok
test_alias_slot_order_is_preserved_not_sorted (tests_lm.test_v05_c151_cross_split.V05C151CrossSplitTests.test_alias_slot_order_is_preserved_not_sorted) ... ok
test_all_training_queries_decode_to_their_declared_descriptor (tests_lm.test_v05_c151_cross_split.V05C151CrossSplitTests.test_all_training_queries_decode_to_their_declared_descriptor) ... ok
test_checkpoint_metadata_and_safe_reconstruction (tests_lm.test_v05_c151_cross_split.V05C151CrossSplitTests.test_checkpoint_metadata_and_safe_reconstruction) ... ok
test_conflicting_alias_schedule_rejected (tests_lm.test_v05_c151_cross_split.V05C151CrossSplitTests.test_conflicting_alias_schedule_rejected) ... ok
test_cross_axis_alias_overlap_rejected (tests_lm.test_v05_c151_cross_split.V05C151CrossSplitTests.test_cross_axis_alias_overlap_rejected) ... ok
test_duplicate_source_record_rejected (tests_lm.test_v05_c151_cross_split.V05C151CrossSplitTests.test_duplicate_source_record_rejected) ... ok
test_empty_and_malformed_source_rejected (tests_lm.test_v05_c151_cross_split.V05C151CrossSplitTests.test_empty_and_malformed_source_rejected) ... ok
test_empty_partition_rejected (tests_lm.test_v05_c151_cross_split.V05C151CrossSplitTests.test_empty_partition_rejected) ... ok
test_every_split_contains_all_36_aliases (tests_lm.test_v05_c151_cross_split.V05C151CrossSplitTests.test_every_split_contains_all_36_aliases) ... ok
test_four_splits_have_balanced_marginals (tests_lm.test_v05_c151_cross_split.V05C151CrossSplitTests.test_four_splits_have_balanced_marginals) ... ok
test_new_training_strings_do_not_overlap_old_training_strings (tests_lm.test_v05_c151_cross_split.V05C151CrossSplitTests.test_new_training_strings_do_not_overlap_old_training_strings) ... ok
test_partition_uses_current_split_not_legacy_bucket (tests_lm.test_v05_c151_cross_split.V05C151CrossSplitTests.test_partition_uses_current_split_not_legacy_bucket) ... ok
test_plan_is_deterministic (tests_lm.test_v05_c151_cross_split.V05C151CrossSplitTests.test_plan_is_deterministic) ... ok
test_plan_matches_preregistered_sha (tests_lm.test_v05_c151_cross_split.V05C151CrossSplitTests.test_plan_matches_preregistered_sha) ... ok
test_seeds_are_partitioned_once_and_fresh (tests_lm.test_v05_c151_cross_split.V05C151CrossSplitTests.test_seeds_are_partitioned_once_and_fresh) ... ok
test_serialization_canonical_and_nan_rejected (tests_lm.test_v05_c151_cross_split.V05C151CrossSplitTests.test_serialization_canonical_and_nan_rejected) ... ok
test_source_is_not_mutated (tests_lm.test_v05_c151_cross_split.V05C151CrossSplitTests.test_source_is_not_mutated) ... ok
test_splits_are_mutually_disjoint_and_exclude_original_training (tests_lm.test_v05_c151_cross_split.V05C151CrossSplitTests.test_splits_are_mutually_disjoint_and_exclude_original_training) ... ok
test_strict_gate_rejects_errors_ties_and_nonfinite (tests_lm.test_v05_c151_cross_split.V05C151CrossSplitTests.test_strict_gate_rejects_errors_ties_and_nonfinite) ... ok
test_training_rows_contain_no_evaluation_fields (tests_lm.test_v05_c151_cross_split.V05C151CrossSplitTests.test_training_rows_contain_no_evaluation_fields) ... ok
test_valid_identity_with_missing_config_rejected (tests_lm.test_v05_c151_cross_split.V05C151CrossSplitTests.test_valid_identity_with_missing_config_rejected) ... ok
test_validation_and_heldout_fields_do_not_change_plan (tests_lm.test_v05_c151_cross_split.V05C151CrossSplitTests.test_validation_and_heldout_fields_do_not_change_plan) ... ok
test_wrong_prior_rejected_before_auditor (tests_lm.test_v05_c151_cross_split.V05C151CrossSplitTests.test_wrong_prior_rejected_before_auditor) ... ok
test_catalog_excludes_evidence_values_and_queries (tests_lm.test_v05_c152_persisted_bridge.V05C152PersistedBridgeTests.test_catalog_excludes_evidence_values_and_queries) ... ok
test_catalog_positions_move_but_identity_signatures_and_payloads_do_not (tests_lm.test_v05_c152_persisted_bridge.V05C152PersistedBridgeTests.test_catalog_positions_move_but_identity_signatures_and_payloads_do_not) ... ok
test_catalog_record_handle_mismatch_is_rejected (tests_lm.test_v05_c152_persisted_bridge.V05C152PersistedBridgeTests.test_catalog_record_handle_mismatch_is_rejected) ... ok
test_checkpoint_filename_or_parent_traversal_cannot_redirect (tests_lm.test_v05_c152_persisted_bridge.V05C152PersistedBridgeTests.test_checkpoint_filename_or_parent_traversal_cannot_redirect) ... ok
test_checkpoint_reconstructed_frozen_without_parameter_change (tests_lm.test_v05_c152_persisted_bridge.V05C152PersistedBridgeTests.test_checkpoint_reconstructed_frozen_without_parameter_change) ... ok
test_checkpoint_tampering_is_rejected (tests_lm.test_v05_c152_persisted_bridge.V05C152PersistedBridgeTests.test_checkpoint_tampering_is_rejected) ... ok
test_checkpoint_wrong_metadata_or_vocabulary_rejected (tests_lm.test_v05_c152_persisted_bridge.V05C152PersistedBridgeTests.test_checkpoint_wrong_metadata_or_vocabulary_rejected) ... ok
test_existing_snapshot_directory_is_not_overwritten (tests_lm.test_v05_c152_persisted_bridge.V05C152PersistedBridgeTests.test_existing_snapshot_directory_is_not_overwritten) ... ok
test_fetch_interface_has_no_ground_truth_parameter (tests_lm.test_v05_c152_persisted_bridge.V05C152PersistedBridgeTests.test_fetch_interface_has_no_ground_truth_parameter) ... ok
test_full64_actual_adapter_respects_each_handle_in_both_orderings (tests_lm.test_v05_c152_persisted_bridge.V05C152PersistedBridgeTests.test_full64_actual_adapter_respects_each_handle_in_both_orderings) ... ok
test_malformed_duplicate_or_empty_descriptors_rejected (tests_lm.test_v05_c152_persisted_bridge.V05C152PersistedBridgeTests.test_malformed_duplicate_or_empty_descriptors_rejected) ... ok
test_metrics_separate_provenance_from_semantic_correctness (tests_lm.test_v05_c152_persisted_bridge.V05C152PersistedBridgeTests.test_metrics_separate_provenance_from_semantic_correctness) ... ok
test_missing_requested_record_is_not_replaced_by_a_different_record (tests_lm.test_v05_c152_persisted_bridge.V05C152PersistedBridgeTests.test_missing_requested_record_is_not_replaced_by_a_different_record) ... ok
test_naive_position_as_address_negative_control_is_detected (tests_lm.test_v05_c152_persisted_bridge.V05C152PersistedBridgeTests.test_naive_position_as_address_negative_control_is_detected) ... ok
test_prior_header_rejects_wrong_experiment (tests_lm.test_v05_c152_persisted_bridge.V05C152PersistedBridgeTests.test_prior_header_rejects_wrong_experiment) ... ok
test_replay_checks_predictions_rival_and_margins (tests_lm.test_v05_c152_persisted_bridge.V05C152PersistedBridgeTests.test_replay_checks_predictions_rival_and_margins) ... ok
test_same_boolean_payload_with_wrong_key_is_not_accepted (tests_lm.test_v05_c152_persisted_bridge.V05C152PersistedBridgeTests.test_same_boolean_payload_with_wrong_key_is_not_accepted) ... ok
test_scope_reuses_both_arms_and_all_source_seeds (tests_lm.test_v05_c152_persisted_bridge.V05C152PersistedBridgeTests.test_scope_reuses_both_arms_and_all_source_seeds) ... ok
test_snapshot_generation_is_deterministic_and_does_not_mutate (tests_lm.test_v05_c152_persisted_bridge.V05C152PersistedBridgeTests.test_snapshot_generation_is_deterministic_and_does_not_mutate) ... ok
test_strict_gate_keeps_baseline_errors_but_requires_global_correctness (tests_lm.test_v05_c152_persisted_bridge.V05C152PersistedBridgeTests.test_strict_gate_keeps_baseline_errors_but_requires_global_correctness) ... ok
test_tampered_catalog_source_hash_is_rejected (tests_lm.test_v05_c152_persisted_bridge.V05C152PersistedBridgeTests.test_tampered_catalog_source_hash_is_rejected) ... ok
test_wrong_provenance_fields_rejected (tests_lm.test_v05_c152_persisted_bridge.V05C152PersistedBridgeTests.test_wrong_provenance_fields_rejected) ... ok
test_wrong_schema_produces_no_evidence (tests_lm.test_v05_c152_persisted_bridge.V05C152PersistedBridgeTests.test_wrong_schema_produces_no_evidence) ... ok
test_zero_payload_is_real_evidence_not_a_miss (tests_lm.test_v05_c152_persisted_bridge.V05C152PersistedBridgeTests.test_zero_payload_is_real_evidence_not_a_miss) ... ok
test_actual_adapter_to_inbox_over_64_records_and_two_storage_orders (tests_lm.test_v05_c153_evidence_admission.V05C153EvidenceAdmissionTests.test_actual_adapter_to_inbox_over_64_records_and_two_storage_orders) ... ok
test_duplicate_preserves_exact_state_object (tests_lm.test_v05_c153_evidence_admission.V05C153EvidenceAdmissionTests.test_duplicate_preserves_exact_state_object) ... ok
test_entry_and_state_are_immutable (tests_lm.test_v05_c153_evidence_admission.V05C153EvidenceAdmissionTests.test_entry_and_state_are_immutable) ... ok
test_gate_requires_all_rejections_commits_and_preserved_semantic_errors (tests_lm.test_v05_c153_evidence_admission.V05C153EvidenceAdmissionTests.test_gate_requires_all_rejections_commits_and_preserved_semantic_errors) ... ok
test_header_accepts_registered_identity (tests_lm.test_v05_c153_evidence_admission.V05C153EvidenceAdmissionTests.test_header_accepts_registered_identity) ... ok
test_header_rejects_wrong_id_console_only_duplicate_or_wrong_order (tests_lm.test_v05_c153_evidence_admission.V05C153EvidenceAdmissionTests.test_header_rejects_wrong_id_console_only_duplicate_or_wrong_order) ... ok
test_invalid_payload_type_or_value_is_rejected (tests_lm.test_v05_c153_evidence_admission.V05C153EvidenceAdmissionTests.test_invalid_payload_type_or_value_is_rejected) ... ok
test_missing_delivery_is_not_a_zero_payload (tests_lm.test_v05_c153_evidence_admission.V05C153EvidenceAdmissionTests.test_missing_delivery_is_not_a_zero_payload) ... ok
test_no_semantic_truth_interface (tests_lm.test_v05_c153_evidence_admission.V05C153EvidenceAdmissionTests.test_no_semantic_truth_interface) ... ok
test_one_and_full_provenance_are_committed (tests_lm.test_v05_c153_evidence_admission.V05C153EvidenceAdmissionTests.test_one_and_full_provenance_are_committed) ... ok
test_rejection_does_not_consume_request_and_valid_retry_works (tests_lm.test_v05_c153_evidence_admission.V05C153EvidenceAdmissionTests.test_rejection_does_not_consume_request_and_valid_retry_works) ... ok
test_same_record_is_allowed_in_distinct_requests (tests_lm.test_v05_c153_evidence_admission.V05C153EvidenceAdmissionTests.test_same_record_is_allowed_in_distinct_requests) ... ok
test_scan_accounting_must_match_declared_exact_reference (tests_lm.test_v05_c153_evidence_admission.V05C153EvidenceAdmissionTests.test_scan_accounting_must_match_declared_exact_reference) ... ok
test_seven_step_protocol_preserves_initial_state (tests_lm.test_v05_c153_evidence_admission.V05C153EvidenceAdmissionTests.test_seven_step_protocol_preserves_initial_state) ... ok
test_snapshot_serializes_actual_entries_and_claims (tests_lm.test_v05_c153_evidence_admission.V05C153EvidenceAdmissionTests.test_snapshot_serializes_actual_entries_and_claims) ... ok
test_stale_epoch_or_provider_generation_does_not_write (tests_lm.test_v05_c153_evidence_admission.V05C153EvidenceAdmissionTests.test_stale_epoch_or_provider_generation_does_not_write) ... ok
test_stats_provenance_is_also_checked (tests_lm.test_v05_c153_evidence_admission.V05C153EvidenceAdmissionTests.test_stats_provenance_is_also_checked) ... ok
test_trace_requires_full_manifest_before_reaggregation (tests_lm.test_v05_c153_evidence_admission.V05C153EvidenceAdmissionTests.test_trace_requires_full_manifest_before_reaggregation) ... ok
test_unexpected_real_miss_fails_protocol_not_false_success (tests_lm.test_v05_c153_evidence_admission.V05C153EvidenceAdmissionTests.test_unexpected_real_miss_fails_protocol_not_false_success) ... ok
test_wrong_domain_schema_or_operation_is_rejected (tests_lm.test_v05_c153_evidence_admission.V05C153EvidenceAdmissionTests.test_wrong_domain_schema_or_operation_is_rejected) ... ok
test_wrong_key_with_same_bit_is_rejected (tests_lm.test_v05_c153_evidence_admission.V05C153EvidenceAdmissionTests.test_wrong_key_with_same_bit_is_rejected) ... ok
test_wrong_scope_and_request_do_not_write (tests_lm.test_v05_c153_evidence_admission.V05C153EvidenceAdmissionTests.test_wrong_scope_and_request_do_not_write) ... ok
test_wrong_source_hash_fingerprint_or_path_is_rejected (tests_lm.test_v05_c153_evidence_admission.V05C153EvidenceAdmissionTests.test_wrong_source_hash_fingerprint_or_path_is_rejected) ... ok
test_zero_is_committed_as_evidence (tests_lm.test_v05_c153_evidence_admission.V05C153EvidenceAdmissionTests.test_zero_is_committed_as_evidence) ... ok
test_budget_is_hard_and_evidence_time_must_match (tests_lm.test_v05_state.V05StateTests.test_budget_is_hard_and_evidence_time_must_match) ... ok
test_evidence_state_accepts_observation_and_rejects_hypothesis (tests_lm.test_v05_state.V05StateTests.test_evidence_state_accepts_observation_and_rejects_hypothesis) ... ok
test_evidence_state_rejects_duplicate_and_future_provenance (tests_lm.test_v05_state.V05StateTests.test_evidence_state_rejects_duplicate_and_future_provenance) ... ok
test_internal_step_preserves_evidence_time_revision_and_provenance (tests_lm.test_v05_state.V05StateTests.test_internal_step_preserves_evidence_time_revision_and_provenance) ... ok
test_working_slots_are_float64_copied_and_read_only (tests_lm.test_v05_state.V05StateTests.test_working_slots_are_float64_copied_and_read_only) ... ok
test_distinct_records_coexist (tests_lm.test_v05_c154_evidence_state_projection.V05C154EvidenceStateProjectionTests.test_distinct_records_coexist) ... ok
test_entry_uses_record_key_and_observed_provenance (tests_lm.test_v05_c154_evidence_state_projection.V05C154EvidenceStateProjectionTests.test_entry_uses_record_key_and_observed_provenance) ... ok
test_exact_duplicate_is_idempotent (tests_lm.test_v05_c154_evidence_state_projection.V05C154EvidenceStateProjectionTests.test_exact_duplicate_is_idempotent) ... ok
test_future_provenance_uses_actual_evidence_state_guard (tests_lm.test_v05_c154_evidence_state_projection.V05C154EvidenceStateProjectionTests.test_future_provenance_uses_actual_evidence_state_guard) ... ok
test_gate_requires_all_registered_totals (tests_lm.test_v05_c154_evidence_state_projection.V05C154EvidenceStateProjectionTests.test_gate_requires_all_registered_totals) ... ok
test_header_requires_full_accepted_c153 (tests_lm.test_v05_c154_evidence_state_projection.V05C154EvidenceStateProjectionTests.test_header_requires_full_accepted_c153) ... ok
test_invalid_payload_is_rejected (tests_lm.test_v05_c154_evidence_state_projection.V05C154EvidenceStateProjectionTests.test_invalid_payload_is_rejected) ... ok
test_new_observation_is_added (tests_lm.test_v05_c154_evidence_state_projection.V05C154EvidenceStateProjectionTests.test_new_observation_is_added) ... ok
test_projection_preserves_state_clock (tests_lm.test_v05_c154_evidence_state_projection.V05C154EvidenceStateProjectionTests.test_projection_preserves_state_clock) ... ok
test_same_id_conflicting_provenance_is_rejected (tests_lm.test_v05_c154_evidence_state_projection.V05C154EvidenceStateProjectionTests.test_same_id_conflicting_provenance_is_rejected) ... ok
test_source_binding_is_deterministic (tests_lm.test_v05_c154_evidence_state_projection.V05C154EvidenceStateProjectionTests.test_source_binding_is_deterministic) ... ok
test_source_id_requires_complete_binding (tests_lm.test_v05_c154_evidence_state_projection.V05C154EvidenceStateProjectionTests.test_source_id_requires_complete_binding) ... ok
test_actual_exact_search_miss_returns_none_without_fallback (tests_lm.test_v05_c155_payload_dereference.V05C155PayloadDereferenceTests.test_actual_exact_search_miss_returns_none_without_fallback) ... ok
test_bad_measured_outcome_is_false_not_invalid_exception (tests_lm.test_v05_c155_payload_dereference.V05C155PayloadDereferenceTests.test_bad_measured_outcome_is_false_not_invalid_exception) ... ok
test_bool_nan_and_out_of_range_payloads_are_not_valid_bits (tests_lm.test_v05_c155_payload_dereference.V05C155PayloadDereferenceTests.test_bool_nan_and_out_of_range_payloads_are_not_valid_bits) ... ok
test_clock_mismatch_rejects_without_retrieval (tests_lm.test_v05_c155_payload_dereference.V05C155PayloadDereferenceTests.test_clock_mismatch_rejects_without_retrieval) ... ok
test_corrupt_handle_key_does_not_retarget_reference (tests_lm.test_v05_c155_payload_dereference.V05C155PayloadDereferenceTests.test_corrupt_handle_key_does_not_retarget_reference) ... ok
test_cost_mismatch_is_explicit_not_silent_fallback (tests_lm.test_v05_c155_payload_dereference.V05C155PayloadDereferenceTests.test_cost_mismatch_is_explicit_not_silent_fallback) ... ok
test_duplicate_reads_preserve_state_clock_and_file_bytes (tests_lm.test_v05_c155_payload_dereference.V05C155PayloadDereferenceTests.test_duplicate_reads_preserve_state_clock_and_file_bytes) ... ok
test_gate_requires_counts_behavior_and_value_zero_coverage (tests_lm.test_v05_c155_payload_dereference.V05C155PayloadDereferenceTests.test_gate_requires_counts_behavior_and_value_zero_coverage) ... ok
test_missing_binding_returns_no_payload_and_no_retrieval (tests_lm.test_v05_c155_payload_dereference.V05C155PayloadDereferenceTests.test_missing_binding_returns_no_payload_and_no_retrieval) ... ok
test_missing_source_metadata_is_invalid_input (tests_lm.test_v05_c155_payload_dereference.V05C155PayloadDereferenceTests.test_missing_source_metadata_is_invalid_input) ... ok
test_non_observed_reference_is_not_resolved (tests_lm.test_v05_c155_payload_dereference.V05C155PayloadDereferenceTests.test_non_observed_reference_is_not_resolved) ... ok
test_real_adapter_resolves_all64_and_zero_is_not_missing (tests_lm.test_v05_c155_payload_dereference.V05C155PayloadDereferenceTests.test_real_adapter_resolves_all64_and_zero_is_not_missing) ... ok
test_registry_handles_are_readonly_and_have_no_expected_values (tests_lm.test_v05_c155_payload_dereference.V05C155PayloadDereferenceTests.test_registry_handles_are_readonly_and_have_no_expected_values) ... ok
test_reversed_storage_resolves_same_values_under_different_source (tests_lm.test_v05_c155_payload_dereference.V05C155PayloadDereferenceTests.test_reversed_storage_resolves_same_values_under_different_source) ... ok
test_safe_artifact_paths_reject_parent_windows_and_absolute_paths (tests_lm.test_v05_c155_payload_dereference.V05C155PayloadDereferenceTests.test_safe_artifact_paths_reject_parent_windows_and_absolute_paths) ... ok
test_source_byte_mutation_is_rejected (tests_lm.test_v05_c155_payload_dereference.V05C155PayloadDereferenceTests.test_source_byte_mutation_is_rejected) ... ok
test_source_hash_and_index_fingerprint_are_pinned (tests_lm.test_v05_c155_payload_dereference.V05C155PayloadDereferenceTests.test_source_hash_and_index_fingerprint_are_pinned) ... ok
test_source_id_matches_exact_c154_formula (tests_lm.test_v05_c155_payload_dereference.V05C155PayloadDereferenceTests.test_source_id_matches_exact_c154_formula) ... ok
test_state_json_roundtrip_uses_real_v5_contract (tests_lm.test_v05_c155_payload_dereference.V05C155PayloadDereferenceTests.test_state_json_roundtrip_uses_real_v5_contract) ... ok
test_stream_index_requires_all_unique_source_identities (tests_lm.test_v05_c155_payload_dereference.V05C155PayloadDereferenceTests.test_stream_index_requires_all_unique_source_identities) ... ok
test_unbound_record_is_not_real_world_absence_or_zero (tests_lm.test_v05_c155_payload_dereference.V05C155PayloadDereferenceTests.test_unbound_record_is_not_real_world_absence_or_zero) ... ok
test_wrong_domain_schema_operations_are_rejected (tests_lm.test_v05_c155_payload_dereference.V05C155PayloadDereferenceTests.test_wrong_domain_schema_operations_are_rejected) ... ok
test_wrong_evidence_or_stats_provenance_is_rejected (tests_lm.test_v05_c155_payload_dereference.V05C155PayloadDereferenceTests.test_wrong_evidence_or_stats_provenance_is_rejected) ... ok
test_wrong_key_with_same_zero_is_rejected (tests_lm.test_v05_c155_payload_dereference.V05C155PayloadDereferenceTests.test_wrong_key_with_same_zero_is_rejected) ... ok
test_wrong_snapshot_is_rejected_before_payload_read (tests_lm.test_v05_c155_payload_dereference.V05C155PayloadDereferenceTests.test_wrong_snapshot_is_rejected_before_payload_read) ... ok
test_behavioral_mismatch_is_false_not_invalid_exception (tests_lm.test_v05_c156_request_reobservation.V05C156RequestReobservationTests.test_behavioral_mismatch_is_false_not_invalid_exception) ... ok
test_control_inputs_preserve_data_channels_and_do_not_mutate_views (tests_lm.test_v05_c156_request_reobservation.V05C156RequestReobservationTests.test_control_inputs_preserve_data_channels_and_do_not_mutate_views) ... ok
test_exhausted_budget_rejects_before_dereference (tests_lm.test_v05_c156_request_reobservation.V05C156RequestReobservationTests.test_exhausted_budget_rejects_before_dereference) ... ok
test_gate_requires_all_cases_costs_state_and_both_bit_values (tests_lm.test_v05_c156_request_reobservation.V05C156RequestReobservationTests.test_gate_requires_all_cases_costs_state_and_both_bit_values) ... ok
test_invalid_bit_types_and_nonfinite_values_are_not_exposed (tests_lm.test_v05_c156_request_reobservation.V05C156RequestReobservationTests.test_invalid_bit_types_and_nonfinite_values_are_not_exposed) ... ok
test_invalid_shape_and_clock_reject_before_dereference (tests_lm.test_v05_c156_request_reobservation.V05C156RequestReobservationTests.test_invalid_shape_and_clock_reject_before_dereference) ... ok
test_missing_ref_does_not_read_other_available_ref (tests_lm.test_v05_c156_request_reobservation.V05C156RequestReobservationTests.test_missing_ref_does_not_read_other_available_ref) ... ok
test_no_ground_truth_parameter_in_read_or_control_interface (tests_lm.test_v05_c156_request_reobservation.V05C156RequestReobservationTests.test_no_ground_truth_parameter_in_read_or_control_interface) ... ok
test_one_internal_step_is_consumed_not_acquisition_budget (tests_lm.test_v05_c156_request_reobservation.V05C156RequestReobservationTests.test_one_internal_step_is_consumed_not_acquisition_budget) ... ok
test_other_working_channels_and_old_object_unchanged (tests_lm.test_v05_c156_request_reobservation.V05C156RequestReobservationTests.test_other_working_channels_and_old_object_unchanged) ... ok
test_prerequisite_rejects_console_extract_and_wrong_gate (tests_lm.test_v05_c156_request_reobservation.V05C156RequestReobservationTests.test_prerequisite_rejects_console_extract_and_wrong_gate) ... ok
test_request_binding_is_frozen_and_rejects_invalid_scope (tests_lm.test_v05_c156_request_reobservation.V05C156RequestReobservationTests.test_request_binding_is_frozen_and_rejects_invalid_scope) ... ok
test_request_scope_and_selected_ref_not_replaced_by_other_key (tests_lm.test_v05_c156_request_reobservation.V05C156RequestReobservationTests.test_request_scope_and_selected_ref_not_replaced_by_other_key) ... ok
test_resolution_failure_clears_old_payload_and_presence (tests_lm.test_v05_c156_request_reobservation.V05C156RequestReobservationTests.test_resolution_failure_clears_old_payload_and_presence) ... ok
test_same_key_wrong_provenance_does_not_read (tests_lm.test_v05_c156_request_reobservation.V05C156RequestReobservationTests.test_same_key_wrong_provenance_does_not_read) ... ok
test_signed_control_inputs_distinguish_zero_from_unresolved (tests_lm.test_v05_c156_request_reobservation.V05C156RequestReobservationTests.test_signed_control_inputs_distinguish_zero_from_unresolved) ... ok
test_source_digest_is_deterministic_and_requires_complete_fields (tests_lm.test_v05_c156_request_reobservation.V05C156RequestReobservationTests.test_source_digest_is_deterministic_and_requires_complete_fields) ... ok
test_state_clock_and_object_identity_preserved (tests_lm.test_v05_c156_request_reobservation.V05C156RequestReobservationTests.test_state_clock_and_object_identity_preserved) ... ok
test_success_without_evidence_or_inconsistent_payload_rejected (tests_lm.test_v05_c156_request_reobservation.V05C156RequestReobservationTests.test_success_without_evidence_or_inconsistent_payload_rejected) ... ok
test_valid_one_is_present_and_overwrites_stale_zero (tests_lm.test_v05_c156_request_reobservation.V05C156RequestReobservationTests.test_valid_one_is_present_and_overwrites_stale_zero) ... ok
test_valid_zero_is_present_and_overwrites_stale_one (tests_lm.test_v05_c156_request_reobservation.V05C156RequestReobservationTests.test_valid_zero_is_present_and_overwrites_stale_one) ... ok
test_wrong_domain_schema_or_operations_are_rejected (tests_lm.test_v05_c156_request_reobservation.V05C156RequestReobservationTests.test_wrong_domain_schema_or_operations_are_rejected) ... ok
test_wrong_resolved_key_with_same_bit_is_rejected (tests_lm.test_v05_c156_request_reobservation.V05C156RequestReobservationTests.test_wrong_resolved_key_with_same_bit_is_rejected) ... ok
test_wrong_resolved_source_is_rejected (tests_lm.test_v05_c156_request_reobservation.V05C156RequestReobservationTests.test_wrong_resolved_source_is_rejected) ... ok
test_actual_production_router_batches_match_single_forward (tests_lm.test_v05_c157_controller_bridge.V05C157ControllerBridgeTests.test_actual_production_router_batches_match_single_forward) ... ok
test_all_source_views_are_scored_not_unique_pattern_cached (tests_lm.test_v05_c157_controller_bridge.V05C157ControllerBridgeTests.test_all_source_views_are_scored_not_unique_pattern_cached) ... ok
test_assessment_labels_cannot_modify_logits (tests_lm.test_v05_c157_controller_bridge.V05C157ControllerBridgeTests.test_assessment_labels_cannot_modify_logits) ... ok
test_assessment_tie_has_nonpositive_margin_even_with_correct_argmax (tests_lm.test_v05_c157_controller_bridge.V05C157ControllerBridgeTests.test_assessment_tie_has_nonpositive_margin_even_with_correct_argmax) ... ok
test_assessment_uses_presence_not_payload_truthiness (tests_lm.test_v05_c157_controller_bridge.V05C157ControllerBridgeTests.test_assessment_uses_presence_not_payload_truthiness) ... ok
test_checkpoint_is_weights_only_reconstructible (tests_lm.test_v05_c157_controller_bridge.V05C157ControllerBridgeTests.test_checkpoint_is_weights_only_reconstructible) ... ok
test_context_is_explicit_and_independent_of_evidence_value (tests_lm.test_v05_c157_controller_bridge.V05C157ControllerBridgeTests.test_context_is_explicit_and_independent_of_evidence_value) ... ok
test_fingerprint_detects_changed_controller_weights (tests_lm.test_v05_c157_controller_bridge.V05C157ControllerBridgeTests.test_fingerprint_detects_changed_controller_weights) ... ok
test_fresh_router_seeds_are_not_source_or_previous_router_seeds (tests_lm.test_v05_c157_controller_bridge.V05C157ControllerBridgeTests.test_fresh_router_seeds_are_not_source_or_previous_router_seeds) ... ok
test_full_trace_decoding_keeps_zero_one_and_none_distinct (tests_lm.test_v05_c157_controller_bridge.V05C157ControllerBridgeTests.test_full_trace_decoding_keeps_zero_one_and_none_distinct) ... ok
test_gate_counts_and_strict_margins_are_not_relaxed (tests_lm.test_v05_c157_controller_bridge.V05C157ControllerBridgeTests.test_gate_counts_and_strict_margins_are_not_relaxed) ... ok
test_header_accepts_exact_full_source_profile (tests_lm.test_v05_c157_controller_bridge.V05C157ControllerBridgeTests.test_header_accepts_exact_full_source_profile) ... ok
test_header_rejects_console_only_wrong_commit_and_duplicate_stream (tests_lm.test_v05_c157_controller_bridge.V05C157ControllerBridgeTests.test_header_rejects_console_only_wrong_commit_and_duplicate_stream) ... ok
test_invalid_input_shape_dtype_mode_and_nan_are_rejected (tests_lm.test_v05_c157_controller_bridge.V05C157ControllerBridgeTests.test_invalid_input_shape_dtype_mode_and_nan_are_rejected) ... ok
test_reference_training_wrapper_freezes_without_validation_selection (tests_lm.test_v05_c157_controller_bridge.V05C157ControllerBridgeTests.test_reference_training_wrapper_freezes_without_validation_selection) ... ok
test_reference_wrapper_rejects_nonfinite_training (tests_lm.test_v05_c157_controller_bridge.V05C157ControllerBridgeTests.test_reference_wrapper_rejects_nonfinite_training) ... ok
test_router_inputs_preserve_source_and_no_oracle_interface (tests_lm.test_v05_c157_controller_bridge.V05C157ControllerBridgeTests.test_router_inputs_preserve_source_and_no_oracle_interface) ... ok
test_safe_file_rejects_directory_escape (tests_lm.test_v05_c157_controller_bridge.V05C157ControllerBridgeTests.test_safe_file_rejects_directory_escape) ... ok
test_scorer_does_not_override_wrong_raw_model_decisions (tests_lm.test_v05_c157_controller_bridge.V05C157ControllerBridgeTests.test_scorer_does_not_override_wrong_raw_model_decisions) ... ok
test_scorer_rejects_nonfinite_or_wrong_shaped_output (tests_lm.test_v05_c157_controller_bridge.V05C157ControllerBridgeTests.test_scorer_rejects_nonfinite_or_wrong_shaped_output) ... ok
test_trace_decoding_does_not_mutate_records (tests_lm.test_v05_c157_controller_bridge.V05C157ControllerBridgeTests.test_trace_decoding_does_not_mutate_records) ... ok
test_trace_loader_requires_exact_hash_and_size (tests_lm.test_v05_c157_controller_bridge.V05C157ControllerBridgeTests.test_trace_loader_requires_exact_hash_and_size) ... ok
test_trace_rejects_bool_as_resolved_payload (tests_lm.test_v05_c157_controller_bridge.V05C157ControllerBridgeTests.test_trace_rejects_bool_as_resolved_payload) ... ok
test_trace_rejects_changed_raw_signed_budget_and_cost (tests_lm.test_v05_c157_controller_bridge.V05C157ControllerBridgeTests.test_trace_rejects_changed_raw_signed_budget_and_cost) ... ok
test_trace_rejects_missing_or_reordered_scenarios (tests_lm.test_v05_c157_controller_bridge.V05C157ControllerBridgeTests.test_trace_rejects_missing_or_reordered_scenarios) ... ok
test_trace_rejects_nonobserved_or_future_reference (tests_lm.test_v05_c157_controller_bridge.V05C157ControllerBridgeTests.test_trace_rejects_nonobserved_or_future_reference) ... ok
test_trace_rejects_stale_payload_in_unresolved_view (tests_lm.test_v05_c157_controller_bridge.V05C157ControllerBridgeTests.test_trace_rejects_stale_payload_in_unresolved_view) ... ok
test_trace_rejects_wrong_scope_and_duplicate_request (tests_lm.test_v05_c157_controller_bridge.V05C157ControllerBridgeTests.test_trace_rejects_wrong_scope_and_duplicate_request) ... ok
test_actual_production_controller_forward_matches_decision (tests_lm.test_v05_c158_live_recovery.V05C158LiveRecoveryTests.test_actual_production_controller_forward_matches_decision) ... ok
test_bad_meter_scan_field_is_rejected (tests_lm.test_v05_c158_live_recovery.V05C158LiveRecoveryTests.test_bad_meter_scan_field_is_rejected) ... ok
test_bound_request_mismatch_is_invalid_before_callbacks (tests_lm.test_v05_c158_live_recovery.V05C158LiveRecoveryTests.test_bound_request_mismatch_is_invalid_before_callbacks) ... ok
test_checkpoint_tamper_and_unsafe_names_rejected (tests_lm.test_v05_c158_live_recovery.V05C158LiveRecoveryTests.test_checkpoint_tamper_and_unsafe_names_rejected) ... ok
test_checkpoint_wrong_config_is_rejected_after_rehash (tests_lm.test_v05_c158_live_recovery.V05C158LiveRecoveryTests.test_checkpoint_wrong_config_is_rejected_after_rehash) ... ok
test_cold_one_acquires_publishes_rereads_then_answers (tests_lm.test_v05_c158_live_recovery.V05C158LiveRecoveryTests.test_cold_one_acquires_publishes_rereads_then_answers) ... ok
test_cold_zero_acquires_publishes_rereads_then_answers (tests_lm.test_v05_c158_live_recovery.V05C158LiveRecoveryTests.test_cold_zero_acquires_publishes_rereads_then_answers) ... ok
test_corrupt_live_read_is_valid_failed_measurement (tests_lm.test_v05_c158_live_recovery.V05C158LiveRecoveryTests.test_corrupt_live_read_is_valid_failed_measurement) ... ok
test_cycle_has_no_expected_value_or_scenario_interface (tests_lm.test_v05_c158_live_recovery.V05C158LiveRecoveryTests.test_cycle_has_no_expected_value_or_scenario_interface) ... ok
test_exhausted_budget_makes_no_fetch (tests_lm.test_v05_c158_live_recovery.V05C158LiveRecoveryTests.test_exhausted_budget_makes_no_fetch) ... ok
test_gate_requires_every_registered_count_and_both_values (tests_lm.test_v05_c158_live_recovery.V05C158LiveRecoveryTests.test_gate_requires_every_registered_count_and_both_values) ... ok
test_header_rejects_counts_seeds_and_margins (tests_lm.test_v05_c158_live_recovery.V05C158LiveRecoveryTests.test_header_rejects_counts_seeds_and_margins) ... ok
test_header_validates_exact_c157_profile (tests_lm.test_v05_c158_live_recovery.V05C158LiveRecoveryTests.test_header_validates_exact_c157_profile) ... ok
test_measured_cost_mismatch_does_not_become_invalid (tests_lm.test_v05_c158_live_recovery.V05C158LiveRecoveryTests.test_measured_cost_mismatch_does_not_become_invalid) ... ok
test_meter_counts_underlying_calls_and_delegates_identity (tests_lm.test_v05_c158_live_recovery.V05C158LiveRecoveryTests.test_meter_counts_underlying_calls_and_delegates_identity) ... ok
test_minimum_internal_budget_checked_before_read (tests_lm.test_v05_c158_live_recovery.V05C158LiveRecoveryTests.test_minimum_internal_budget_checked_before_read) ... ok
test_missing_delivery_discards_real_response_without_false_payload (tests_lm.test_v05_c158_live_recovery.V05C158LiveRecoveryTests.test_missing_delivery_discards_real_response_without_false_payload) ... ok
test_no_formal_seeds_are_trained_by_this_experiment (tests_lm.test_v05_c158_live_recovery.V05C158LiveRecoveryTests.test_no_formal_seeds_are_trained_by_this_experiment) ... ok
test_nonfinite_controller_output_is_execution_error (tests_lm.test_v05_c158_live_recovery.V05C158LiveRecoveryTests.test_nonfinite_controller_output_is_execution_error) ... ok
test_other_action_does_not_trigger_retrieval (tests_lm.test_v05_c158_live_recovery.V05C158LiveRecoveryTests.test_other_action_does_not_trigger_retrieval) ... ok
test_permission_denial_keeps_budget_and_makes_no_fetch (tests_lm.test_v05_c158_live_recovery.V05C158LiveRecoveryTests.test_permission_denial_keeps_budget_and_makes_no_fetch) ... ok
test_permission_does_not_accept_integer_as_boolean (tests_lm.test_v05_c158_live_recovery.V05C158LiveRecoveryTests.test_permission_does_not_accept_integer_as_boolean) ... ok
test_plan_conflicting_record_value_is_invalid (tests_lm.test_v05_c158_live_recovery.V05C158LiveRecoveryTests.test_plan_conflicting_record_value_is_invalid) ... ok
test_plan_is_identity_only_deterministic_and_covers_both_snapshots (tests_lm.test_v05_c158_live_recovery.V05C158LiveRecoveryTests.test_plan_is_identity_only_deterministic_and_covers_both_snapshots) ... ok
test_projection_failure_does_not_partially_publish_inbox (tests_lm.test_v05_c158_live_recovery.V05C158LiveRecoveryTests.test_projection_failure_does_not_partially_publish_inbox) ... ok
test_repeated_retrieve_is_bounded_and_never_reexecutes (tests_lm.test_v05_c158_live_recovery.V05C158LiveRecoveryTests.test_repeated_retrieve_is_bounded_and_never_reexecutes) ... ok
test_safe_file_blocks_windows_and_posix_escape (tests_lm.test_v05_c158_live_recovery.V05C158LiveRecoveryTests.test_safe_file_blocks_windows_and_posix_escape) ... ok
test_saved_router_is_frozen_and_weights_identical (tests_lm.test_v05_c158_live_recovery.V05C158LiveRecoveryTests.test_saved_router_is_frozen_and_weights_identical) ... ok
test_state_and_working_inputs_stay_immutable (tests_lm.test_v05_c158_live_recovery.V05C158LiveRecoveryTests.test_state_and_working_inputs_stay_immutable) ... ok
test_tied_logits_fail_strict_margin (tests_lm.test_v05_c158_live_recovery.V05C158LiveRecoveryTests.test_tied_logits_fail_strict_margin) ... ok
test_warm_one_answers_without_acquisition (tests_lm.test_v05_c158_live_recovery.V05C158LiveRecoveryTests.test_warm_one_answers_without_acquisition) ... ok
test_warm_zero_answers_without_acquisition (tests_lm.test_v05_c158_live_recovery.V05C158LiveRecoveryTests.test_warm_zero_answers_without_acquisition) ... ok
test_wrong_answer_is_retained_as_valid_behavioral_failure (tests_lm.test_v05_c158_live_recovery.V05C158LiveRecoveryTests.test_wrong_answer_is_retained_as_valid_behavioral_failure) ... ok
test_wrong_projected_identity_is_not_adopted (tests_lm.test_v05_c158_live_recovery.V05C158LiveRecoveryTests.test_wrong_projected_identity_is_not_adopted) ... ok
test_wrong_stop_is_not_overridden (tests_lm.test_v05_c158_live_recovery.V05C158LiveRecoveryTests.test_wrong_stop_is_not_overridden) ... ok
test_all_registered_fault_variants_are_rejected (tests_lm.test_v05_c159_terminal_result.V05C159TerminalResultTests.test_all_registered_fault_variants_are_rejected) ... ok
test_bool_and_non_bit_values_rejected (tests_lm.test_v05_c159_terminal_result.V05C159TerminalResultTests.test_bool_and_non_bit_values_rejected) ... ok
test_bound_request_and_source_digest_validation (tests_lm.test_v05_c159_terminal_result.V05C159TerminalResultTests.test_bound_request_and_source_digest_validation) ... ok
test_budget_exhaustion_has_no_answer (tests_lm.test_v05_c159_terminal_result.V05C159TerminalResultTests.test_budget_exhaustion_has_no_answer) ... ok
test_changed_final_working_rejected (tests_lm.test_v05_c159_terminal_result.V05C159TerminalResultTests.test_changed_final_working_rejected) ... ok
test_clock_mismatch_rejected (tests_lm.test_v05_c159_terminal_result.V05C159TerminalResultTests.test_clock_mismatch_rejected) ... ok
test_cold_recovered_value_emits_answer (tests_lm.test_v05_c159_terminal_result.V05C159TerminalResultTests.test_cold_recovered_value_emits_answer) ... ok
test_duplicate_record_ids_rejected (tests_lm.test_v05_c159_terminal_result.V05C159TerminalResultTests.test_duplicate_record_ids_rejected) ... ok
test_emitter_does_not_mutate_or_consume_source (tests_lm.test_v05_c159_terminal_result.V05C159TerminalResultTests.test_emitter_does_not_mutate_or_consume_source) ... ok
test_emitter_interface_has_no_scenario_or_expected_value (tests_lm.test_v05_c159_terminal_result.V05C159TerminalResultTests.test_emitter_interface_has_no_scenario_or_expected_value) ... ok
test_final_value_disagreement_rejected (tests_lm.test_v05_c159_terminal_result.V05C159TerminalResultTests.test_final_value_disagreement_rejected) ... ok
test_forced_answer_without_presence_rejected (tests_lm.test_v05_c159_terminal_result.V05C159TerminalResultTests.test_forced_answer_without_presence_rejected) ... ok
test_gate_keeps_exact_counts_and_zero_failures (tests_lm.test_v05_c159_terminal_result.V05C159TerminalResultTests.test_gate_keeps_exact_counts_and_zero_failures) ... ok
test_hypothesis_cannot_be_output_as_observation (tests_lm.test_v05_c159_terminal_result.V05C159TerminalResultTests.test_hypothesis_cannot_be_output_as_observation) ... ok
test_json_roundtrip_preserves_zero_and_none (tests_lm.test_v05_c159_terminal_result.V05C159TerminalResultTests.test_json_roundtrip_preserves_zero_and_none) ... ok
test_last_step_value_disagreement_rejected (tests_lm.test_v05_c159_terminal_result.V05C159TerminalResultTests.test_last_step_value_disagreement_rejected) ... ok
test_malformed_terminal_returns_rejected_not_payload (tests_lm.test_v05_c159_terminal_result.V05C159TerminalResultTests.test_malformed_terminal_returns_rejected_not_payload) ... ok
test_missing_delivery_returns_none_without_fetched_payload (tests_lm.test_v05_c159_terminal_result.V05C159TerminalResultTests.test_missing_delivery_returns_none_without_fetched_payload) ... ok
test_missing_final_state_reference_rejected (tests_lm.test_v05_c159_terminal_result.V05C159TerminalResultTests.test_missing_final_state_reference_rejected) ... ok
test_nonfinite_or_wrong_width_working_rejected (tests_lm.test_v05_c159_terminal_result.V05C159TerminalResultTests.test_nonfinite_or_wrong_width_working_rejected) ... ok
test_one_is_copied_from_final_working (tests_lm.test_v05_c159_terminal_result.V05C159TerminalResultTests.test_one_is_copied_from_final_working) ... ok
test_other_present_record_cannot_replace_selected_reference (tests_lm.test_v05_c159_terminal_result.V05C159TerminalResultTests.test_other_present_record_cannot_replace_selected_reference) ... ok
test_output_and_binding_are_immutable (tests_lm.test_v05_c159_terminal_result.V05C159TerminalResultTests.test_output_and_binding_are_immutable) ... ok
test_permission_denied_reason_comes_from_runtime (tests_lm.test_v05_c159_terminal_result.V05C159TerminalResultTests.test_permission_denied_reason_comes_from_runtime) ... ok
test_safe_paths_reject_windows_and_posix_escapes (tests_lm.test_v05_c159_terminal_result.V05C159TerminalResultTests.test_safe_paths_reject_windows_and_posix_escapes) ... ok
test_source_header_rejects_wrong_identity (tests_lm.test_v05_c159_terminal_result.V05C159TerminalResultTests.test_source_header_rejects_wrong_identity) ... ok
test_source_row_rejects_changed_id_action_value_margin_or_cost (tests_lm.test_v05_c159_terminal_result.V05C159TerminalResultTests.test_source_row_rejects_changed_id_action_value_margin_or_cost) ... ok
test_terminal_action_mismatch_and_other_actions_rejected (tests_lm.test_v05_c159_terminal_result.V05C159TerminalResultTests.test_terminal_action_mismatch_and_other_actions_rejected) ... ok
test_unresolved_stale_value_is_not_zero_answer (tests_lm.test_v05_c159_terminal_result.V05C159TerminalResultTests.test_unresolved_stale_value_is_not_zero_answer) ... ok
test_valid_source_rows_reaggregate_all_scenarios (tests_lm.test_v05_c159_terminal_result.V05C159TerminalResultTests.test_valid_source_rows_reaggregate_all_scenarios) ... ok
test_wrong_provenance_with_same_payload_rejected (tests_lm.test_v05_c159_terminal_result.V05C159TerminalResultTests.test_wrong_provenance_with_same_payload_rejected) ... ok
test_wrong_request_rejected_for_both_terminal_types (tests_lm.test_v05_c159_terminal_result.V05C159TerminalResultTests.test_wrong_request_rejected_for_both_terminal_types) ... ok
test_zero_is_answered_not_unresolved (tests_lm.test_v05_c159_terminal_result.V05C159TerminalResultTests.test_zero_is_answered_not_unresolved) ... ok
test_absent_selected_reference_is_invalid_fixture (tests_lm.test_v05_c160_live_query_result.V05C160LiveQueryResultTests.test_absent_selected_reference_is_invalid_fixture) ... ok
test_all6528_source_emissions_are_validated (tests_lm.test_v05_c160_live_query_result.V05C160LiveQueryResultTests.test_all6528_source_emissions_are_validated) ... ok
test_ancestor_missing_and_ambiguous_are_invalid (tests_lm.test_v05_c160_live_query_result.V05C160LiveQueryResultTests.test_ancestor_missing_and_ambiguous_are_invalid) ... ok
test_ancestor_selects_summary_by_hash_not_iteration_order (tests_lm.test_v05_c160_live_query_result.V05C160LiveQueryResultTests.test_ancestor_selects_summary_by_hash_not_iteration_order) ... ok
test_boolean_or_none_is_not_a_valid_answered_integer (tests_lm.test_v05_c160_live_query_result.V05C160LiveQueryResultTests.test_boolean_or_none_is_not_a_valid_answered_integer) ... ok
test_compact_trace_keeps_all_actions_but_not_repeated_full_state (tests_lm.test_v05_c160_live_query_result.V05C160LiveQueryResultTests.test_compact_trace_keeps_all_actions_but_not_repeated_full_state) ... ok
test_cycle_receives_request_binding_and_actual_callback_objects (tests_lm.test_v05_c160_live_query_result.V05C160LiveQueryResultTests.test_cycle_receives_request_binding_and_actual_callback_objects) ... ok
test_emitter_mutation_is_measured_not_hidden (tests_lm.test_v05_c160_live_query_result.V05C160LiveQueryResultTests.test_emitter_mutation_is_measured_not_hidden) ... ok
test_evaluator_cannot_change_output (tests_lm.test_v05_c160_live_query_result.V05C160LiveQueryResultTests.test_evaluator_cannot_change_output) ... ok
test_file_hash_changes_with_bytes (tests_lm.test_v05_c160_live_query_result.V05C160LiveQueryResultTests.test_file_hash_changes_with_bytes) ... ok
test_gate_accepts_known_control_errors_without_repair (tests_lm.test_v05_c160_live_query_result.V05C160LiveQueryResultTests.test_gate_accepts_known_control_errors_without_repair) ... ok
test_gate_rejects_oracle_repair_of_control_errors (tests_lm.test_v05_c160_live_query_result.V05C160LiveQueryResultTests.test_gate_rejects_oracle_repair_of_control_errors) ... ok
test_gate_rejects_semantic_errors_in_global_arm (tests_lm.test_v05_c160_live_query_result.V05C160LiveQueryResultTests.test_gate_rejects_semantic_errors_in_global_arm) ... ok
test_gate_rejects_tie_or_nonfinite_controller_margin (tests_lm.test_v05_c160_live_query_result.V05C160LiveQueryResultTests.test_gate_rejects_tie_or_nonfinite_controller_margin) ... ok
test_gate_rejects_wrong_cost_mutation_and_missing_replay (tests_lm.test_v05_c160_live_query_result.V05C160LiveQueryResultTests.test_gate_rejects_wrong_cost_mutation_and_missing_replay) ... ok
test_gate_requires_all_router_coverage (tests_lm.test_v05_c160_live_query_result.V05C160LiveQueryResultTests.test_gate_requires_all_router_coverage) ... ok
test_header_accepts_registered_profile (tests_lm.test_v05_c160_live_query_result.V05C160LiveQueryResultTests.test_header_accepts_registered_profile) ... ok
test_header_rejects_changed_execution_scope_or_reasons (tests_lm.test_v05_c160_live_query_result.V05C160LiveQueryResultTests.test_header_rejects_changed_execution_scope_or_reasons) ... ok
test_header_rejects_missing_or_reordered_routers (tests_lm.test_v05_c160_live_query_result.V05C160LiveQueryResultTests.test_header_rejects_missing_or_reordered_routers) ... ok
test_header_rejects_wrong_identity_or_claim (tests_lm.test_v05_c160_live_query_result.V05C160LiveQueryResultTests.test_header_rejects_wrong_identity_or_claim) ... ok
test_inconsistent_output_with_matching_hash_is_still_invalid (tests_lm.test_v05_c160_live_query_result.V05C160LiveQueryResultTests.test_inconsistent_output_with_matching_hash_is_still_invalid) ... ok
test_json_is_deterministic_and_nan_is_rejected (tests_lm.test_v05_c160_live_query_result.V05C160LiveQueryResultTests.test_json_is_deterministic_and_nan_is_rejected) ... ok
test_live_selector_runs_all_queries_against_64_candidates (tests_lm.test_v05_c160_live_query_result.V05C160LiveQueryResultTests.test_live_selector_runs_all_queries_against_64_candidates) ... ok
test_metered_cost_is_independent_of_output_status (tests_lm.test_v05_c160_live_query_result.V05C160LiveQueryResultTests.test_metered_cost_is_independent_of_output_status) ... ok
test_nonfinite_live_scores_are_invalid (tests_lm.test_v05_c160_live_query_result.V05C160LiveQueryResultTests.test_nonfinite_live_scores_are_invalid) ... ok
test_rejected_output_is_not_replaced_by_answer (tests_lm.test_v05_c160_live_query_result.V05C160LiveQueryResultTests.test_rejected_output_is_not_replaced_by_answer) ... ok
test_reordered_catalog_changes_position_not_identity (tests_lm.test_v05_c160_live_query_result.V05C160LiveQueryResultTests.test_reordered_catalog_changes_position_not_identity) ... ok
test_router_schedule_is_balanced_and_identity_only (tests_lm.test_v05_c160_live_query_result.V05C160LiveQueryResultTests.test_router_schedule_is_balanced_and_identity_only) ... ok
test_router_schedule_rejects_bool_and_out_of_range (tests_lm.test_v05_c160_live_query_result.V05C160LiveQueryResultTests.test_router_schedule_rejects_bool_and_out_of_range) ... ok
test_same_bit_wrong_record_is_semantically_wrong_but_binding_valid (tests_lm.test_v05_c160_live_query_result.V05C160LiveQueryResultTests.test_same_bit_wrong_record_is_semantically_wrong_but_binding_valid) ... ok
test_selected_reference_only_removed_from_cold_state (tests_lm.test_v05_c160_live_query_result.V05C160LiveQueryResultTests.test_selected_reference_only_removed_from_cold_state) ... ok
test_selector_has_no_expected_label_or_value_parameter (tests_lm.test_v05_c160_live_query_result.V05C160LiveQueryResultTests.test_selector_has_no_expected_label_or_value_parameter) ... ok
test_source_output_tamper_is_invalid (tests_lm.test_v05_c160_live_query_result.V05C160LiveQueryResultTests.test_source_output_tamper_is_invalid) ... ok
test_stale_bit_rejects_boolean_and_nonbit (tests_lm.test_v05_c160_live_query_result.V05C160LiveQueryResultTests.test_stale_bit_rejects_boolean_and_nonbit) ... ok
test_stale_state_and_fixed_budgets_do_not_use_expected_payload (tests_lm.test_v05_c160_live_query_result.V05C160LiveQueryResultTests.test_stale_state_and_fixed_budgets_do_not_use_expected_payload) ... ok
test_wrong_query_count_is_invalid_before_encoding (tests_lm.test_v05_c160_live_query_result.V05C160LiveQueryResultTests.test_wrong_query_count_is_invalid_before_encoding) ... ok
test_wrong_scope_source_clock_or_key_is_not_bound (tests_lm.test_v05_c160_live_query_result.V05C160LiveQueryResultTests.test_wrong_scope_source_clock_or_key_is_not_bound) ... ok
test_zero_and_one_are_observed_answers (tests_lm.test_v05_c160_live_query_result.V05C160LiveQueryResultTests.test_zero_and_one_are_observed_answers) ... ok
test_analyze_rows_accepts_single_post_cycle_rejection (tests_lm.test_v05_c161_failure_localization.V05C161FailureLocalizationTests.test_analyze_rows_accepts_single_post_cycle_rejection) ... ok
test_analyze_rows_marks_cycle_failure_as_valid_negative_pattern (tests_lm.test_v05_c161_failure_localization.V05C161FailureLocalizationTests.test_analyze_rows_marks_cycle_failure_as_valid_negative_pattern) ... ok
test_analyze_rows_marks_multiple_terminal_reasons_as_negative (tests_lm.test_v05_c161_failure_localization.V05C161FailureLocalizationTests.test_analyze_rows_marks_multiple_terminal_reasons_as_negative) ... ok
test_analyze_rows_rejects_router_schedule_drift (tests_lm.test_v05_c161_failure_localization.V05C161FailureLocalizationTests.test_analyze_rows_rejects_router_schedule_drift) ... ok
test_analyze_rows_rejects_trace_hash_tamper (tests_lm.test_v05_c161_failure_localization.V05C161FailureLocalizationTests.test_analyze_rows_rejects_trace_hash_tamper) ... ok
test_blob_is_deterministic_and_rejects_nan (tests_lm.test_v05_c161_failure_localization.V05C161FailureLocalizationTests.test_blob_is_deterministic_and_rejects_nan) ... ok
test_run_rejects_wrong_c160_summary_hash_before_analysis (tests_lm.test_v05_c161_failure_localization.V05C161FailureLocalizationTests.test_run_rejects_wrong_c160_summary_hash_before_analysis) ... ok
test_safe_child_rejects_escape_and_windows_path (tests_lm.test_v05_c161_failure_localization.V05C161FailureLocalizationTests.test_safe_child_rejects_escape_and_windows_path) ... ok
test_validate_c160_report_accepts_registered_profile (tests_lm.test_v05_c161_failure_localization.V05C161FailureLocalizationTests.test_validate_c160_report_accepts_registered_profile) ... ok
test_validate_c160_report_rejects_aggregate_drift (tests_lm.test_v05_c161_failure_localization.V05C161FailureLocalizationTests.test_validate_c160_report_rejects_aggregate_drift) ... ok
test_validate_c160_report_rejects_stream_identity_drift (tests_lm.test_v05_c161_failure_localization.V05C161FailureLocalizationTests.test_validate_c160_report_rejects_stream_identity_drift) ... ok
test_validate_c160_report_rejects_wrong_identity_or_status (tests_lm.test_v05_c161_failure_localization.V05C161FailureLocalizationTests.test_validate_c160_report_rejects_wrong_identity_or_status) ... ok
test_all_six_guards_remain_effective_for_both_bits (tests_lm.test_v05_c162_evidence_container.V05C162EvidenceContainerTests.test_all_six_guards_remain_effective_for_both_bits) ... ok
test_blob_rejects_nonfinite (tests_lm.test_v05_c162_evidence_container.V05C162EvidenceContainerTests.test_blob_rejects_nonfinite) ... ok
test_bound_output_rejects_bool_wrong_key_and_value (tests_lm.test_v05_c162_evidence_container.V05C162EvidenceContainerTests.test_bound_output_rejects_bool_wrong_key_and_value) ... ok
test_cold_restore_preserves_source_but_appends_selected (tests_lm.test_v05_c162_evidence_container.V05C162EvidenceContainerTests.test_cold_restore_preserves_source_but_appends_selected) ... ok
test_decode_rejects_extra_fields_and_wrong_container (tests_lm.test_v05_c162_evidence_container.V05C162EvidenceContainerTests.test_decode_rejects_extra_fields_and_wrong_container) ... ok
test_decode_rejects_hypothesis_and_duplicate (tests_lm.test_v05_c162_evidence_container.V05C162EvidenceContainerTests.test_decode_rejects_hypothesis_and_duplicate) ... ok
test_decode_roundtrip_uses_actual_core_state (tests_lm.test_v05_c162_evidence_container.V05C162EvidenceContainerTests.test_decode_roundtrip_uses_actual_core_state) ... ok
test_fault_probes_do_not_mutate_source (tests_lm.test_v05_c162_evidence_container.V05C162EvidenceContainerTests.test_fault_probes_do_not_mutate_source) ... ok
test_gate_accepts_only_full_registered_profile (tests_lm.test_v05_c162_evidence_container.V05C162EvidenceContainerTests.test_gate_accepts_only_full_registered_profile) ... ok
test_gate_preserves_known_control_errors (tests_lm.test_v05_c162_evidence_container.V05C162EvidenceContainerTests.test_gate_preserves_known_control_errors) ... ok
test_gate_rejects_guard_and_mutation_failure (tests_lm.test_v05_c162_evidence_container.V05C162EvidenceContainerTests.test_gate_rejects_guard_and_mutation_failure) ... ok
test_json_roundtrip_erases_tuple_difference (tests_lm.test_v05_c162_evidence_container.V05C162EvidenceContainerTests.test_json_roundtrip_erases_tuple_difference) ... ok
test_list_only_changes_one_container (tests_lm.test_v05_c162_evidence_container.V05C162EvidenceContainerTests.test_list_only_changes_one_container) ... ok
test_list_only_does_not_silently_accept_arbitrary_containers (tests_lm.test_v05_c162_evidence_container.V05C162EvidenceContainerTests.test_list_only_does_not_silently_accept_arbitrary_containers) ... ok
test_locate_requires_unique_hash_bound_source (tests_lm.test_v05_c162_evidence_container.V05C162EvidenceContainerTests.test_locate_requires_unique_hash_bound_source) ... ok
test_measured_rejection_is_retained_as_negative (tests_lm.test_v05_c162_evidence_container.V05C162EvidenceContainerTests.test_measured_rejection_is_retained_as_negative) ... ok
test_missing_selected_reference_is_invalid (tests_lm.test_v05_c162_evidence_container.V05C162EvidenceContainerTests.test_missing_selected_reference_is_invalid) ... ok
test_mutation_is_measured_not_hidden (tests_lm.test_v05_c162_evidence_container.V05C162EvidenceContainerTests.test_mutation_is_measured_not_hidden) ... ok
test_pair_has_no_semantic_target_interface (tests_lm.test_v05_c162_evidence_container.V05C162EvidenceContainerTests.test_pair_has_no_semantic_target_interface) ... ok
test_pair_preserves_inputs (tests_lm.test_v05_c162_evidence_container.V05C162EvidenceContainerTests.test_pair_preserves_inputs) ... ok
test_protected_bytes_are_rechecked_at_end (tests_lm.test_v05_c162_evidence_container.V05C162EvidenceContainerTests.test_protected_bytes_are_rechecked_at_end) ... ok
test_real_state_asdict_retains_tuple (tests_lm.test_v05_c162_evidence_container.V05C162EvidenceContainerTests.test_real_state_asdict_retains_tuple) ... ok
test_reconstruct_rejects_wrong_reference_count (tests_lm.test_v05_c162_evidence_container.V05C162EvidenceContainerTests.test_reconstruct_rejects_wrong_reference_count) ... ok
test_reconstruct_requires_exact_digest_and_reference_order (tests_lm.test_v05_c162_evidence_container.V05C162EvidenceContainerTests.test_reconstruct_requires_exact_digest_and_reference_order) ... ok
test_safe_child_rejects_escape (tests_lm.test_v05_c162_evidence_container.V05C162EvidenceContainerTests.test_safe_child_rejects_escape) ... ok
test_stream_identity_rejects_duplicate_or_missing (tests_lm.test_v05_c162_evidence_container.V05C162EvidenceContainerTests.test_stream_identity_rejects_duplicate_or_missing) ... ok
test_unchanged_emitter_rejects_native_but_accepts_list_one (tests_lm.test_v05_c162_evidence_container.V05C162EvidenceContainerTests.test_unchanged_emitter_rejects_native_but_accepts_list_one) ... ok
test_unchanged_emitter_rejects_native_but_accepts_list_zero (tests_lm.test_v05_c162_evidence_container.V05C162EvidenceContainerTests.test_unchanged_emitter_rejects_native_but_accepts_list_zero) ... ok
test_wrong_saved_native_output_is_not_accepted (tests_lm.test_v05_c162_evidence_container.V05C162EvidenceContainerTests.test_wrong_saved_native_output_is_not_accepted) ... ok
test_small_synthetic_full_loader_run_saves_valid_negative_and_preserves_inputs (tests_lm.test_v05_c162_evidence_container.V05C162OfflineRunTests.test_small_synthetic_full_loader_run_saves_valid_negative_and_preserves_inputs)
48 streams x 3 rows: loader/writer test, not the 82,944-row formal run. ... ok
test_adapted_guard_rejection_is_not_replaced_by_native (tests_lm.test_v05_c163_live_container_bridge.V05C163LiveContainerBridgeTests.test_adapted_guard_rejection_is_not_replaced_by_native) ... ok
test_all_six_guards_through_native_adapter (tests_lm.test_v05_c163_live_container_bridge.V05C163LiveContainerBridgeTests.test_all_six_guards_through_native_adapter) ... ok
test_audit_records_native_and_adapted_calls_separately (tests_lm.test_v05_c163_live_container_bridge.V05C163LiveContainerBridgeTests.test_audit_records_native_and_adapted_calls_separately) ... ok
test_bad_terminal_is_delegated_to_old_emitter (tests_lm.test_v05_c163_live_container_bridge.V05C163LiveContainerBridgeTests.test_bad_terminal_is_delegated_to_old_emitter) ... ok
test_boolean_value_is_not_coerced_into_bit (tests_lm.test_v05_c163_live_container_bridge.V05C163LiveContainerBridgeTests.test_boolean_value_is_not_coerced_into_bit) ... ok
test_finite_ungrounded_result_remains_rejected (tests_lm.test_v05_c163_live_container_bridge.V05C163LiveContainerBridgeTests.test_finite_ungrounded_result_remains_rejected) ... ok
test_gate_accepts_full_registered_profile (tests_lm.test_v05_c163_live_container_bridge.V05C163LiveContainerBridgeTests.test_gate_accepts_full_registered_profile) ... ok
test_gate_does_not_repair_known_semantic_errors (tests_lm.test_v05_c163_live_container_bridge.V05C163LiveContainerBridgeTests.test_gate_does_not_repair_known_semantic_errors) ... ok
test_gate_rejects_dropped_episode (tests_lm.test_v05_c163_live_container_bridge.V05C163LiveContainerBridgeTests.test_gate_rejects_dropped_episode) ... ok
test_gate_rejects_guard_mutation_or_missing_native_control (tests_lm.test_v05_c163_live_container_bridge.V05C163LiveContainerBridgeTests.test_gate_rejects_guard_mutation_or_missing_native_control) ... ok
test_gate_rejects_tie_nonfinite_or_wrong_values (tests_lm.test_v05_c163_live_container_bridge.V05C163LiveContainerBridgeTests.test_gate_rejects_tie_nonfinite_or_wrong_values) ... ok
test_gate_rejects_wrong_cost_or_router_coverage (tests_lm.test_v05_c163_live_container_bridge.V05C163LiveContainerBridgeTests.test_gate_rejects_wrong_cost_or_router_coverage) ... ok
test_gate_requires_historical_source_preservation (tests_lm.test_v05_c163_live_container_bridge.V05C163LiveContainerBridgeTests.test_gate_requires_historical_source_preservation) ... ok
test_guard_controls_preserve_native_source (tests_lm.test_v05_c163_live_container_bridge.V05C163LiveContainerBridgeTests.test_guard_controls_preserve_native_source) ... ok
test_guard_selection_is_once_per_source_key_not_per_bit (tests_lm.test_v05_c163_live_container_bridge.V05C163LiveContainerBridgeTests.test_guard_selection_is_once_per_source_key_not_per_bit) ... ok
test_list_input_is_not_rewritten (tests_lm.test_v05_c163_live_container_bridge.V05C163LiveContainerBridgeTests.test_list_input_is_not_rewritten) ... ok
test_measured_input_mutation_is_not_hidden (tests_lm.test_v05_c163_live_container_bridge.V05C163LiveContainerBridgeTests.test_measured_input_mutation_is_not_hidden) ... ok
test_missing_or_bad_container_is_not_repaired (tests_lm.test_v05_c163_live_container_bridge.V05C163LiveContainerBridgeTests.test_missing_or_bad_container_is_not_repaired) ... ok
test_missing_payload_probe_is_saved_not_invalid (tests_lm.test_v05_c163_live_container_bridge.V05C163LiveContainerBridgeTests.test_missing_payload_probe_is_saved_not_invalid) ... ok
test_native_control_rejects_but_live_one_is_answered (tests_lm.test_v05_c163_live_container_bridge.V05C163LiveContainerBridgeTests.test_native_control_rejects_but_live_one_is_answered) ... ok
test_native_control_rejects_but_live_zero_is_answered (tests_lm.test_v05_c163_live_container_bridge.V05C163LiveContainerBridgeTests.test_native_control_rejects_but_live_zero_is_answered) ... ok
test_native_execute_selected_wires_actual_state_to_new_adapter (tests_lm.test_v05_c163_live_container_bridge.V05C163LiveContainerBridgeTests.test_native_execute_selected_wires_actual_state_to_new_adapter) ... ok
test_normalizer_has_no_label_value_or_scope_interface (tests_lm.test_v05_c163_live_container_bridge.V05C163LiveContainerBridgeTests.test_normalizer_has_no_label_value_or_scope_interface) ... ok
test_only_native_observations_container_changes (tests_lm.test_v05_c163_live_container_bridge.V05C163LiveContainerBridgeTests.test_only_native_observations_container_changes) ... ok
test_reference_provenance_is_not_corrected (tests_lm.test_v05_c163_live_container_bridge.V05C163LiveContainerBridgeTests.test_reference_provenance_is_not_corrected) ... ok
test_wrong_request_still_rejected (tests_lm.test_v05_c163_live_container_bridge.V05C163LiveContainerBridgeTests.test_wrong_request_still_rejected) ... ok
test_delivery_wrapper_forwards_every_nontransport_argument (tests_lm.test_v05_c164_live_missing_delivery.V05C164LiveMissingDeliveryTests.test_delivery_wrapper_forwards_every_nontransport_argument) ... ok
test_gate_accepts_only_complete_profile (tests_lm.test_v05_c164_live_missing_delivery.V05C164LiveMissingDeliveryTests.test_gate_accepts_only_complete_profile) ... ok
test_gate_does_not_count_unresolved_as_semantic_accuracy (tests_lm.test_v05_c164_live_missing_delivery.V05C164LiveMissingDeliveryTests.test_gate_does_not_count_unresolved_as_semantic_accuracy) ... ok
test_gate_preserves_known_semantic_errors (tests_lm.test_v05_c164_live_missing_delivery.V05C164LiveMissingDeliveryTests.test_gate_preserves_known_semantic_errors) ... ok
test_gate_rejects_guard_failure_and_source_mutation (tests_lm.test_v05_c164_live_missing_delivery.V05C164LiveMissingDeliveryTests.test_gate_rejects_guard_failure_and_source_mutation) ... ok
test_gate_rejects_missing_branch_publication (tests_lm.test_v05_c164_live_missing_delivery.V05C164LiveMissingDeliveryTests.test_gate_rejects_missing_branch_publication) ... ok
test_gate_rejects_nonpositive_or_nonfinite_margin (tests_lm.test_v05_c164_live_missing_delivery.V05C164LiveMissingDeliveryTests.test_gate_rejects_nonpositive_or_nonfinite_margin) ... ok
test_gate_rejects_router_or_raw_action_imbalance (tests_lm.test_v05_c164_live_missing_delivery.V05C164LiveMissingDeliveryTests.test_gate_rejects_router_or_raw_action_imbalance) ... ok
test_gate_rejects_unresolved_payload_contract_failure (tests_lm.test_v05_c164_live_missing_delivery.V05C164LiveMissingDeliveryTests.test_gate_rejects_unresolved_payload_contract_failure) ... ok
test_gate_rejects_wrong_calls_and_meter_disagreement (tests_lm.test_v05_c164_live_missing_delivery.V05C164LiveMissingDeliveryTests.test_gate_rejects_wrong_calls_and_meter_disagreement) ... ok
test_missing_branch_fetches_once_but_never_publishes_or_rereads (tests_lm.test_v05_c164_live_missing_delivery.V05C164LiveMissingDeliveryTests.test_missing_branch_fetches_once_but_never_publishes_or_rereads) ... ok
test_missing_branch_native_control_still_rejects (tests_lm.test_v05_c164_live_missing_delivery.V05C164LiveMissingDeliveryTests.test_missing_branch_native_control_still_rejects) ... ok
test_missing_delivery_keeps_envelope_and_drops_only_evidence (tests_lm.test_v05_c164_live_missing_delivery.V05C164LiveMissingDeliveryTests.test_missing_delivery_keeps_envelope_and_drops_only_evidence) ... ok
test_missing_delivery_zero_and_one_stop_without_payload (tests_lm.test_v05_c164_live_missing_delivery.V05C164LiveMissingDeliveryTests.test_missing_delivery_zero_and_one_stop_without_payload) ... ok
test_parent_rejects_wrong_identity_before_source_use (tests_lm.test_v05_c164_live_missing_delivery.V05C164LiveMissingDeliveryTests.test_parent_rejects_wrong_identity_before_source_use) ... ok
test_present_delivery_returns_exact_object (tests_lm.test_v05_c164_live_missing_delivery.V05C164LiveMissingDeliveryTests.test_present_delivery_returns_exact_object) ... ok
test_recovered_zero_and_one_use_actual_cycle_and_adapter (tests_lm.test_v05_c164_live_missing_delivery.V05C164LiveMissingDeliveryTests.test_recovered_zero_and_one_use_actual_cycle_and_adapter) ... ok
test_semantic_same_bit_wrong_record_is_not_repaired (tests_lm.test_v05_c164_live_missing_delivery.V05C164LiveMissingDeliveryTests.test_semantic_same_bit_wrong_record_is_not_repaired) ... ok
test_transport_interface_has_no_expected_value_or_condition (tests_lm.test_v05_c164_live_missing_delivery.V05C164LiveMissingDeliveryTests.test_transport_interface_has_no_expected_value_or_condition) ... ok
test_unknown_evaluator_condition_rejected (tests_lm.test_v05_c164_live_missing_delivery.V05C164LiveMissingDeliveryTests.test_unknown_evaluator_condition_rejected) ... ok
test_unresolved_contract_accepts_none_not_zero_or_false (tests_lm.test_v05_c164_live_missing_delivery.V05C164LiveMissingDeliveryTests.test_unresolved_contract_accepts_none_not_zero_or_false) ... ok
test_unresolved_wrong_identity_reason_or_metadata_is_rejected (tests_lm.test_v05_c164_live_missing_delivery.V05C164LiveMissingDeliveryTests.test_unresolved_wrong_identity_reason_or_metadata_is_rejected) ... ok
test_wrapper_rejects_noncallable_transport (tests_lm.test_v05_c164_live_missing_delivery.V05C164LiveMissingDeliveryTests.test_wrapper_rejects_noncallable_transport) ... ok
test_wrong_controller_answer_is_not_overridden (tests_lm.test_v05_c164_live_missing_delivery.V05C164LiveMissingDeliveryTests.test_wrong_controller_answer_is_not_overridden) ... ok
test_allowed_wrapper_forwards_every_nonpermission_argument (tests_lm.test_v05_c165_live_permission_denied.V05C165LivePermissionDeniedTests.test_allowed_wrapper_forwards_every_nonpermission_argument) ... ok
test_denied_wrapper_substitutes_false_permission_only (tests_lm.test_v05_c165_live_permission_denied.V05C165LivePermissionDeniedTests.test_denied_wrapper_substitutes_false_permission_only) ... ok
test_gate_accepts_complete_profile (tests_lm.test_v05_c165_live_permission_denied.V05C165LivePermissionDeniedTests.test_gate_accepts_complete_profile) ... ok
test_gate_does_not_count_unresolved_as_semantic_accuracy (tests_lm.test_v05_c165_live_permission_denied.V05C165LivePermissionDeniedTests.test_gate_does_not_count_unresolved_as_semantic_accuracy) ... ok
test_gate_preserves_known_semantic_errors (tests_lm.test_v05_c165_live_permission_denied.V05C165LivePermissionDeniedTests.test_gate_preserves_known_semantic_errors) ... ok
test_gate_rejects_denied_acquisition (tests_lm.test_v05_c165_live_permission_denied.V05C165LivePermissionDeniedTests.test_gate_rejects_denied_acquisition) ... ok
test_gate_rejects_denied_publication (tests_lm.test_v05_c165_live_permission_denied.V05C165LivePermissionDeniedTests.test_gate_rejects_denied_publication) ... ok
test_gate_rejects_denied_retrieval (tests_lm.test_v05_c165_live_permission_denied.V05C165LivePermissionDeniedTests.test_gate_rejects_denied_retrieval) ... ok
test_gate_rejects_dropped_episode (tests_lm.test_v05_c165_live_permission_denied.V05C165LivePermissionDeniedTests.test_gate_rejects_dropped_episode) ... ok
test_gate_rejects_guard_failure_and_source_mutation (tests_lm.test_v05_c165_live_permission_denied.V05C165LivePermissionDeniedTests.test_gate_rejects_guard_failure_and_source_mutation) ... ok
test_gate_rejects_nonpositive_or_nonfinite_margin (tests_lm.test_v05_c165_live_permission_denied.V05C165LivePermissionDeniedTests.test_gate_rejects_nonpositive_or_nonfinite_margin) ... ok
test_gate_rejects_permission_or_budget_preservation_failure (tests_lm.test_v05_c165_live_permission_denied.V05C165LivePermissionDeniedTests.test_gate_rejects_permission_or_budget_preservation_failure) ... ok
test_gate_rejects_router_or_raw_action_imbalance (tests_lm.test_v05_c165_live_permission_denied.V05C165LivePermissionDeniedTests.test_gate_rejects_router_or_raw_action_imbalance) ... ok
test_gate_rejects_wrong_calls_and_meter_disagreement (tests_lm.test_v05_c165_live_permission_denied.V05C165LivePermissionDeniedTests.test_gate_rejects_wrong_calls_and_meter_disagreement) ... ok
test_parent_rejects_wrong_identity_before_source_use (tests_lm.test_v05_c165_live_permission_denied.V05C165LivePermissionDeniedTests.test_parent_rejects_wrong_identity_before_source_use) ... ok
test_permission_denied_native_control_still_rejects (tests_lm.test_v05_c165_live_permission_denied.V05C165LivePermissionDeniedTests.test_permission_denied_native_control_still_rejects) ... ok
test_permission_denied_never_fetches_publishes_or_rereads (tests_lm.test_v05_c165_live_permission_denied.V05C165LivePermissionDeniedTests.test_permission_denied_never_fetches_publishes_or_rereads) ... ok
test_permission_denied_zero_and_one_stop_without_payload (tests_lm.test_v05_c165_live_permission_denied.V05C165LivePermissionDeniedTests.test_permission_denied_zero_and_one_stop_without_payload) ... ok
test_permission_interface_has_no_expected_value_or_semantic_target (tests_lm.test_v05_c165_live_permission_denied.V05C165LivePermissionDeniedTests.test_permission_interface_has_no_expected_value_or_semantic_target) ... ok
test_permission_wrapper_rejects_nonboolean_condition (tests_lm.test_v05_c165_live_permission_denied.V05C165LivePermissionDeniedTests.test_permission_wrapper_rejects_nonboolean_condition) ... ok
test_permission_wrapper_requires_unchanged_base_permission (tests_lm.test_v05_c165_live_permission_denied.V05C165LivePermissionDeniedTests.test_permission_wrapper_requires_unchanged_base_permission) ... ok
test_recovered_zero_and_one_use_actual_cycle_and_adapter (tests_lm.test_v05_c165_live_permission_denied.V05C165LivePermissionDeniedTests.test_recovered_zero_and_one_use_actual_cycle_and_adapter) ... ok
test_semantic_same_bit_wrong_record_is_not_repaired (tests_lm.test_v05_c165_live_permission_denied.V05C165LivePermissionDeniedTests.test_semantic_same_bit_wrong_record_is_not_repaired) ... ok
test_unknown_evaluator_condition_rejected (tests_lm.test_v05_c165_live_permission_denied.V05C165LivePermissionDeniedTests.test_unknown_evaluator_condition_rejected) ... ok
test_unresolved_contract_accepts_none_not_zero_or_false (tests_lm.test_v05_c165_live_permission_denied.V05C165LivePermissionDeniedTests.test_unresolved_contract_accepts_none_not_zero_or_false) ... ok
test_unresolved_wrong_identity_reason_or_metadata_is_rejected (tests_lm.test_v05_c165_live_permission_denied.V05C165LivePermissionDeniedTests.test_unresolved_wrong_identity_reason_or_metadata_is_rejected) ... ok
test_wrong_controller_answer_is_not_overridden (tests_lm.test_v05_c165_live_permission_denied.V05C165LivePermissionDeniedTests.test_wrong_controller_answer_is_not_overridden) ... ok
test_actual_initial_budget_is_returned_and_internal_steps_are_paid (tests_lm.test_v05_c166_live_budget_exhausted.V05C166LiveBudgetExhaustedTests.test_actual_initial_budget_is_returned_and_internal_steps_are_paid) ... ok
test_budget_audit_detects_initial_budget_and_later_fetch (tests_lm.test_v05_c166_live_budget_exhausted.V05C166LiveBudgetExhaustedTests.test_budget_audit_detects_initial_budget_and_later_fetch) ... ok
test_exhausted_cycle_never_fetches_admits_publishes_or_rereads (tests_lm.test_v05_c166_live_budget_exhausted.V05C166LiveBudgetExhaustedTests.test_exhausted_cycle_never_fetches_admits_publishes_or_rereads) ... ok
test_exhausted_zero_and_one_stop_without_payload (tests_lm.test_v05_c166_live_budget_exhausted.V05C166LiveBudgetExhaustedTests.test_exhausted_zero_and_one_stop_without_payload) ... ok
test_exhaustion_is_not_permission_denial (tests_lm.test_v05_c166_live_budget_exhausted.V05C166LiveBudgetExhaustedTests.test_exhaustion_is_not_permission_denial) ... ok
test_factory_constructs_actual_budget_with_one_or_zero (tests_lm.test_v05_c166_live_budget_exhausted.V05C166LiveBudgetExhaustedTests.test_factory_constructs_actual_budget_with_one_or_zero) ... ok
test_factory_has_no_target_or_permission_input (tests_lm.test_v05_c166_live_budget_exhausted.V05C166LiveBudgetExhaustedTests.test_factory_has_no_target_or_permission_input) ... ok
test_factory_preserves_every_other_api_object (tests_lm.test_v05_c166_live_budget_exhausted.V05C166LiveBudgetExhaustedTests.test_factory_preserves_every_other_api_object) ... ok
test_factory_rejects_base_budget_drift (tests_lm.test_v05_c166_live_budget_exhausted.V05C166LiveBudgetExhaustedTests.test_factory_rejects_base_budget_drift) ... ok
test_factory_rejects_unregistered_and_boolean_allowances (tests_lm.test_v05_c166_live_budget_exhausted.V05C166LiveBudgetExhaustedTests.test_factory_rejects_unregistered_and_boolean_allowances) ... ok
test_gate_accepts_complete_profile (tests_lm.test_v05_c166_live_budget_exhausted.V05C166LiveBudgetExhaustedTests.test_gate_accepts_complete_profile) ... ok
test_gate_does_not_score_unresolved_as_semantic_accuracy (tests_lm.test_v05_c166_live_budget_exhausted.V05C166LiveBudgetExhaustedTests.test_gate_does_not_score_unresolved_as_semantic_accuracy) ... ok
test_gate_preserves_known_semantic_errors (tests_lm.test_v05_c166_live_budget_exhausted.V05C166LiveBudgetExhaustedTests.test_gate_preserves_known_semantic_errors) ... ok
test_gate_rejects_budget_and_authority_audit_failures (tests_lm.test_v05_c166_live_budget_exhausted.V05C166LiveBudgetExhaustedTests.test_gate_rejects_budget_and_authority_audit_failures) ... ok
test_gate_rejects_coverage_and_extra_condition (tests_lm.test_v05_c166_live_budget_exhausted.V05C166LiveBudgetExhaustedTests.test_gate_rejects_coverage_and_extra_condition) ... ok
test_gate_rejects_exhausted_acquisition_publication_or_read (tests_lm.test_v05_c166_live_budget_exhausted.V05C166LiveBudgetExhaustedTests.test_gate_rejects_exhausted_acquisition_publication_or_read) ... ok
test_gate_rejects_guard_source_mutation_and_wrong_reason (tests_lm.test_v05_c166_live_budget_exhausted.V05C166LiveBudgetExhaustedTests.test_gate_rejects_guard_source_mutation_and_wrong_reason) ... ok
test_gate_rejects_meter_disagreement (tests_lm.test_v05_c166_live_budget_exhausted.V05C166LiveBudgetExhaustedTests.test_gate_rejects_meter_disagreement) ... ok
test_gate_rejects_nonpositive_and_nonfinite_margins (tests_lm.test_v05_c166_live_budget_exhausted.V05C166LiveBudgetExhaustedTests.test_gate_rejects_nonpositive_and_nonfinite_margins) ... ok
test_gate_rejects_router_and_action_imbalance (tests_lm.test_v05_c166_live_budget_exhausted.V05C166LiveBudgetExhaustedTests.test_gate_rejects_router_and_action_imbalance) ... ok
test_gate_rejects_unresolved_payload_contract_failure (tests_lm.test_v05_c166_live_budget_exhausted.V05C166LiveBudgetExhaustedTests.test_gate_rejects_unresolved_payload_contract_failure) ... ok
test_internal_debit_preserves_zero_acquisition_allowance (tests_lm.test_v05_c166_live_budget_exhausted.V05C166LiveBudgetExhaustedTests.test_internal_debit_preserves_zero_acquisition_allowance) ... ok
test_native_control_keeps_original_container_rejection (tests_lm.test_v05_c166_live_budget_exhausted.V05C166LiveBudgetExhaustedTests.test_native_control_keeps_original_container_rejection) ... ok
test_parent_rejects_wrong_identity_before_source_use (tests_lm.test_v05_c166_live_budget_exhausted.V05C166LiveBudgetExhaustedTests.test_parent_rejects_wrong_identity_before_source_use) ... ok
test_recovered_zero_and_one_use_actual_cycle (tests_lm.test_v05_c166_live_budget_exhausted.V05C166LiveBudgetExhaustedTests.test_recovered_zero_and_one_use_actual_cycle) ... ok
test_same_bit_wrong_record_is_not_semantically_correct (tests_lm.test_v05_c166_live_budget_exhausted.V05C166LiveBudgetExhaustedTests.test_same_bit_wrong_record_is_not_semantically_correct) ... ok
test_unknown_evaluator_condition_is_rejected (tests_lm.test_v05_c166_live_budget_exhausted.V05C166LiveBudgetExhaustedTests.test_unknown_evaluator_condition_is_rejected) ... ok
test_unresolved_identity_reason_and_metadata_are_checked (tests_lm.test_v05_c166_live_budget_exhausted.V05C166LiveBudgetExhaustedTests.test_unresolved_identity_reason_and_metadata_are_checked) ... ok
test_unresolved_requires_none_not_zero_or_false (tests_lm.test_v05_c166_live_budget_exhausted.V05C166LiveBudgetExhaustedTests.test_unresolved_requires_none_not_zero_or_false) ... ok
test_wrong_controller_answer_is_not_overridden (tests_lm.test_v05_c166_live_budget_exhausted.V05C166LiveBudgetExhaustedTests.test_wrong_controller_answer_is_not_overridden) ... ok
test_cold_wrapper_forwards_original_state_and_other_arguments (tests_lm.test_v05_c167_live_warm_reference.V05C167LiveWarmReferenceTests.test_cold_wrapper_forwards_original_state_and_other_arguments) ... ok
test_cold_zero_and_one_keep_original_recovery_contract (tests_lm.test_v05_c167_live_warm_reference.V05C167LiveWarmReferenceTests.test_cold_zero_and_one_keep_original_recovery_contract) ... ok
test_gate_accepts_only_complete_profile (tests_lm.test_v05_c167_live_warm_reference.V05C167LiveWarmReferenceTests.test_gate_accepts_only_complete_profile) ... ok
test_gate_checks_actual_initial_state_and_unchanged_warm_state (tests_lm.test_v05_c167_live_warm_reference.V05C167LiveWarmReferenceTests.test_gate_checks_actual_initial_state_and_unchanged_warm_state) ... ok
test_gate_preserves_known_semantic_errors_in_both_conditions (tests_lm.test_v05_c167_live_warm_reference.V05C167LiveWarmReferenceTests.test_gate_preserves_known_semantic_errors_in_both_conditions) ... ok
test_gate_rejects_extra_or_missing_condition (tests_lm.test_v05_c167_live_warm_reference.V05C167LiveWarmReferenceTests.test_gate_rejects_extra_or_missing_condition) ... ok
test_gate_rejects_guard_mutation_and_source_failure (tests_lm.test_v05_c167_live_warm_reference.V05C167LiveWarmReferenceTests.test_gate_rejects_guard_mutation_and_source_failure) ... ok
test_gate_rejects_nonpositive_nonfinite_and_boolean_margin (tests_lm.test_v05_c167_live_warm_reference.V05C167LiveWarmReferenceTests.test_gate_rejects_nonpositive_nonfinite_and_boolean_margin) ... ok
test_gate_rejects_raw_action_and_router_imbalance (tests_lm.test_v05_c167_live_warm_reference.V05C167LiveWarmReferenceTests.test_gate_rejects_raw_action_and_router_imbalance) ... ok
test_gate_rejects_warm_acquisition_and_publication (tests_lm.test_v05_c167_live_warm_reference.V05C167LiveWarmReferenceTests.test_gate_rejects_warm_acquisition_and_publication) ... ok
test_gate_rejects_warm_extra_decision_or_budget_audit_failure (tests_lm.test_v05_c167_live_warm_reference.V05C167LiveWarmReferenceTests.test_gate_rejects_warm_extra_decision_or_budget_audit_failure) ... ok
test_gate_rejects_zero_one_distribution_and_pair_mismatch (tests_lm.test_v05_c167_live_warm_reference.V05C167LiveWarmReferenceTests.test_gate_rejects_zero_one_distribution_and_pair_mismatch) ... ok
test_gate_requires_paid_warm_read_and_independent_meter (tests_lm.test_v05_c167_live_warm_reference.V05C167LiveWarmReferenceTests.test_gate_requires_paid_warm_read_and_independent_meter) ... ok
test_native_control_still_rejects_on_warm_result (tests_lm.test_v05_c167_live_warm_reference.V05C167LiveWarmReferenceTests.test_native_control_still_rejects_on_warm_result) ... ok
test_pair_check_requires_distinct_requests_and_matching_identity (tests_lm.test_v05_c167_live_warm_reference.V05C167LiveWarmReferenceTests.test_pair_check_requires_distinct_requests_and_matching_identity) ... ok
test_parent_rejects_wrong_identity_before_use (tests_lm.test_v05_c167_live_warm_reference.V05C167LiveWarmReferenceTests.test_parent_rejects_wrong_identity_before_use) ... ok
test_same_bit_wrong_record_is_still_semantically_wrong (tests_lm.test_v05_c167_live_warm_reference.V05C167LiveWarmReferenceTests.test_same_bit_wrong_record_is_still_semantically_wrong) ... ok
test_state_digest_is_deterministic_and_membership_sensitive (tests_lm.test_v05_c167_live_warm_reference.V05C167LiveWarmReferenceTests.test_state_digest_is_deterministic_and_membership_sensitive) ... ok
test_warm_audit_detects_reacquisition_or_state_change (tests_lm.test_v05_c167_live_warm_reference.V05C167LiveWarmReferenceTests.test_warm_audit_detects_reacquisition_or_state_change) ... ok
test_warm_keeps_acquisition_budget_and_pays_internal_step (tests_lm.test_v05_c167_live_warm_reference.V05C167LiveWarmReferenceTests.test_warm_keeps_acquisition_budget_and_pays_internal_step) ... ok
test_warm_reads_once_without_fetch_admission_or_publication (tests_lm.test_v05_c167_live_warm_reference.V05C167LiveWarmReferenceTests.test_warm_reads_once_without_fetch_admission_or_publication) ... ok
test_warm_state_not_built_from_cold_final_state (tests_lm.test_v05_c167_live_warm_reference.V05C167LiveWarmReferenceTests.test_warm_state_not_built_from_cold_final_state) ... ok
test_warm_wrapper_changes_only_state_and_preserves_order (tests_lm.test_v05_c167_live_warm_reference.V05C167LiveWarmReferenceTests.test_warm_wrapper_changes_only_state_and_preserves_order) ... ok
test_warm_zero_and_one_answer_after_one_real_cycle_decision (tests_lm.test_v05_c167_live_warm_reference.V05C167LiveWarmReferenceTests.test_warm_zero_and_one_answer_after_one_real_cycle_decision) ... ok
test_wrapper_interface_has_no_payload_target_or_action (tests_lm.test_v05_c167_live_warm_reference.V05C167LiveWarmReferenceTests.test_wrapper_interface_has_no_payload_target_or_action) ... ok
test_wrapper_records_actual_initial_digest_and_count (tests_lm.test_v05_c167_live_warm_reference.V05C167LiveWarmReferenceTests.test_wrapper_records_actual_initial_digest_and_count) ... ok
test_wrapper_rejects_base_state_or_clock_drift (tests_lm.test_v05_c167_live_warm_reference.V05C167LiveWarmReferenceTests.test_wrapper_rejects_base_state_or_clock_drift) ... ok
test_wrapper_rejects_missing_source_reference (tests_lm.test_v05_c167_live_warm_reference.V05C167LiveWarmReferenceTests.test_wrapper_rejects_missing_source_reference) ... ok
test_wrapper_rejects_nonboolean_presence (tests_lm.test_v05_c167_live_warm_reference.V05C167LiveWarmReferenceTests.test_wrapper_rejects_nonboolean_presence) ... ok
test_wrong_controller_stop_is_not_overridden (tests_lm.test_v05_c167_live_warm_reference.V05C167LiveWarmReferenceTests.test_wrong_controller_stop_is_not_overridden) ... ok
test_actual_availability_context_is_distinct (tests_lm.test_v05_c168_necessity_observability.C168SourceIntegrationTests.test_actual_availability_context_is_distinct) ... ok
test_actual_capture_clears_stale_zero_and_one (tests_lm.test_v05_c168_necessity_observability.C168SourceIntegrationTests.test_actual_capture_clears_stale_zero_and_one) ... ok
test_actual_capture_preserves_external_clock_and_pays_one_internal_step (tests_lm.test_v05_c168_necessity_observability.C168SourceIntegrationTests.test_actual_capture_preserves_external_clock_and_pays_one_internal_step) ... ok
test_actual_capture_stops_before_forward_and_retrieval (tests_lm.test_v05_c168_necessity_observability.C168SourceIntegrationTests.test_actual_capture_stops_before_forward_and_retrieval) ... ok
test_bit_rejects_bool_none_and_float (tests_lm.test_v05_c168_necessity_observability.C168UnitTests.test_bit_rejects_bool_none_and_float) ... ok
test_capture_interface_excludes_task_and_evaluator (tests_lm.test_v05_c168_necessity_observability.C168UnitTests.test_capture_interface_excludes_task_and_evaluator) ... ok
test_changed_parent_hash_is_rejected_before_read (tests_lm.test_v05_c168_necessity_observability.C168UnitTests.test_changed_parent_hash_is_rejected_before_read) ... ok
test_class_lower_bound_uses_minority_not_pair_count (tests_lm.test_v05_c168_necessity_observability.C168UnitTests.test_class_lower_bound_uses_minority_not_pair_count) ... ok
test_collision_is_retained_as_finite_result (tests_lm.test_v05_c168_necessity_observability.C168UnitTests.test_collision_is_retained_as_finite_result) ... ok
test_fixed_output_is_not_an_observed_b (tests_lm.test_v05_c168_necessity_observability.C168UnitTests.test_fixed_output_is_not_an_observed_b) ... ok
test_labels_and_ids_do_not_enter_input_equivalence (tests_lm.test_v05_c168_necessity_observability.C168UnitTests.test_labels_and_ids_do_not_enter_input_equivalence) ... ok
test_malformed_labels_and_duplicate_ids_are_rejected (tests_lm.test_v05_c168_necessity_observability.C168UnitTests.test_malformed_labels_and_duplicate_ids_are_rejected) ... ok
test_manifest_does_not_contain_hidden_values_or_labels (tests_lm.test_v05_c168_necessity_observability.C168UnitTests.test_manifest_does_not_contain_hidden_values_or_labels) ... ok
test_manifest_has_eight_challenges_four_controls (tests_lm.test_v05_c168_necessity_observability.C168UnitTests.test_manifest_has_eight_challenges_four_controls) ... ok
test_manifest_is_deterministic_and_independent (tests_lm.test_v05_c168_necessity_observability.C168UnitTests.test_manifest_is_deterministic_and_independent) ... ok
test_nan_is_not_silently_serialized (tests_lm.test_v05_c168_necessity_observability.C168UnitTests.test_nan_is_not_silently_serialized) ... ok
test_necessity_changes_with_operator (tests_lm.test_v05_c168_necessity_observability.C168UnitTests.test_necessity_changes_with_operator) ... ok
test_reordering_rows_does_not_change_analysis (tests_lm.test_v05_c168_necessity_observability.C168UnitTests.test_reordering_rows_does_not_change_analysis) ... ok
test_runtime_availability_is_part_of_equivalence (tests_lm.test_v05_c168_necessity_observability.C168UnitTests.test_runtime_availability_is_part_of_equivalence) ... ok
test_separable_inputs_have_zero_lower_bound (tests_lm.test_v05_c168_necessity_observability.C168UnitTests.test_separable_inputs_have_zero_lower_bound) ... ok
test_stale_bit_is_fully_crossed_not_a_proxy_for_known_a (tests_lm.test_v05_c168_necessity_observability.C168UnitTests.test_stale_bit_is_fully_crossed_not_a_proxy_for_known_a) ... ok
test_truth_table_and (tests_lm.test_v05_c168_necessity_observability.C168UnitTests.test_truth_table_and) ... ok
test_truth_table_or (tests_lm.test_v05_c168_necessity_observability.C168UnitTests.test_truth_table_or) ... ok
test_unregistered_operator_is_rejected (tests_lm.test_v05_c168_necessity_observability.C168UnitTests.test_unregistered_operator_is_rejected) ... ok
test_actual_context_and_runtime_authority_are_separate (tests_lm.test_v05_c169_interface_batch.C169IntegrationTests.test_actual_context_and_runtime_authority_are_separate) ... ok
test_actual_cycle_all_six_scripted_action_dispatches (tests_lm.test_v05_c169_interface_batch.C169IntegrationTests.test_actual_cycle_all_six_scripted_action_dispatches) ... ok
test_actual_emitter_observed_bit_and_mismatch_controls (tests_lm.test_v05_c169_interface_batch.C169IntegrationTests.test_actual_emitter_observed_bit_and_mismatch_controls) ... ok
test_actual_feature_prefix_ignores_tail (tests_lm.test_v05_c169_interface_batch.C169IntegrationTests.test_actual_feature_prefix_ignores_tail) ... ok
test_actual_feature_prefix_mean_loses_slot_order (tests_lm.test_v05_c169_interface_batch.C169IntegrationTests.test_actual_feature_prefix_mean_loses_slot_order) ... ok
test_actual_feature_prefix_reads_control_channels (tests_lm.test_v05_c169_interface_batch.C169IntegrationTests.test_actual_feature_prefix_reads_control_channels) ... ok
test_actual_reobservation_preserves_dependency_and_clears_stale (tests_lm.test_v05_c169_interface_batch.C169IntegrationTests.test_actual_reobservation_preserves_dependency_and_clears_stale) ... ok
test_actual_reobservation_probes_keep_reasons_but_collapse_missing_features (tests_lm.test_v05_c169_interface_batch.C169IntegrationTests.test_actual_reobservation_probes_keep_reasons_but_collapse_missing_features) ... ok
test_aggregation_preserves_section_data (tests_lm.test_v05_c169_interface_batch.C169UnitTests.test_aggregation_preserves_section_data) ... ok
test_all_boundary_sections_are_ready_only_without_gaps (tests_lm.test_v05_c169_interface_batch.C169UnitTests.test_all_boundary_sections_are_ready_only_without_gaps) ... ok
test_finite_violation_is_distinct_from_gap (tests_lm.test_v05_c169_interface_batch.C169UnitTests.test_finite_violation_is_distinct_from_gap) ... ok
test_incomplete_reordered_or_duplicate_sections_are_invalid (tests_lm.test_v05_c169_interface_batch.C169UnitTests.test_incomplete_reordered_or_duplicate_sections_are_invalid) ... ok
test_manifest_fixes_zero_learned_work (tests_lm.test_v05_c169_interface_batch.C169UnitTests.test_manifest_fixes_zero_learned_work) ... ok
test_manifest_has_exact_six_sections (tests_lm.test_v05_c169_interface_batch.C169UnitTests.test_manifest_has_exact_six_sections) ... ok
test_manifest_is_canonical_and_contains_no_hidden_answers (tests_lm.test_v05_c169_interface_batch.C169UnitTests.test_manifest_is_canonical_and_contains_no_hidden_answers) ... ok
test_manifest_returns_independent_objects (tests_lm.test_v05_c169_interface_batch.C169UnitTests.test_manifest_returns_independent_objects) ... ok
test_nonfinite_data_is_not_serialized (tests_lm.test_v05_c169_interface_batch.C169UnitTests.test_nonfinite_data_is_not_serialized) ... ok
test_parent_accepts_registered_negative_metadata (tests_lm.test_v05_c169_interface_batch.C169UnitTests.test_parent_accepts_registered_negative_metadata) ... ok
test_parent_hash_checked_before_json (tests_lm.test_v05_c169_interface_batch.C169UnitTests.test_parent_hash_checked_before_json) ... ok
test_parent_rejects_pass_wrong_scope_and_console_extract (tests_lm.test_v05_c169_interface_batch.C169UnitTests.test_parent_rejects_pass_wrong_scope_and_console_extract) ... ok
test_registered_counts_do_not_call_scripted_policy_learned (tests_lm.test_v05_c169_interface_batch.C169UnitTests.test_registered_counts_do_not_call_scripted_policy_learned) ... ok
test_regression_appends_only_current_module (tests_lm.test_v05_c169_interface_batch.C169UnitTests.test_regression_appends_only_current_module) ... ok
test_section_reports_finite_failure_before_boundary_label (tests_lm.test_v05_c169_interface_batch.C169UnitTests.test_section_reports_finite_failure_before_boundary_label) ... ok
test_single_gap_is_not_averaged_away (tests_lm.test_v05_c169_interface_batch.C169UnitTests.test_single_gap_is_not_averaged_away) ... ok
test_01_roundtrip (tests_lm.test_v05_c170_structured_task_input.StructuredInputTests.test_01_roundtrip) ... ok
test_02_zero_not_unknown (tests_lm.test_v05_c170_structured_task_input.StructuredInputTests.test_02_zero_not_unknown) ... ok
test_03_tree_roles_are_not_pooled (tests_lm.test_v05_c170_structured_task_input.StructuredInputTests.test_03_tree_roles_are_not_pooled) ... ok
test_04_leaf_negation_survives (tests_lm.test_v05_c170_structured_task_input.StructuredInputTests.test_04_leaf_negation_survives) ... ok
test_05_repeated_fact_occurrences_preserved (tests_lm.test_v05_c170_structured_task_input.StructuredInputTests.test_05_repeated_fact_occurrences_preserved) ... ok
test_06_disconnected_nodes_rejected (tests_lm.test_v05_c170_structured_task_input.StructuredInputTests.test_06_disconnected_nodes_rejected) ... ok
test_07_unknown_fact_and_forward_children_rejected (tests_lm.test_v05_c170_structured_task_input.StructuredInputTests.test_07_unknown_fact_and_forward_children_rejected) ... ok
test_08_observed_bit_is_not_boolean_or_float (tests_lm.test_v05_c170_structured_task_input.StructuredInputTests.test_08_observed_bit_is_not_boolean_or_float) ... ok
test_09_unusable_payloads_rejected (tests_lm.test_v05_c170_structured_task_input.StructuredInputTests.test_09_unusable_payloads_rejected) ... ok
test_10_unobserved_support_rejected (tests_lm.test_v05_c170_structured_task_input.StructuredInputTests.test_10_unobserved_support_rejected) ... ok
test_11_conflict_retains_two_distinct_identities (tests_lm.test_v05_c170_structured_task_input.StructuredInputTests.test_11_conflict_retains_two_distinct_identities) ... ok
test_12_duplicate_fact_ids_rejected (tests_lm.test_v05_c170_structured_task_input.StructuredInputTests.test_12_duplicate_fact_ids_rejected) ... ok
test_13_mutable_containers_rejected (tests_lm.test_v05_c170_structured_task_input.StructuredInputTests.test_13_mutable_containers_rejected) ... ok
test_14_bounds_fail_closed (tests_lm.test_v05_c170_structured_task_input.StructuredInputTests.test_14_bounds_fail_closed) ... ok
test_15_resource_flags_are_explicit_booleans (tests_lm.test_v05_c170_structured_task_input.StructuredInputTests.test_15_resource_flags_are_explicit_booleans) ... ok
test_16_no_oracle_arguments (tests_lm.test_v05_c170_structured_task_input.StructuredInputTests.test_16_no_oracle_arguments) ... ok
test_17_unknown_payload_placeholder_rejected (tests_lm.test_v05_c170_structured_task_input.StructuredInputTests.test_17_unknown_payload_placeholder_rejected) ... ok
test_18_nonzero_padding_rejected (tests_lm.test_v05_c170_structured_task_input.StructuredInputTests.test_18_nonzero_padding_rejected) ... ok
test_19_boolean_feature_rejected (tests_lm.test_v05_c170_structured_task_input.StructuredInputTests.test_19_boolean_feature_rejected) ... ok
test_20_status_codes_checked (tests_lm.test_v05_c170_structured_task_input.StructuredInputTests.test_20_status_codes_checked) ... ok
test_21_schema_mismatch_rejected (tests_lm.test_v05_c170_structured_task_input.StructuredInputTests.test_21_schema_mismatch_rejected) ... ok
test_22_binding_count_checked (tests_lm.test_v05_c170_structured_task_input.StructuredInputTests.test_22_binding_count_checked) ... ok
test_23_integer_range_exact_for_float32 (tests_lm.test_v05_c170_structured_task_input.StructuredInputTests.test_23_integer_range_exact_for_float32) ... ok
test_24_actual_consumer_receives_complete_vector (tests_lm.test_v05_c170_structured_task_input.StructuredInputTests.test_24_actual_consumer_receives_complete_vector) ... ok
test_25_legacy_consumer_not_silently_adapted (tests_lm.test_v05_c170_structured_task_input.StructuredInputTests.test_25_legacy_consumer_not_silently_adapted) ... ok
test_26_packet_and_view_immutable (tests_lm.test_v05_c170_structured_task_input.StructuredInputTests.test_26_packet_and_view_immutable) ... ok
test_27_bindings_are_separate_from_numeric_task (tests_lm.test_v05_c170_structured_task_input.StructuredInputTests.test_27_bindings_are_separate_from_numeric_task) ... ok
test_28_all_runtime_outcomes_roundtrip (tests_lm.test_v05_c170_structured_task_input.StructuredInputTests.test_28_all_runtime_outcomes_roundtrip) ... ok
test_29_scope_binding_rejected (tests_lm.test_v05_c170_structured_task_input.StructuredInputTests.test_29_scope_binding_rejected) ... ok
test_30_plan_is_deterministic_and_label_free (tests_lm.test_v05_c170_structured_task_input.StructuredInputTests.test_30_plan_is_deterministic_and_label_free) ... ok
test_31_template_assignment_counts (tests_lm.test_v05_c170_structured_task_input.StructuredInputTests.test_31_template_assignment_counts) ... ok
test_32_operator_and_known_fact_reach_numeric_input (tests_lm.test_v05_c170_structured_task_input.StructuredInputTests.test_32_operator_and_known_fact_reach_numeric_input) ... ok
test_33_resource_grid_complete (tests_lm.test_v05_c170_structured_task_input.StructuredInputTests.test_33_resource_grid_complete) ... ok
test_34_status_grid_complete_and_safe (tests_lm.test_v05_c170_structured_task_input.StructuredInputTests.test_34_status_grid_complete_and_safe) ... ok
test_35_all_registered_malformed_controls (tests_lm.test_v05_c170_structured_task_input.StructuredInputTests.test_35_all_registered_malformed_controls) ... ok
test_36_gate_rejects_collisions_coverage_and_missing_guards (tests_lm.test_v05_c170_structured_task_input.StructuredInputTests.test_36_gate_rejects_collisions_coverage_and_missing_guards) ... ok
test_01_observed_zero_leaf (tests_lm.test_v05_c171_derived_result.DerivedResultTests.test_01_observed_zero_leaf) ... ok
test_02_observed_one_leaf (tests_lm.test_v05_c171_derived_result.DerivedResultTests.test_02_observed_one_leaf) ... ok
test_03_leaf_negation (tests_lm.test_v05_c171_derived_result.DerivedResultTests.test_03_leaf_negation) ... ok
test_04_and_both (tests_lm.test_v05_c171_derived_result.DerivedResultTests.test_04_and_both) ... ok
test_05_or_both (tests_lm.test_v05_c171_derived_result.DerivedResultTests.test_05_or_both) ... ok
test_06_and_left_short (tests_lm.test_v05_c171_derived_result.DerivedResultTests.test_06_and_left_short) ... ok
test_07_and_right_short (tests_lm.test_v05_c171_derived_result.DerivedResultTests.test_07_and_right_short) ... ok
test_08_or_left_short (tests_lm.test_v05_c171_derived_result.DerivedResultTests.test_08_or_left_short) ... ok
test_09_or_right_short (tests_lm.test_v05_c171_derived_result.DerivedResultTests.test_09_or_right_short) ... ok
test_10_unknown_is_not_observation (tests_lm.test_v05_c171_derived_result.DerivedResultTests.test_10_unknown_is_not_observation) ... ok
test_11_nested_proof (tests_lm.test_v05_c171_derived_result.DerivedResultTests.test_11_nested_proof) ... ok
test_12_repeated_fact_uses_one_support (tests_lm.test_v05_c171_derived_result.DerivedResultTests.test_12_repeated_fact_uses_one_support) ... ok
test_13_malformed_grid (tests_lm.test_v05_c171_derived_result.DerivedResultTests.test_13_malformed_grid) ... ok
test_14_unusable_support_statuses (tests_lm.test_v05_c171_derived_result.DerivedResultTests.test_14_unusable_support_statuses) ... ok
test_15_changed_current_views_reject (tests_lm.test_v05_c171_derived_result.DerivedResultTests.test_15_changed_current_views_reject) ... ok
test_16_resources_are_not_evidence (tests_lm.test_v05_c171_derived_result.DerivedResultTests.test_16_resources_are_not_evidence) ... ok
test_17_verification_capacity (tests_lm.test_v05_c171_derived_result.DerivedResultTests.test_17_verification_capacity) ... ok
test_18_noncanonical_node_order (tests_lm.test_v05_c171_derived_result.DerivedResultTests.test_18_noncanonical_node_order) ... ok
test_19_wrong_branch_premise (tests_lm.test_v05_c171_derived_result.DerivedResultTests.test_19_wrong_branch_premise) ... ok
test_20_leaf_value_disagreement (tests_lm.test_v05_c171_derived_result.DerivedResultTests.test_20_leaf_value_disagreement) ... ok
test_21_unused_proof_step (tests_lm.test_v05_c171_derived_result.DerivedResultTests.test_21_unused_proof_step) ... ok
test_22_unused_support (tests_lm.test_v05_c171_derived_result.DerivedResultTests.test_22_unused_support) ... ok
test_23_noncanonical_support_order (tests_lm.test_v05_c171_derived_result.DerivedResultTests.test_23_noncanonical_support_order) ... ok
test_24_invalid_capacity_is_configuration_error (tests_lm.test_v05_c171_derived_result.DerivedResultTests.test_24_invalid_capacity_is_configuration_error) ... ok
test_25_invalid_current_view_is_not_a_candidate_error (tests_lm.test_v05_c171_derived_result.DerivedResultTests.test_25_invalid_current_view_is_not_a_candidate_error) ... ok
test_26_unobserved_leaf_no_proof (tests_lm.test_v05_c171_derived_result.DerivedResultTests.test_26_unobserved_leaf_no_proof) ... ok
test_27_local_proofs_are_not_complete_boolean_solver (tests_lm.test_v05_c171_derived_result.DerivedResultTests.test_27_local_proofs_are_not_complete_boolean_solver) ... ok
test_28_arbitrary_candidate_mapping_rejected (tests_lm.test_v05_c171_derived_result.DerivedResultTests.test_28_arbitrary_candidate_mapping_rejected) ... ok
test_29_immutable_objects (tests_lm.test_v05_c171_derived_result.DerivedResultTests.test_29_immutable_objects) ... ok
test_30_serialization_preserves_zero_none (tests_lm.test_v05_c171_derived_result.DerivedResultTests.test_30_serialization_preserves_zero_none) ... ok
test_31_template_assignment_scope (tests_lm.test_v05_c171_derived_result.DerivedResultTests.test_31_template_assignment_scope) ... ok
test_32_manifest_hash_and_count (tests_lm.test_v05_c171_derived_result.DerivedResultTests.test_32_manifest_hash_and_count) ... ok
test_33_gate_does_not_mask_failures (tests_lm.test_v05_c171_derived_result.DerivedResultTests.test_33_gate_does_not_mask_failures) ... ok
test_34_no_oracle_argument (tests_lm.test_v05_c171_derived_result.DerivedResultTests.test_34_no_oracle_argument) ... ok
test_35_reversed_ast_child_order_supported (tests_lm.test_v05_c171_derived_result.DerivedResultTests.test_35_reversed_ast_child_order_supported) ... ok
test_36_root_rule_cannot_prove_from_noncontrolling_value (tests_lm.test_v05_c171_derived_result.DerivedResultTests.test_36_root_rule_cannot_prove_from_noncontrolling_value) ... ok
test_01_names_are_not_legacy_indices (tests_lm.test_v05_c172_action_runtime.ActionRuntimeTests.test_01_names_are_not_legacy_indices) ... ok
test_02_stage_is_unverified_without_solver (tests_lm.test_v05_c172_action_runtime.ActionRuntimeTests.test_02_stage_is_unverified_without_solver) ... ok
test_03_answer_accepts_valid_zero_and_one (tests_lm.test_v05_c172_action_runtime.ActionRuntimeTests.test_03_answer_accepts_valid_zero_and_one) ... ok
test_04_answer_rejects_wrong_conclusion (tests_lm.test_v05_c172_action_runtime.ActionRuntimeTests.test_04_answer_rejects_wrong_conclusion) ... ok
test_05_unprepared_answer_is_not_fabricated (tests_lm.test_v05_c172_action_runtime.ActionRuntimeTests.test_05_unprepared_answer_is_not_fabricated) ... ok
test_06_stop_at_zero_internal (tests_lm.test_v05_c172_action_runtime.ActionRuntimeTests.test_06_stop_at_zero_internal) ... ok
test_07_all_external_actions_reserve_not_observe (tests_lm.test_v05_c172_action_runtime.ActionRuntimeTests.test_07_all_external_actions_reserve_not_observe) ... ok
test_08_permission_denial_before_availability (tests_lm.test_v05_c172_action_runtime.ActionRuntimeTests.test_08_permission_denial_before_availability) ... ok
test_09_unavailable_provider (tests_lm.test_v05_c172_action_runtime.ActionRuntimeTests.test_09_unavailable_provider) ... ok
test_10_acquisition_budget_zero (tests_lm.test_v05_c172_action_runtime.ActionRuntimeTests.test_10_acquisition_budget_zero) ... ok
test_11_internal_budget_zero (tests_lm.test_v05_c172_action_runtime.ActionRuntimeTests.test_11_internal_budget_zero) ... ok
test_12_known_fact_is_not_reacquired (tests_lm.test_v05_c172_action_runtime.ActionRuntimeTests.test_12_known_fact_is_not_reacquired) ... ok
test_13_exact_proposal_replay_is_stale (tests_lm.test_v05_c172_action_runtime.ActionRuntimeTests.test_13_exact_proposal_replay_is_stale) ... ok
test_14_pending_blocks_fresh_duplicate (tests_lm.test_v05_c172_action_runtime.ActionRuntimeTests.test_14_pending_blocks_fresh_duplicate) ... ok
test_15_pending_blocks_cross_tool (tests_lm.test_v05_c172_action_runtime.ActionRuntimeTests.test_15_pending_blocks_cross_tool) ... ok
test_16_pending_blocks_compute (tests_lm.test_v05_c172_action_runtime.ActionRuntimeTests.test_16_pending_blocks_compute) ... ok
test_17_stop_cancels_without_refund (tests_lm.test_v05_c172_action_runtime.ActionRuntimeTests.test_17_stop_cancels_without_refund) ... ok
test_18_closed_cannot_restart (tests_lm.test_v05_c172_action_runtime.ActionRuntimeTests.test_18_closed_cannot_restart) ... ok
test_19_state_binding_covers_resources (tests_lm.test_v05_c172_action_runtime.ActionRuntimeTests.test_19_state_binding_covers_resources) ... ok
test_20_state_binding_covers_evidence (tests_lm.test_v05_c172_action_runtime.ActionRuntimeTests.test_20_state_binding_covers_evidence) ... ok
test_21_state_binding_covers_expression (tests_lm.test_v05_c172_action_runtime.ActionRuntimeTests.test_21_state_binding_covers_expression) ... ok
test_22_scope_binding (tests_lm.test_v05_c172_action_runtime.ActionRuntimeTests.test_22_scope_binding) ... ok
test_23_numeric_target_type (tests_lm.test_v05_c172_action_runtime.ActionRuntimeTests.test_23_numeric_target_type) ... ok
test_24_malformed_proposals_no_state_change (tests_lm.test_v05_c172_action_runtime.ActionRuntimeTests.test_24_malformed_proposals_no_state_change) ... ok
test_25_immutable_candidate_container (tests_lm.test_v05_c172_action_runtime.ActionRuntimeTests.test_25_immutable_candidate_container) ... ok
test_26_noncanonical_current_view_is_configuration_error (tests_lm.test_v05_c172_action_runtime.ActionRuntimeTests.test_26_noncanonical_current_view_is_configuration_error) ... ok
test_27_verification_capacity_no_hidden_debit (tests_lm.test_v05_c172_action_runtime.ActionRuntimeTests.test_27_verification_capacity_no_hidden_debit) ... ok
test_28_exact_remaining_verification_budget (tests_lm.test_v05_c172_action_runtime.ActionRuntimeTests.test_28_exact_remaining_verification_budget) ... ok
test_29_explicit_capacity_remains_binding (tests_lm.test_v05_c172_action_runtime.ActionRuntimeTests.test_29_explicit_capacity_remains_binding) ... ok
test_30_verifier_configuration_types (tests_lm.test_v05_c172_action_runtime.ActionRuntimeTests.test_30_verifier_configuration_types) ... ok
test_31_version_bound (tests_lm.test_v05_c172_action_runtime.ActionRuntimeTests.test_31_version_bound) ... ok
test_32_internal_step_bound (tests_lm.test_v05_c172_action_runtime.ActionRuntimeTests.test_32_internal_step_bound) ... ok
test_33_readonly_inputs_and_bindings (tests_lm.test_v05_c172_action_runtime.ActionRuntimeTests.test_33_readonly_inputs_and_bindings) ... ok
test_34_output_json_zero_and_none (tests_lm.test_v05_c172_action_runtime.ActionRuntimeTests.test_34_output_json_zero_and_none) ... ok
test_35_manifest_counts_and_hash (tests_lm.test_v05_c172_action_runtime.ActionRuntimeTests.test_35_manifest_counts_and_hash) ... ok
test_36_gate_rejects_finite_failures (tests_lm.test_v05_c172_action_runtime.ActionRuntimeTests.test_36_gate_rejects_finite_failures) ... ok
test_37_no_oracle_or_provider_parameter (tests_lm.test_v05_c172_action_runtime.ActionRuntimeTests.test_37_no_oracle_or_provider_parameter) ... ok
test_38_stale_fixture_coverage (tests_lm.test_v05_c172_action_runtime.ActionRuntimeTests.test_38_stale_fixture_coverage) ... ok
test_39_unusable_fact_reservation_is_not_observation (tests_lm.test_v05_c172_action_runtime.ActionRuntimeTests.test_39_unusable_fact_reservation_is_not_observation) ... ok
test_40_staged_evidence_is_rechecked_at_answer (tests_lm.test_v05_c172_action_runtime.ActionRuntimeTests.test_40_staged_evidence_is_rechecked_at_answer) ... ok
test_01_zero_is_published (tests_lm.test_v05_c173_acquisition_lifecycle.C173Tests.test_01_zero_is_published) ... ok
test_02_one_is_published (tests_lm.test_v05_c173_acquisition_lifecycle.C173Tests.test_02_one_is_published) ... ok
test_03_all_named_tools_use_only_registered_callback (tests_lm.test_v05_c173_acquisition_lifecycle.C173Tests.test_03_all_named_tools_use_only_registered_callback) ... ok
test_04_epoch_and_other_facts_preserved (tests_lm.test_v05_c173_acquisition_lifecycle.C173Tests.test_04_epoch_and_other_facts_preserved) ... ok
test_05_reservation_not_charged_twice (tests_lm.test_v05_c173_acquisition_lifecycle.C173Tests.test_05_reservation_not_charged_twice) ... ok
test_06_duplicate_dispatch_does_not_read_again (tests_lm.test_v05_c173_acquisition_lifecycle.C173Tests.test_06_duplicate_dispatch_does_not_read_again) ... ok
test_07_permission_revocation_prevents_read (tests_lm.test_v05_c173_acquisition_lifecycle.C173Tests.test_07_permission_revocation_prevents_read) ... ok
test_08_availability_revocation_prevents_read (tests_lm.test_v05_c173_acquisition_lifecycle.C173Tests.test_08_availability_revocation_prevents_read) ... ok
test_09_zero_and_one_internal_budget_prevent_side_effect (tests_lm.test_v05_c173_acquisition_lifecycle.C173Tests.test_09_zero_and_one_internal_budget_prevent_side_effect) ... ok
test_10_stale_expression_clears_intent_without_io (tests_lm.test_v05_c173_acquisition_lifecycle.C173Tests.test_10_stale_expression_clears_intent_without_io) ... ok
test_11_stale_fact_is_detected (tests_lm.test_v05_c173_acquisition_lifecycle.C173Tests.test_11_stale_fact_is_detected) ... ok
test_12_wrong_intent_does_not_cancel_real_one (tests_lm.test_v05_c173_acquisition_lifecycle.C173Tests.test_12_wrong_intent_does_not_cancel_real_one) ... ok
test_13_stop_blocks_dispatch_without_refund (tests_lm.test_v05_c173_acquisition_lifecycle.C173Tests.test_13_stop_blocks_dispatch_without_refund) ... ok
test_14_missing_delivery_has_no_payload (tests_lm.test_v05_c173_acquisition_lifecycle.C173Tests.test_14_missing_delivery_has_no_payload) ... ok
test_15_delivery_bindings_reject_changed_fields (tests_lm.test_v05_c173_acquisition_lifecycle.C173Tests.test_15_delivery_bindings_reject_changed_fields) ... ok
test_16_payload_types_and_reference_reject (tests_lm.test_v05_c173_acquisition_lifecycle.C173Tests.test_16_payload_types_and_reference_reject) ... ok
test_17_valid_bit_flip_is_checked_against_source_witness (tests_lm.test_v05_c173_acquisition_lifecycle.C173Tests.test_17_valid_bit_flip_is_checked_against_source_witness) ... ok
test_18_false_missing_cannot_override_real_record (tests_lm.test_v05_c173_acquisition_lifecycle.C173Tests.test_18_false_missing_cannot_override_real_record) ... ok
test_19_provider_failure_closes_attempt_without_refund (tests_lm.test_v05_c173_acquisition_lifecycle.C173Tests.test_19_provider_failure_closes_attempt_without_refund) ... ok
test_20_unexpected_exception_consumes_attempt_then_propagates (tests_lm.test_v05_c173_acquisition_lifecycle.C173Tests.test_20_unexpected_exception_consumes_attempt_then_propagates) ... ok
test_21_source_hash_mismatch_rejected (tests_lm.test_v05_c173_acquisition_lifecycle.C173Tests.test_21_source_hash_mismatch_rejected) ... ok
test_22_malformed_sources_rejected (tests_lm.test_v05_c173_acquisition_lifecycle.C173Tests.test_22_malformed_sources_rejected) ... ok
test_23_oversized_read_is_bounded (tests_lm.test_v05_c173_acquisition_lifecycle.C173Tests.test_23_oversized_read_is_bounded) ... ok
test_24_missing_record_is_not_zero_or_nonexistence (tests_lm.test_v05_c173_acquisition_lifecycle.C173Tests.test_24_missing_record_is_not_zero_or_nonexistence) ... ok
test_25_source_witness_not_exposed_in_receipts_or_policy (tests_lm.test_v05_c173_acquisition_lifecycle.C173Tests.test_25_source_witness_not_exposed_in_receipts_or_policy) ... ok
test_26_admission_invalidates_staged_candidate (tests_lm.test_v05_c173_acquisition_lifecycle.C173Tests.test_26_admission_invalidates_staged_candidate) ... ok
test_27_old_proof_rejects_after_fact_update (tests_lm.test_v05_c173_acquisition_lifecycle.C173Tests.test_27_old_proof_rejects_after_fact_update) ... ok
test_28_new_proof_uses_actual_admitted_fact (tests_lm.test_v05_c173_acquisition_lifecycle.C173Tests.test_28_new_proof_uses_actual_admitted_fact) ... ok
test_29_reentrant_dispatch_and_action_cannot_execute (tests_lm.test_v05_c173_acquisition_lifecycle.C173Tests.test_29_reentrant_dispatch_and_action_cannot_execute) ... ok
test_30_replayed_delivery_cannot_populate_other_target (tests_lm.test_v05_c173_acquisition_lifecycle.C173Tests.test_30_replayed_delivery_cannot_populate_other_target) ... ok
test_31_dispatch_limit_is_hard (tests_lm.test_v05_c173_acquisition_lifecycle.C173Tests.test_31_dispatch_limit_is_hard) ... ok
test_32_refresh_cannot_refill_or_run_during_dispatch (tests_lm.test_v05_c173_acquisition_lifecycle.C173Tests.test_32_refresh_cannot_refill_or_run_during_dispatch) ... ok
test_33_missing_endpoint_and_epoch_fail_before_io (tests_lm.test_v05_c173_acquisition_lifecycle.C173Tests.test_33_missing_endpoint_and_epoch_fail_before_io) ... ok
test_34_strict_bindings_and_witness_shape (tests_lm.test_v05_c173_acquisition_lifecycle.C173Tests.test_34_strict_bindings_and_witness_shape) ... ok
test_35_manifest_and_group_totals_are_fixed (tests_lm.test_v05_c173_acquisition_lifecycle.C173Tests.test_35_manifest_and_group_totals_are_fixed) ... ok
test_36_gate_checks_every_deciding_count (tests_lm.test_v05_c173_acquisition_lifecycle.C173Tests.test_36_gate_checks_every_deciding_count) ... ok
test_01_exact_dependency_copy (tests_lm.test_v05_c174_learned_necessity.C174Tests.test_01_exact_dependency_copy) ... ok
test_02_registered_profile_and_data_hash (tests_lm.test_v05_c174_learned_necessity.C174Tests.test_02_registered_profile_and_data_hash) ... ok
test_03_structure_count_and_unique_syntax (tests_lm.test_v05_c174_learned_necessity.C174Tests.test_03_structure_count_and_unique_syntax) ... ok
test_04_all_shapes_are_valid_read_once (tests_lm.test_v05_c174_learned_necessity.C174Tests.test_04_all_shapes_are_valid_read_once) ... ok
test_05_hand_checked_necessity_cases (tests_lm.test_v05_c174_learned_necessity.C174Tests.test_05_hand_checked_necessity_cases) ... ok
test_06_all_observed_always_sufficient (tests_lm.test_v05_c174_learned_necessity.C174Tests.test_06_all_observed_always_sufficient) ... ok
test_07_all_unknown_read_once_needs_observation (tests_lm.test_v05_c174_learned_necessity.C174Tests.test_07_all_unknown_read_once_needs_observation) ... ok
test_08_variable_permutations_share_semantic_group (tests_lm.test_v05_c174_learned_necessity.C174Tests.test_08_variable_permutations_share_semantic_group) ... ok
test_09_train_eval_have_no_semantic_group_overlap (tests_lm.test_v05_c174_learned_necessity.C174Tests.test_09_train_eval_have_no_semantic_group_overlap) ... ok
test_10_known_development_groups_never_eval (tests_lm.test_v05_c174_learned_necessity.C174Tests.test_10_known_development_groups_never_eval) ... ok
test_11_every_template_assignment_stays_in_one_split (tests_lm.test_v05_c174_learned_necessity.C174Tests.test_11_every_template_assignment_stays_in_one_split) ... ok
test_12_no_unknown_value_in_features (tests_lm.test_v05_c174_learned_necessity.C174Tests.test_12_no_unknown_value_in_features) ... ok
test_13_model_parameter_count_and_raw_shape (tests_lm.test_v05_c174_learned_necessity.C174Tests.test_13_model_parameter_count_and_raw_shape) ... ok
test_14_bad_model_shape_or_dtype_is_rejected (tests_lm.test_v05_c174_learned_necessity.C174Tests.test_14_bad_model_shape_or_dtype_is_rejected) ... ok
test_15_packet_schema_is_checked (tests_lm.test_v05_c174_learned_necessity.C174Tests.test_15_packet_schema_is_checked) ... ok
test_16_numeric_input_excludes_opaque_binding_names (tests_lm.test_v05_c174_learned_necessity.C174Tests.test_16_numeric_input_excludes_opaque_binding_names) ... ok
test_17_ablation_changes_only_node_fields_and_preserves_input (tests_lm.test_v05_c174_learned_necessity.C174Tests.test_17_ablation_changes_only_node_fields_and_preserves_input) ... ok
test_18_operator_changes_reach_full_but_not_ablated_input (tests_lm.test_v05_c174_learned_necessity.C174Tests.test_18_operator_changes_reach_full_but_not_ablated_input) ... ok
test_19_fixed_scales_and_modes (tests_lm.test_v05_c174_learned_necessity.C174Tests.test_19_fixed_scales_and_modes) ... ok
test_20_fit_signature_has_train_inputs_only (tests_lm.test_v05_c174_learned_necessity.C174Tests.test_20_fit_signature_has_train_inputs_only) ... ok
test_21_tiny_train_is_deterministic_and_initial_preserved (tests_lm.test_v05_c174_learned_necessity.C174Tests.test_21_tiny_train_is_deterministic_and_initial_preserved) ... ok
test_22_paired_sampling_ignores_input_values (tests_lm.test_v05_c174_learned_necessity.C174Tests.test_22_paired_sampling_ignores_input_values) ... ok
test_23_invalid_training_input_rejected (tests_lm.test_v05_c174_learned_necessity.C174Tests.test_23_invalid_training_input_rejected) ... ok
test_24_checkpoint_roundtrip_weights_only (tests_lm.test_v05_c174_learned_necessity.C174Tests.test_24_checkpoint_roundtrip_weights_only) ... ok
test_25_prediction_has_no_state_or_label_mutation (tests_lm.test_v05_c174_learned_necessity.C174Tests.test_25_prediction_has_no_state_or_label_mutation) ... ok
test_26_macro_metric_keeps_function_groups_separate (tests_lm.test_v05_c174_learned_necessity.C174Tests.test_26_macro_metric_keeps_function_groups_separate) ... ok
test_27_class_collapse_has_chance_balanced_accuracy (tests_lm.test_v05_c174_learned_necessity.C174Tests.test_27_class_collapse_has_chance_balanced_accuracy) ... ok
test_28_gate_requires_each_seed_and_paired_controls (tests_lm.test_v05_c174_learned_necessity.C174Tests.test_28_gate_requires_each_seed_and_paired_controls) ... ok
test_29_gate_rejects_ties_or_one_class_collapse (tests_lm.test_v05_c174_learned_necessity.C174Tests.test_29_gate_rejects_ties_or_one_class_collapse) ... ok
test_30_manifest_is_frozen (tests_lm.test_v05_c174_learned_necessity.C174Tests.test_30_manifest_is_frozen) ... ok
test_31_npz_is_non_pickle_and_roundtrips (tests_lm.test_v05_c174_learned_necessity.C174Tests.test_31_npz_is_non_pickle_and_roundtrips) ... ok
test_32_confusion_denominators_and_wrong_shapes (tests_lm.test_v05_c174_learned_necessity.C174Tests.test_32_confusion_denominators_and_wrong_shapes) ... ok
test_01_only_syntax_fields_excluded (tests_lm.test_v05_c175_frozen_prediction_audit.C175Tests.test_01_only_syntax_fields_excluded) ... ok
test_02_facts_and_resources_are_retained (tests_lm.test_v05_c175_frozen_prediction_audit.C175Tests.test_02_facts_and_resources_are_retained) ... ok
test_03_majority_and_tie_zero (tests_lm.test_v05_c175_frozen_prediction_audit.C175Tests.test_03_majority_and_tie_zero) ... ok
test_04_reference_interface_has_only_train_inputs (tests_lm.test_v05_c175_frozen_prediction_audit.C175Tests.test_04_reference_interface_has_only_train_inputs) ... ok
test_05_unseen_key_has_no_fallback (tests_lm.test_v05_c175_frozen_prediction_audit.C175Tests.test_05_unseen_key_has_no_fallback) ... ok
test_06_reference_preserves_inputs (tests_lm.test_v05_c175_frozen_prediction_audit.C175Tests.test_06_reference_preserves_inputs) ... ok
test_07_single_class_strata_have_null_ba (tests_lm.test_v05_c175_frozen_prediction_audit.C175Tests.test_07_single_class_strata_have_null_ba) ... ok
test_08_group_mean_not_row_weighted (tests_lm.test_v05_c175_frozen_prediction_audit.C175Tests.test_08_group_mean_not_row_weighted) ... ok
test_09_metric_replay_checks_confusion (tests_lm.test_v05_c175_frozen_prediction_audit.C175Tests.test_09_metric_replay_checks_confusion) ... ok
test_10_invalid_metric_input_rejected (tests_lm.test_v05_c175_frozen_prediction_audit.C175Tests.test_10_invalid_metric_input_rejected) ... ok
test_11_constant_blind_prediction_cannot_solve_both (tests_lm.test_v05_c175_frozen_prediction_audit.C175Tests.test_11_constant_blind_prediction_cannot_solve_both) ... ok
test_12_counterfactual_counts_preserve_correlations (tests_lm.test_v05_c175_frozen_prediction_audit.C175Tests.test_12_counterfactual_counts_preserve_correlations) ... ok
test_13_gate_requires_each_seed_and_strict_gain (tests_lm.test_v05_c175_frozen_prediction_audit.C175Tests.test_13_gate_requires_each_seed_and_strict_gain) ... ok
test_14_manifest_fixed_and_zero_model_work (tests_lm.test_v05_c175_frozen_prediction_audit.C175Tests.test_14_manifest_fixed_and_zero_model_work) ... ok
test_15_safe_relative_paths (tests_lm.test_v05_c175_frozen_prediction_audit.C175Tests.test_15_safe_relative_paths) ... ok
test_16_duplicate_nonfinite_json_rejected (tests_lm.test_v05_c175_frozen_prediction_audit.C175Tests.test_16_duplicate_nonfinite_json_rejected) ... ok
test_17_npz_never_unpickles (tests_lm.test_v05_c175_frozen_prediction_audit.C175Tests.test_17_npz_never_unpickles) ... ok
test_18_real_standalone_git_paths_and_tamper (tests_lm.test_v05_c175_frozen_prediction_audit.C175Tests.test_18_real_standalone_git_paths_and_tamper) ... ok
test_19_parent_hash_checked_before_parse (tests_lm.test_v05_c175_frozen_prediction_audit.C175Tests.test_19_parent_hash_checked_before_parse) ... ok
test_20_artifact_hashes_and_exact_set (tests_lm.test_v05_c175_frozen_prediction_audit.C175Tests.test_20_artifact_hashes_and_exact_set) ... ok
test_01_missing_count_uses_only_presence (tests_lm.test_v05_c176_conditional_loss.C176Tests.test_01_missing_count_uses_only_presence) ... ok
test_02_bad_presence_schema (tests_lm.test_v05_c176_conditional_loss.C176Tests.test_02_bad_presence_schema) ... ok
test_03_zero_payload_is_not_missing (tests_lm.test_v05_c176_conditional_loss.C176Tests.test_03_zero_payload_is_not_missing) ... ok
test_04_exact_conditional_formula (tests_lm.test_v05_c176_conditional_loss.C176Tests.test_04_exact_conditional_formula) ... ok
test_05_each_stratum_mass_preserved (tests_lm.test_v05_c176_conditional_loss.C176Tests.test_05_each_stratum_mass_preserved) ... ok
test_06_mixed_classes_have_equal_total_weight (tests_lm.test_v05_c176_conditional_loss.C176Tests.test_06_mixed_classes_have_equal_total_weight) ... ok
test_07_pure_strata_keep_unit_weight (tests_lm.test_v05_c176_conditional_loss.C176Tests.test_07_pure_strata_keep_unit_weight) ... ok
test_08_absent_strata_do_not_invent_rows (tests_lm.test_v05_c176_conditional_loss.C176Tests.test_08_absent_strata_do_not_invent_rows) ... ok
test_09_row_permutation_equivariance (tests_lm.test_v05_c176_conditional_loss.C176Tests.test_09_row_permutation_equivariance) ... ok
test_10_bad_labels_or_counts (tests_lm.test_v05_c176_conditional_loss.C176Tests.test_10_bad_labels_or_counts) ... ok
test_11_bad_shapes_and_empty (tests_lm.test_v05_c176_conditional_loss.C176Tests.test_11_bad_shapes_and_empty) ... ok
test_12_training_arrays_immutable (tests_lm.test_v05_c176_conditional_loss.C176Tests.test_12_training_arrays_immutable) ... ok
test_13_registered_counts_mass (tests_lm.test_v05_c176_conditional_loss.C176Tests.test_13_registered_counts_mass) ... ok
test_14_unit_loss_matches_ordinary_ce (tests_lm.test_v05_c176_conditional_loss.C176Tests.test_14_unit_loss_matches_ordinary_ce) ... ok
test_15_divisor_is_batch_length_not_weight_sum (tests_lm.test_v05_c176_conditional_loss.C176Tests.test_15_divisor_is_batch_length_not_weight_sum) ... ok
test_16_weighted_gradient_matches_formula (tests_lm.test_v05_c176_conditional_loss.C176Tests.test_16_weighted_gradient_matches_formula) ... ok
test_17_nonpositive_and_nonfinite_weights_rejected (tests_lm.test_v05_c176_conditional_loss.C176Tests.test_17_nonpositive_and_nonfinite_weights_rejected) ... ok
test_18_bad_loss_labels_and_types (tests_lm.test_v05_c176_conditional_loss.C176Tests.test_18_bad_loss_labels_and_types) ... ok
test_19_toy_fit_deterministic (tests_lm.test_v05_c176_conditional_loss.C176Tests.test_19_toy_fit_deterministic) ... ok
test_20_fit_preserves_initial_and_inputs (tests_lm.test_v05_c176_conditional_loss.C176Tests.test_20_fit_preserves_initial_and_inputs) ... ok
test_21_pair_has_same_batches_with_different_weights (tests_lm.test_v05_c176_conditional_loss.C176Tests.test_21_pair_has_same_batches_with_different_weights) ... ok
test_22_weights_change_updates_not_capacity (tests_lm.test_v05_c176_conditional_loss.C176Tests.test_22_weights_change_updates_not_capacity) ... ok
test_23_fit_rejects_invalid_setup (tests_lm.test_v05_c176_conditional_loss.C176Tests.test_23_fit_rejects_invalid_setup) ... ok
test_24_gate_each_seed_and_pair_integrity (tests_lm.test_v05_c176_conditional_loss.C176Tests.test_24_gate_each_seed_and_pair_integrity) ... ok
test_25_gate_strict_target_improvement (tests_lm.test_v05_c176_conditional_loss.C176Tests.test_25_gate_strict_target_improvement) ... ok
test_26_gate_original_score_no_drop_and_no_class_collapse (tests_lm.test_v05_c176_conditional_loss.C176Tests.test_26_gate_original_score_no_drop_and_no_class_collapse) ... ok
test_27_regression_list_is_additive (tests_lm.test_v05_c176_conditional_loss.C176Tests.test_27_regression_list_is_additive) ... ok
test_28_manifest_and_workload_frozen (tests_lm.test_v05_c176_conditional_loss.C176Tests.test_28_manifest_and_workload_frozen) ... ok
test_01_perfect_order (tests_lm.test_v05_c177_frozen_score_order.C177Tests.test_01_perfect_order) ... ok
test_02_reverse_order (tests_lm.test_v05_c177_frozen_score_order.C177Tests.test_02_reverse_order) ... ok
test_03_ties_half_credit (tests_lm.test_v05_c177_frozen_score_order.C177Tests.test_03_ties_half_credit) ... ok
test_04_brute_force_agreement (tests_lm.test_v05_c177_frozen_score_order.C177Tests.test_04_brute_force_agreement) ... ok
test_05_permutation_invariance (tests_lm.test_v05_c177_frozen_score_order.C177Tests.test_05_permutation_invariance) ... ok
test_06_pure_class_auc_is_null (tests_lm.test_v05_c177_frozen_score_order.C177Tests.test_06_pure_class_auc_is_null) ... ok
test_07_empty_auc_is_null (tests_lm.test_v05_c177_frozen_score_order.C177Tests.test_07_empty_auc_is_null) ... ok
test_08_bad_labels (tests_lm.test_v05_c177_frozen_score_order.C177Tests.test_08_bad_labels) ... ok
test_09_bad_scores (tests_lm.test_v05_c177_frozen_score_order.C177Tests.test_09_bad_scores) ... ok
test_10_raw_argmax_and_no_mutation (tests_lm.test_v05_c177_frozen_score_order.C177Tests.test_10_raw_argmax_and_no_mutation) ... ok
test_11_stratum_constant_shift_preserves_order (tests_lm.test_v05_c177_frozen_score_order.C177Tests.test_11_stratum_constant_shift_preserves_order) ... ok
test_12_score_sign_has_declared_positive_class (tests_lm.test_v05_c177_frozen_score_order.C177Tests.test_12_score_sign_has_declared_positive_class) ... ok
test_13_grouped_pairs_do_not_cross_keys (tests_lm.test_v05_c177_frozen_score_order.C177Tests.test_13_grouped_pairs_do_not_cross_keys) ... ok
test_14_no_mixed_key_has_no_pairs (tests_lm.test_v05_c177_frozen_score_order.C177Tests.test_14_no_mixed_key_has_no_pairs) ... ok
test_15_grouped_ties_exact (tests_lm.test_v05_c177_frozen_score_order.C177Tests.test_15_grouped_ties_exact) ... ok
test_16_error_exchange_identities (tests_lm.test_v05_c177_frozen_score_order.C177Tests.test_16_error_exchange_identities) ... ok
test_17_error_exchange_additivity (tests_lm.test_v05_c177_frozen_score_order.C177Tests.test_17_error_exchange_additivity) ... ok
test_18_primary_equal_stratum_not_pair_weighted (tests_lm.test_v05_c177_frozen_score_order.C177Tests.test_18_primary_equal_stratum_not_pair_weighted) ... ok
test_19_primary_cannot_drop_pure_stratum (tests_lm.test_v05_c177_frozen_score_order.C177Tests.test_19_primary_cannot_drop_pure_stratum) ... ok
test_20_gate_strict_each_seed (tests_lm.test_v05_c177_frozen_score_order.C177Tests.test_20_gate_strict_each_seed) ... ok
test_21_missing_count_uses_presence_not_value (tests_lm.test_v05_c177_frozen_score_order.C177Tests.test_21_missing_count_uses_presence_not_value) ... ok
test_22_ordering_uses_all_declared_strata_and_groups (tests_lm.test_v05_c177_frozen_score_order.C177Tests.test_22_ordering_uses_all_declared_strata_and_groups) ... ok
test_23_manifest_and_no_learning_import (tests_lm.test_v05_c177_frozen_score_order.C177Tests.test_23_manifest_and_no_learning_import) ... ok
test_24_regression_list_appends_one_current_module (tests_lm.test_v05_c177_frozen_score_order.C177Tests.test_24_regression_list_appends_one_current_module) ... ok
test_01_control_is_exact_original_preparation (tests_lm.test_v05_c178_visible_leaf_binding.C178Tests.test_01_control_is_exact_original_preparation) ... ok
test_02_known_one_copied_to_correct_leaf (tests_lm.test_v05_c178_visible_leaf_binding.C178Tests.test_02_known_one_copied_to_correct_leaf) ... ok
test_03_zero_remains_known_not_missing (tests_lm.test_v05_c178_visible_leaf_binding.C178Tests.test_03_zero_remains_known_not_missing) ... ok
test_04_only_leaf_child_placeholders_change (tests_lm.test_v05_c178_visible_leaf_binding.C178Tests.test_04_only_leaf_child_placeholders_change) ... ok
test_05_internal_topology_stays_exact (tests_lm.test_v05_c178_visible_leaf_binding.C178Tests.test_05_internal_topology_stays_exact) ... ok
test_06_fact_indices_are_not_erased (tests_lm.test_v05_c178_visible_leaf_binding.C178Tests.test_06_fact_indices_are_not_erased) ... ok
test_07_negation_is_not_computed_by_adapter (tests_lm.test_v05_c178_visible_leaf_binding.C178Tests.test_07_negation_is_not_computed_by_adapter) ... ok
test_08_operator_change_does_not_change_copied_bit (tests_lm.test_v05_c178_visible_leaf_binding.C178Tests.test_08_operator_change_does_not_change_copied_bit) ... ok
test_09_binding_follows_fact_id_not_leaf_position (tests_lm.test_v05_c178_visible_leaf_binding.C178Tests.test_09_binding_follows_fact_id_not_leaf_position) ... ok
test_10_unknowns_do_not_get_guessed (tests_lm.test_v05_c178_visible_leaf_binding.C178Tests.test_10_unknowns_do_not_get_guessed) ... ok
test_11_unusable_status_no_payload (tests_lm.test_v05_c178_visible_leaf_binding.C178Tests.test_11_unusable_status_no_payload) ... ok
test_12_raw_input_not_mutated (tests_lm.test_v05_c178_visible_leaf_binding.C178Tests.test_12_raw_input_not_mutated) ... ok
test_13_fact_table_and_resources_unchanged (tests_lm.test_v05_c178_visible_leaf_binding.C178Tests.test_13_fact_table_and_resources_unchanged) ... ok
test_14_batch_permutation_equivariance (tests_lm.test_v05_c178_visible_leaf_binding.C178Tests.test_14_batch_permutation_equivariance) ... ok
test_15_shape_and_dtype_rejected (tests_lm.test_v05_c178_visible_leaf_binding.C178Tests.test_15_shape_and_dtype_rejected) ... ok
test_16_range_and_noncanonical_width_rejected (tests_lm.test_v05_c178_visible_leaf_binding.C178Tests.test_16_range_and_noncanonical_width_rejected) ... ok
test_17_masks_and_kinds_rejected (tests_lm.test_v05_c178_visible_leaf_binding.C178Tests.test_17_masks_and_kinds_rejected) ... ok
test_18_bad_fact_binding_rejected (tests_lm.test_v05_c178_visible_leaf_binding.C178Tests.test_18_bad_fact_binding_rejected) ... ok
test_19_nonzero_leaf_children_and_forward_links_rejected (tests_lm.test_v05_c178_visible_leaf_binding.C178Tests.test_19_nonzero_leaf_children_and_forward_links_rejected) ... ok
test_20_hidden_or_mistyped_payload_rejected (tests_lm.test_v05_c178_visible_leaf_binding.C178Tests.test_20_hidden_or_mistyped_payload_rejected) ... ok
test_21_runtime_fields_rejected (tests_lm.test_v05_c178_visible_leaf_binding.C178Tests.test_21_runtime_fields_rejected) ... ok
test_22_no_teacher_argument_or_new_packet (tests_lm.test_v05_c178_visible_leaf_binding.C178Tests.test_22_no_teacher_argument_or_new_packet) ... ok
test_23_capacity_and_forward_shape_unchanged (tests_lm.test_v05_c178_visible_leaf_binding.C178Tests.test_23_capacity_and_forward_shape_unchanged) ... ok
test_24_toy_training_preserves_pair_initial_and_batches (tests_lm.test_v05_c178_visible_leaf_binding.C178Tests.test_24_toy_training_preserves_pair_initial_and_batches) ... ok
test_25_checkpoint_representation_metadata_and_roundtrip (tests_lm.test_v05_c178_visible_leaf_binding.C178Tests.test_25_checkpoint_representation_metadata_and_roundtrip) ... ok
test_26_gate_all_seeds_and_pair_integrity (tests_lm.test_v05_c178_visible_leaf_binding.C178Tests.test_26_gate_all_seeds_and_pair_integrity) ... ok
test_27_gate_strict_primary_and_minority_improvements (tests_lm.test_v05_c178_visible_leaf_binding.C178Tests.test_27_gate_strict_primary_and_minority_improvements) ... ok
test_28_gate_original_score_and_recalls (tests_lm.test_v05_c178_visible_leaf_binding.C178Tests.test_28_gate_original_score_and_recalls) ... ok
test_29_nonfinite_gate_and_json_rejected (tests_lm.test_v05_c178_visible_leaf_binding.C178Tests.test_29_nonfinite_gate_and_json_rejected) ... ok
test_30_registered_manifest_and_no_extra_training (tests_lm.test_v05_c178_visible_leaf_binding.C178Tests.test_30_registered_manifest_and_no_extra_training) ... ok
test_31_regression_list_additive_and_unique (tests_lm.test_v05_c178_visible_leaf_binding.C178Tests.test_31_regression_list_additive_and_unique) ... ok
test_32_missing_historical_regression_list_fails_closed (tests_lm.test_v05_c178_visible_leaf_binding.C178Tests.test_32_missing_historical_regression_list_fails_closed) ... ok
test_01_parameter_count (tests_lm.test_v05_c179_shared_graph.C179Tests.test_01_parameter_count) ... ok
test_02_dense_mac_count (tests_lm.test_v05_c179_shared_graph.C179Tests.test_02_dense_mac_count) ... ok
test_03_pair_initial_weights (tests_lm.test_v05_c179_shared_graph.C179Tests.test_03_pair_initial_weights) ... ok
test_04_seed_validation (tests_lm.test_v05_c179_shared_graph.C179Tests.test_04_seed_validation) ... ok
test_05_routing_mode_is_explicit (tests_lm.test_v05_c179_shared_graph.C179Tests.test_05_routing_mode_is_explicit) ... ok
test_06_shape_dtype_nonfinite (tests_lm.test_v05_c179_shared_graph.C179Tests.test_06_shape_dtype_nonfinite) ... ok
test_07_bad_header_and_mask (tests_lm.test_v05_c179_shared_graph.C179Tests.test_07_bad_header_and_mask) ... ok
test_08_noncanonical_kind (tests_lm.test_v05_c179_shared_graph.C179Tests.test_08_noncanonical_kind) ... ok
test_09_leaf_links_are_zero_not_visible_bits (tests_lm.test_v05_c179_shared_graph.C179Tests.test_09_leaf_links_are_zero_not_visible_bits) ... ok
test_10_forward_pointer_rejected (tests_lm.test_v05_c179_shared_graph.C179Tests.test_10_forward_pointer_rejected) ... ok
test_11_noninteger_pointer_rejected (tests_lm.test_v05_c179_shared_graph.C179Tests.test_11_noninteger_pointer_rejected) ... ok
test_12_disconnected_tree_rejected (tests_lm.test_v05_c179_shared_graph.C179Tests.test_12_disconnected_tree_rejected) ... ok
test_13_both_arms_have_seven_cell_calls (tests_lm.test_v05_c179_shared_graph.C179Tests.test_13_both_arms_have_seven_cell_calls) ... ok
test_14_same_local_inputs_different_links (tests_lm.test_v05_c179_shared_graph.C179Tests.test_14_same_local_inputs_different_links) ... ok
test_15_child_values_match_selected_states (tests_lm.test_v05_c179_shared_graph.C179Tests.test_15_child_values_match_selected_states) ... ok
test_16_sequence_uses_previous_two (tests_lm.test_v05_c179_shared_graph.C179Tests.test_16_sequence_uses_previous_two) ... ok
test_17_gradient_through_graph (tests_lm.test_v05_c179_shared_graph.C179Tests.test_17_gradient_through_graph) ... ok
test_18_no_input_or_parameter_mutation_during_forward (tests_lm.test_v05_c179_shared_graph.C179Tests.test_18_no_input_or_parameter_mutation_during_forward) ... ok
test_19_batch_permutation (tests_lm.test_v05_c179_shared_graph.C179Tests.test_19_batch_permutation) ... ok
test_20_no_label_or_solver_forward_argument (tests_lm.test_v05_c179_shared_graph.C179Tests.test_20_no_label_or_solver_forward_argument) ... ok
test_21_toy_fit_pair_and_immutability (tests_lm.test_v05_c179_shared_graph.C179Tests.test_21_toy_fit_pair_and_immutability) ... ok
test_22_fit_rejects_bad_labels_and_workload (tests_lm.test_v05_c179_shared_graph.C179Tests.test_22_fit_rejects_bad_labels_and_workload) ... ok
test_23_predict_meter_raw_argmax (tests_lm.test_v05_c179_shared_graph.C179Tests.test_23_predict_meter_raw_argmax) ... ok
test_24_checkpoint_roundtrip_and_arm_binding (tests_lm.test_v05_c179_shared_graph.C179Tests.test_24_checkpoint_roundtrip_and_arm_binding) ... ok
test_25_gate_requires_all_seeds_and_integrity (tests_lm.test_v05_c179_shared_graph.C179Tests.test_25_gate_requires_all_seeds_and_integrity) ... ok
test_26_gate_strict_and_nondegradation (tests_lm.test_v05_c179_shared_graph.C179Tests.test_26_gate_strict_and_nondegradation) ... ok
test_27_gate_both_target_recalls_and_aggregate (tests_lm.test_v05_c179_shared_graph.C179Tests.test_27_gate_both_target_recalls_and_aggregate) ... ok
test_28_gate_nonfinite_and_serialization (tests_lm.test_v05_c179_shared_graph.C179Tests.test_28_gate_nonfinite_and_serialization) ... ok
test_29_manifest_budget_and_no_old_mlp_claim (tests_lm.test_v05_c179_shared_graph.C179Tests.test_29_manifest_budget_and_no_old_mlp_claim) ... ok
test_30_zero_weights_do_not_solve_logic (tests_lm.test_v05_c179_shared_graph.C179Tests.test_30_zero_weights_do_not_solve_logic) ... ok
test_31_checkpoint_metadata_and_tensor_hash (tests_lm.test_v05_c179_shared_graph.C179Tests.test_31_checkpoint_metadata_and_tensor_hash) ... ok
test_32_link_decoder_is_deterministic_and_immutable (tests_lm.test_v05_c179_shared_graph.C179Tests.test_32_link_decoder_is_deterministic_and_immutable) ... ok
test_01_explicit_condition (tests_lm.test_v05_c180_fact_bypass.FactBypassTests.test_01_explicit_condition) ... ok
test_02_direct_identity (tests_lm.test_v05_c180_fact_bypass.FactBypassTests.test_02_direct_identity) ... ok
test_03_only_fact_columns_masked (tests_lm.test_v05_c180_fact_bypass.FactBypassTests.test_03_only_fact_columns_masked) ... ok
test_04_root_retained (tests_lm.test_v05_c180_fact_bypass.FactBypassTests.test_04_root_retained) ... ok
test_05_header_runtime_retained (tests_lm.test_v05_c180_fact_bypass.FactBypassTests.test_05_header_runtime_retained) ... ok
test_06_no_input_mutation (tests_lm.test_v05_c180_fact_bypass.FactBypassTests.test_06_no_input_mutation) ... ok
test_07_shape_rejection (tests_lm.test_v05_c180_fact_bypass.FactBypassTests.test_07_shape_rejection) ... ok
test_08_dtype_rejection (tests_lm.test_v05_c180_fact_bypass.FactBypassTests.test_08_dtype_rejection) ... ok
test_09_nonfinite_rejection (tests_lm.test_v05_c180_fact_bypass.FactBypassTests.test_09_nonfinite_rejection) ... ok
test_10_mask_has_no_weights_and_is_metered (tests_lm.test_v05_c180_fact_bypass.FactBypassTests.test_10_mask_has_no_weights_and_is_metered) ... ok
test_11_gradient_mask (tests_lm.test_v05_c180_fact_bypass.FactBypassTests.test_11_gradient_mask) ... ok
test_12_capacity_and_dense_head (tests_lm.test_v05_c180_fact_bypass.FactBypassTests.test_12_capacity_and_dense_head) ... ok
test_13_tree_in_both_conditions (tests_lm.test_v05_c180_fact_bypass.FactBypassTests.test_13_tree_in_both_conditions) ... ok
test_14_paired_weights (tests_lm.test_v05_c180_fact_bypass.FactBypassTests.test_14_paired_weights) ... ok
test_15_same_root_and_seven_cells (tests_lm.test_v05_c180_fact_bypass.FactBypassTests.test_15_same_root_and_seven_cells) ... ok
test_16_actual_linear_receives_mask (tests_lm.test_v05_c180_fact_bypass.FactBypassTests.test_16_actual_linear_receives_mask) ... ok
test_17_leaf_information_retained (tests_lm.test_v05_c180_fact_bypass.FactBypassTests.test_17_leaf_information_retained) ... ok
test_18_original_control_numerical_parity (tests_lm.test_v05_c180_fact_bypass.FactBypassTests.test_18_original_control_numerical_parity) ... ok
test_19_two_update_toy_fit_is_paired (tests_lm.test_v05_c180_fact_bypass.FactBypassTests.test_19_two_update_toy_fit_is_paired) ... ok
test_20_predict_raw_argmax_and_weights (tests_lm.test_v05_c180_fact_bypass.FactBypassTests.test_20_predict_raw_argmax_and_weights) ... ok
test_21_checkpoint_roundtrips (tests_lm.test_v05_c180_fact_bypass.FactBypassTests.test_21_checkpoint_roundtrips) ... ok
test_22_checkpoint_metadata_rejected (tests_lm.test_v05_c180_fact_bypass.FactBypassTests.test_22_checkpoint_metadata_rejected) ... ok
test_23_gate_pass_and_group_equality (tests_lm.test_v05_c180_fact_bypass.FactBypassTests.test_23_gate_pass_and_group_equality) ... ok
test_24_each_gate_condition_and_seed_required (tests_lm.test_v05_c180_fact_bypass.FactBypassTests.test_24_each_gate_condition_and_seed_required) ... ok
test_25_gate_invalid_metrics_pairing_identity (tests_lm.test_v05_c180_fact_bypass.FactBypassTests.test_25_gate_invalid_metrics_pairing_identity) ... ok
test_26_condition_and_tree_drift_rejected (tests_lm.test_v05_c180_fact_bypass.FactBypassTests.test_26_condition_and_tree_drift_rejected) ... ok
test_27_zero_weights_do_not_solve (tests_lm.test_v05_c180_fact_bypass.FactBypassTests.test_27_zero_weights_do_not_solve) ... ok
test_28_manifest_and_regression_count (tests_lm.test_v05_c180_fact_bypass.FactBypassTests.test_28_manifest_and_regression_count) ... ok
test_01_known_zero_short_circuit (tests_lm.test_v05_c181_internal_semantics.InternalSemanticsTests.test_01_known_zero_short_circuit) ... ok
test_02_known_one (tests_lm.test_v05_c181_internal_semantics.InternalSemanticsTests.test_02_known_one) ... ok
test_03_unknown_stays_unknown (tests_lm.test_v05_c181_internal_semantics.InternalSemanticsTests.test_03_unknown_stays_unknown) ... ok
test_04_negation_affects_teacher_not_raw (tests_lm.test_v05_c181_internal_semantics.InternalSemanticsTests.test_04_negation_affects_teacher_not_raw) ... ok
test_05_root_not_supervised (tests_lm.test_v05_c181_internal_semantics.InternalSemanticsTests.test_05_root_not_supervised) ... ok
test_06_repeated_variables_rejected (tests_lm.test_v05_c181_internal_semantics.InternalSemanticsTests.test_06_repeated_variables_rejected) ... ok
test_07_hidden_payload_and_status_rejected (tests_lm.test_v05_c181_internal_semantics.InternalSemanticsTests.test_07_hidden_payload_and_status_rejected) ... ok
test_08_teacher_shapes_and_types (tests_lm.test_v05_c181_internal_semantics.InternalSemanticsTests.test_08_teacher_shapes_and_types) ... ok
test_09_independent_completion_enumeration (tests_lm.test_v05_c181_internal_semantics.InternalSemanticsTests.test_09_independent_completion_enumeration) ... ok
test_10_teacher_no_label_interface (tests_lm.test_v05_c181_internal_semantics.InternalSemanticsTests.test_10_teacher_no_label_interface) ... ok
test_11_row_permutation (tests_lm.test_v05_c181_internal_semantics.InternalSemanticsTests.test_11_row_permutation) ... ok
test_12_neural_teacher_node_alignment (tests_lm.test_v05_c181_internal_semantics.InternalSemanticsTests.test_12_neural_teacher_node_alignment) ... ok
test_13_parameter_counts (tests_lm.test_v05_c181_internal_semantics.InternalSemanticsTests.test_13_parameter_counts) ... ok
test_14_paired_initial (tests_lm.test_v05_c181_internal_semantics.InternalSemanticsTests.test_14_paired_initial) ... ok
test_15_main_forward_unchanged (tests_lm.test_v05_c181_internal_semantics.InternalSemanticsTests.test_15_main_forward_unchanged) ... ok
test_16_aux_reads_actual_proper_states (tests_lm.test_v05_c181_internal_semantics.InternalSemanticsTests.test_16_aux_reads_actual_proper_states) ... ok
test_17_aux_signal_reaches_shared_cell (tests_lm.test_v05_c181_internal_semantics.InternalSemanticsTests.test_17_aux_signal_reaches_shared_cell) ... ok
test_18_zero_coefficient_gives_zero_aux_gradient (tests_lm.test_v05_c181_internal_semantics.InternalSemanticsTests.test_18_zero_coefficient_gives_zero_aux_gradient) ... ok
test_19_unit_coefficient_trains_aux (tests_lm.test_v05_c181_internal_semantics.InternalSemanticsTests.test_19_unit_coefficient_trains_aux) ... ok
test_20_loss_is_mean_not_node_sum (tests_lm.test_v05_c181_internal_semantics.InternalSemanticsTests.test_20_loss_is_mean_not_node_sum) ... ok
test_21_fit_preserves_inputs (tests_lm.test_v05_c181_internal_semantics.InternalSemanticsTests.test_21_fit_preserves_inputs) ... ok
test_22_two_update_determinism (tests_lm.test_v05_c181_internal_semantics.InternalSemanticsTests.test_22_two_update_determinism) ... ok
test_23_paired_schedules_and_meters (tests_lm.test_v05_c181_internal_semantics.InternalSemanticsTests.test_23_paired_schedules_and_meters) ... ok
test_24_zero_aux_matches_original_fit (tests_lm.test_v05_c181_internal_semantics.InternalSemanticsTests.test_24_zero_aux_matches_original_fit) ... ok
test_25_inference_never_calls_teacher_or_head (tests_lm.test_v05_c181_internal_semantics.InternalSemanticsTests.test_25_inference_never_calls_teacher_or_head) ... ok
test_26_checkpoint_roundtrip (tests_lm.test_v05_c181_internal_semantics.InternalSemanticsTests.test_26_checkpoint_roundtrip) ... ok
test_27_checkpoint_contract_tamper (tests_lm.test_v05_c181_internal_semantics.InternalSemanticsTests.test_27_checkpoint_contract_tamper) ... ok
test_28_checkpoint_weights_tamper (tests_lm.test_v05_c181_internal_semantics.InternalSemanticsTests.test_28_checkpoint_weights_tamper) ... ok
test_29_raw_argmax_not_repaired (tests_lm.test_v05_c181_internal_semantics.InternalSemanticsTests.test_29_raw_argmax_not_repaired) ... ok
test_30_invalid_loss_targets_and_nonfinite (tests_lm.test_v05_c181_internal_semantics.InternalSemanticsTests.test_30_invalid_loss_targets_and_nonfinite) ... ok
test_31_gate_all_seeds_and_pair_integrity (tests_lm.test_v05_c181_internal_semantics.InternalSemanticsTests.test_31_gate_all_seeds_and_pair_integrity) ... ok
test_32_gate_strict_primary_and_minority_gains (tests_lm.test_v05_c181_internal_semantics.InternalSemanticsTests.test_32_gate_strict_primary_and_minority_gains) ... ok
test_33_gate_group_equality_and_recalls (tests_lm.test_v05_c181_internal_semantics.InternalSemanticsTests.test_33_gate_group_equality_and_recalls) ... ok
test_34_additive_regression_list (tests_lm.test_v05_c181_internal_semantics.InternalSemanticsTests.test_34_additive_regression_list) ... ok
test_35_frozen_manifest (tests_lm.test_v05_c181_internal_semantics.InternalSemanticsTests.test_35_frozen_manifest) ... ok
test_36_hook_cleanup_after_exception (tests_lm.test_v05_c181_internal_semantics.InternalSemanticsTests.test_36_hook_cleanup_after_exception) ... ok
test_01_permutation_set (tests_lm.test_v05_c182_frozen_fact_renaming.FrozenRenamingTests.test_01_permutation_set) ... ok
test_02_bad_permutations (tests_lm.test_v05_c182_frozen_fact_renaming.FrozenRenamingTests.test_02_bad_permutations) ... ok
test_03_identity_copy (tests_lm.test_v05_c182_frozen_fact_renaming.FrozenRenamingTests.test_03_identity_copy) ... ok
test_04_whole_fact_records (tests_lm.test_v05_c182_frozen_fact_renaming.FrozenRenamingTests.test_04_whole_fact_records) ... ok
test_05_references_follow_mapping (tests_lm.test_v05_c182_frozen_fact_renaming.FrozenRenamingTests.test_05_references_follow_mapping) ... ok
test_06_inverse (tests_lm.test_v05_c182_frozen_fact_renaming.FrozenRenamingTests.test_06_inverse) ... ok
test_07_composition (tests_lm.test_v05_c182_frozen_fact_renaming.FrozenRenamingTests.test_07_composition) ... ok
test_08_other_fields_preserved (tests_lm.test_v05_c182_frozen_fact_renaming.FrozenRenamingTests.test_08_other_fields_preserved) ... ok
test_09_no_mutation (tests_lm.test_v05_c182_frozen_fact_renaming.FrozenRenamingTests.test_09_no_mutation) ... ok
test_10_bound_leaf_information_preserved (tests_lm.test_v05_c182_frozen_fact_renaming.FrozenRenamingTests.test_10_bound_leaf_information_preserved) ... ok
test_11_independent_semantics_enumeration (tests_lm.test_v05_c182_frozen_fact_renaming.FrozenRenamingTests.test_11_independent_semantics_enumeration) ... ok
test_12_hidden_payload_rejected (tests_lm.test_v05_c182_frozen_fact_renaming.FrozenRenamingTests.test_12_hidden_payload_rejected) ... ok
test_13_invalid_raw (tests_lm.test_v05_c182_frozen_fact_renaming.FrozenRenamingTests.test_13_invalid_raw) ... ok
test_14_new_leaf_orders_unique (tests_lm.test_v05_c182_frozen_fact_renaming.FrozenRenamingTests.test_14_new_leaf_orders_unique) ... ok
test_15_batch_equivariance (tests_lm.test_v05_c182_frozen_fact_renaming.FrozenRenamingTests.test_15_batch_equivariance) ... ok
test_16_no_labels_in_transform_or_inference (tests_lm.test_v05_c182_frozen_fact_renaming.FrozenRenamingTests.test_16_no_labels_in_transform_or_inference) ... ok
test_17_bare_restore_capacity (tests_lm.test_v05_c182_frozen_fact_renaming.FrozenRenamingTests.test_17_bare_restore_capacity) ... ok
test_18_full_fingerprint_covers_auxiliary (tests_lm.test_v05_c182_frozen_fact_renaming.FrozenRenamingTests.test_18_full_fingerprint_covers_auxiliary) ... ok
test_19_contract_tamper (tests_lm.test_v05_c182_frozen_fact_renaming.FrozenRenamingTests.test_19_contract_tamper) ... ok
test_20_tensor_schema_and_nonfinite (tests_lm.test_v05_c182_frozen_fact_renaming.FrozenRenamingTests.test_20_tensor_schema_and_nonfinite) ... ok
test_21_bare_numerical_parity (tests_lm.test_v05_c182_frozen_fact_renaming.FrozenRenamingTests.test_21_bare_numerical_parity) ... ok
test_22_rng_preserved (tests_lm.test_v05_c182_frozen_fact_renaming.FrozenRenamingTests.test_22_rng_preserved) ... ok
test_23_frozen_weights_and_meters (tests_lm.test_v05_c182_frozen_fact_renaming.FrozenRenamingTests.test_23_frozen_weights_and_meters) ... ok
test_24_file_restore_weights_only (tests_lm.test_v05_c182_frozen_fact_renaming.FrozenRenamingTests.test_24_file_restore_weights_only) ... ok
test_25_replay_exact (tests_lm.test_v05_c182_frozen_fact_renaming.FrozenRenamingTests.test_25_replay_exact) ... ok
test_26_replay_fixed_tolerance (tests_lm.test_v05_c182_frozen_fact_renaming.FrozenRenamingTests.test_26_replay_fixed_tolerance) ... ok
test_27_repaired_or_nonfinite_predictions_rejected (tests_lm.test_v05_c182_frozen_fact_renaming.FrozenRenamingTests.test_27_repaired_or_nonfinite_predictions_rejected) ... ok
test_28_gate_coverage (tests_lm.test_v05_c182_frozen_fact_renaming.FrozenRenamingTests.test_28_gate_coverage) ... ok
test_29_every_candidate_and_permutation_required (tests_lm.test_v05_c182_frozen_fact_renaming.FrozenRenamingTests.test_29_every_candidate_and_permutation_required) ... ok
test_30_controls_not_required_perfect (tests_lm.test_v05_c182_frozen_fact_renaming.FrozenRenamingTests.test_30_controls_not_required_perfect) ... ok
test_31_frozen_manifest (tests_lm.test_v05_c182_frozen_fact_renaming.FrozenRenamingTests.test_31_frozen_manifest) ... ok
test_32_additive_regression_list (tests_lm.test_v05_c182_frozen_fact_renaming.FrozenRenamingTests.test_32_additive_regression_list) ... ok
test_01_only_root_patched (tests_lm.test_v05_c183_frozen_path_attribution.FrozenPathTests.test_01_only_root_patched) ... ok
test_02_only_facts_patched (tests_lm.test_v05_c183_frozen_path_attribution.FrozenPathTests.test_02_only_facts_patched) ... ok
test_03_original_not_mutated (tests_lm.test_v05_c183_frozen_path_attribution.FrozenPathTests.test_03_original_not_mutated) ... ok
test_04_identity (tests_lm.test_v05_c183_frozen_path_attribution.FrozenPathTests.test_04_identity) ... ok
test_05_header_change_rejected (tests_lm.test_v05_c183_frozen_path_attribution.FrozenPathTests.test_05_header_change_rejected) ... ok
test_06_runtime_change_rejected (tests_lm.test_v05_c183_frozen_path_attribution.FrozenPathTests.test_06_runtime_change_rejected) ... ok
test_07_shape (tests_lm.test_v05_c183_frozen_path_attribution.FrozenPathTests.test_07_shape) ... ok
test_08_dtype (tests_lm.test_v05_c183_frozen_path_attribution.FrozenPathTests.test_08_dtype) ... ok
test_09_nonfinite (tests_lm.test_v05_c183_frozen_path_attribution.FrozenPathTests.test_09_nonfinite) ... ok
test_10_empty (tests_lm.test_v05_c183_frozen_path_attribution.FrozenPathTests.test_10_empty) ... ok
test_11_capture_numerical_parity (tests_lm.test_v05_c183_frozen_path_attribution.FrozenPathTests.test_11_capture_numerical_parity) ... ok
test_12_hook_cleanup (tests_lm.test_v05_c183_frozen_path_attribution.FrozenPathTests.test_12_hook_cleanup) ... ok
test_13_hook_cleanup_on_exception (tests_lm.test_v05_c183_frozen_path_attribution.FrozenPathTests.test_13_hook_cleanup_on_exception) ... ok
test_14_existing_hook_rejected (tests_lm.test_v05_c183_frozen_path_attribution.FrozenPathTests.test_14_existing_hook_rejected) ... ok
test_15_capture_multiple_batches (tests_lm.test_v05_c183_frozen_path_attribution.FrozenPathTests.test_15_capture_multiple_batches) ... ok
test_16_head_raw_argmax (tests_lm.test_v05_c183_frozen_path_attribution.FrozenPathTests.test_16_head_raw_argmax) ... ok
test_17_head_preserves_weights (tests_lm.test_v05_c183_frozen_path_attribution.FrozenPathTests.test_17_head_preserves_weights) ... ok
test_18_linear_decomposition (tests_lm.test_v05_c183_frozen_path_attribution.FrozenPathTests.test_18_linear_decomposition) ... ok
test_19_tree_only_case (tests_lm.test_v05_c183_frozen_path_attribution.FrozenPathTests.test_19_tree_only_case) ... ok
test_20_direct_only_case (tests_lm.test_v05_c183_frozen_path_attribution.FrozenPathTests.test_20_direct_only_case) ... ok
test_21_joint_case (tests_lm.test_v05_c183_frozen_path_attribution.FrozenPathTests.test_21_joint_case) ... ok
test_22_either_case (tests_lm.test_v05_c183_frozen_path_attribution.FrozenPathTests.test_22_either_case) ... ok
test_23_not_source_failure (tests_lm.test_v05_c183_frozen_path_attribution.FrozenPathTests.test_23_not_source_failure) ... ok
test_24_bool_rejected (tests_lm.test_v05_c183_frozen_path_attribution.FrozenPathTests.test_24_bool_rejected) ... ok
test_25_gate_unique_not_joint (tests_lm.test_v05_c183_frozen_path_attribution.FrozenPathTests.test_25_gate_unique_not_joint) ... ok
test_26_gate_coverage_and_identity (tests_lm.test_v05_c183_frozen_path_attribution.FrozenPathTests.test_26_gate_coverage_and_identity) ... ok
test_27_gate_recomputes_classification (tests_lm.test_v05_c183_frozen_path_attribution.FrozenPathTests.test_27_gate_recomputes_classification) ... ok
test_28_syntax_render_no_evaluation (tests_lm.test_v05_c183_frozen_path_attribution.FrozenPathTests.test_28_syntax_render_no_evaluation) ... ok
test_29_renderer_hidden_value_rejected (tests_lm.test_v05_c183_frozen_path_attribution.FrozenPathTests.test_29_renderer_hidden_value_rejected) ... ok
test_30_no_labels_in_intervention (tests_lm.test_v05_c183_frozen_path_attribution.FrozenPathTests.test_30_no_labels_in_intervention) ... ok
test_31_manifest_fixed (tests_lm.test_v05_c183_frozen_path_attribution.FrozenPathTests.test_31_manifest_fixed) ... ok
test_32_nonfinite_json_rejected (tests_lm.test_v05_c183_frozen_path_attribution.FrozenPathTests.test_32_nonfinite_json_rejected) ... ok
test_01_identity (tests_lm.test_v05_c184_canonical_fact_indices.C184Tests.test_01_identity) ... ok
test_02_first_occurrence_not_numeric_sort (tests_lm.test_v05_c184_canonical_fact_indices.C184Tests.test_02_first_occurrence_not_numeric_sort) ... ok
test_03_roundtrip_all_permutations (tests_lm.test_v05_c184_canonical_fact_indices.C184Tests.test_03_roundtrip_all_permutations) ... ok
test_04_idempotence (tests_lm.test_v05_c184_canonical_fact_indices.C184Tests.test_04_idempotence) ... ok
test_05_complete_numeric_records_move (tests_lm.test_v05_c184_canonical_fact_indices.C184Tests.test_05_complete_numeric_records_move) ... ok
test_06_zero_and_unknown_remain_distinct (tests_lm.test_v05_c184_canonical_fact_indices.C184Tests.test_06_zero_and_unknown_remain_distinct) ... ok
test_07_negation_is_not_evaluated (tests_lm.test_v05_c184_canonical_fact_indices.C184Tests.test_07_negation_is_not_evaluated) ... ok
test_08_operators_are_not_simplified (tests_lm.test_v05_c184_canonical_fact_indices.C184Tests.test_08_operators_are_not_simplified) ... ok
test_09_topology_retained (tests_lm.test_v05_c184_canonical_fact_indices.C184Tests.test_09_topology_retained) ... ok
test_10_context_transport (tests_lm.test_v05_c184_canonical_fact_indices.C184Tests.test_10_context_transport) ... ok
test_11_no_input_or_mapping_mutation (tests_lm.test_v05_c184_canonical_fact_indices.C184Tests.test_11_no_input_or_mapping_mutation) ... ok
test_12_no_label_or_checkpoint_interface (tests_lm.test_v05_c184_canonical_fact_indices.C184Tests.test_12_no_label_or_checkpoint_interface) ... ok
test_13_width_dtype_and_cpu (tests_lm.test_v05_c184_canonical_fact_indices.C184Tests.test_13_width_dtype_and_cpu) ... ok
test_14_empty (tests_lm.test_v05_c184_canonical_fact_indices.C184Tests.test_14_empty) ... ok
test_15_negative_field (tests_lm.test_v05_c184_canonical_fact_indices.C184Tests.test_15_negative_field) ... ok
test_16_integer_precision_range (tests_lm.test_v05_c184_canonical_fact_indices.C184Tests.test_16_integer_precision_range) ... ok
test_17_unknown_reference (tests_lm.test_v05_c184_canonical_fact_indices.C184Tests.test_17_unknown_reference) ... ok
test_18_repeated_reference_out_of_scope (tests_lm.test_v05_c184_canonical_fact_indices.C184Tests.test_18_repeated_reference_out_of_scope) ... ok
test_19_forward_child (tests_lm.test_v05_c184_canonical_fact_indices.C184Tests.test_19_forward_child) ... ok
test_20_disconnected_tree (tests_lm.test_v05_c184_canonical_fact_indices.C184Tests.test_20_disconnected_tree) ... ok
test_21_hidden_payload_rejected (tests_lm.test_v05_c184_canonical_fact_indices.C184Tests.test_21_hidden_payload_rejected) ... ok
test_22_unsupported_fact_status_rejected (tests_lm.test_v05_c184_canonical_fact_indices.C184Tests.test_22_unsupported_fact_status_rejected) ... ok
test_23_noncanonical_leaf_children (tests_lm.test_v05_c184_canonical_fact_indices.C184Tests.test_23_noncanonical_leaf_children) ... ok
test_24_inverse_requires_bijection (tests_lm.test_v05_c184_canonical_fact_indices.C184Tests.test_24_inverse_requires_bijection) ... ok
test_25_inverse_requires_canonical_order (tests_lm.test_v05_c184_canonical_fact_indices.C184Tests.test_25_inverse_requires_canonical_order) ... ok
test_26_batched_maps_keep_distinct_rows (tests_lm.test_v05_c184_canonical_fact_indices.C184Tests.test_26_batched_maps_keep_distinct_rows) ... ok
test_27_finite_contract_mismatch_measured (tests_lm.test_v05_c184_canonical_fact_indices.C184Tests.test_27_finite_contract_mismatch_measured) ... ok
test_28_single_candidate_error_fails (tests_lm.test_v05_c184_canonical_fact_indices.C184Tests.test_28_single_candidate_error_fails) ... ok
test_29_control_errors_allowed_but_not_changed_decisions (tests_lm.test_v05_c184_canonical_fact_indices.C184Tests.test_29_control_errors_allowed_but_not_changed_decisions) ... ok
test_30_coverage_nonfinite_and_tolerance (tests_lm.test_v05_c184_canonical_fact_indices.C184Tests.test_30_coverage_nonfinite_and_tolerance) ... ok
test_31_manifest_and_output_contract (tests_lm.test_v05_c184_canonical_fact_indices.C184Tests.test_31_manifest_and_output_contract) ... ok
test_32_independent_completions_for_all_9720_renamings (tests_lm.test_v05_c184_canonical_fact_indices.C184Tests.test_32_independent_completions_for_all_9720_renamings) ... ok
test_01_binding_all_permutations (tests_lm.test_v05_c185_single_missing_acquisition.C185Tests.test_01_binding_all_permutations) ... ok
test_02_binding_preserves_ids_and_references (tests_lm.test_v05_c185_single_missing_acquisition.C185Tests.test_02_binding_preserves_ids_and_references) ... ok
test_03_binding_keeps_resources (tests_lm.test_v05_c185_single_missing_acquisition.C185Tests.test_03_binding_keeps_resources) ... ok
test_04_known_zero_is_not_unknown (tests_lm.test_v05_c185_single_missing_acquisition.C185Tests.test_04_known_zero_is_not_unknown) ... ok
test_05_source_view_is_immutable (tests_lm.test_v05_c185_single_missing_acquisition.C185Tests.test_05_source_view_is_immutable) ... ok
test_06_repeated_fact_is_rejected (tests_lm.test_v05_c185_single_missing_acquisition.C185Tests.test_06_repeated_fact_is_rejected) ... ok
test_07_unusable_status_is_rejected (tests_lm.test_v05_c185_single_missing_acquisition.C185Tests.test_07_unusable_status_is_rejected) ... ok
test_08_target_maps_to_external_identity (tests_lm.test_v05_c185_single_missing_acquisition.C185Tests.test_08_target_maps_to_external_identity) ... ok
test_09_stale_binding_rejected (tests_lm.test_v05_c185_single_missing_acquisition.C185Tests.test_09_stale_binding_rejected) ... ok
test_10_forged_mapping_rejected (tests_lm.test_v05_c185_single_missing_acquisition.C185Tests.test_10_forged_mapping_rejected) ... ok
test_11_multiple_unknown_targets_rejected (tests_lm.test_v05_c185_single_missing_acquisition.C185Tests.test_11_multiple_unknown_targets_rejected) ... ok
test_12_zero_budget_does_not_call_policy (tests_lm.test_v05_c185_single_missing_acquisition.C185Tests.test_12_zero_budget_does_not_call_policy) ... ok
test_13_charge_only_changes_accounting (tests_lm.test_v05_c185_single_missing_acquisition.C185Tests.test_13_charge_only_changes_accounting) ... ok
test_14_sufficient_never_calls_provider (tests_lm.test_v05_c185_single_missing_acquisition.C185Tests.test_14_sufficient_never_calls_provider) ... ok
test_15_acquisition_zero_is_observed (tests_lm.test_v05_c185_single_missing_acquisition.C185Tests.test_15_acquisition_zero_is_observed) ... ok
test_16_acquisition_one_is_observed (tests_lm.test_v05_c185_single_missing_acquisition.C185Tests.test_16_acquisition_one_is_observed) ... ok
test_17_real_renamed_target_and_receipt (tests_lm.test_v05_c185_single_missing_acquisition.C185Tests.test_17_real_renamed_target_and_receipt) ... ok
test_18_first_and_post_inputs_use_live_counters (tests_lm.test_v05_c185_single_missing_acquisition.C185Tests.test_18_first_and_post_inputs_use_live_counters) ... ok
test_19_permission_denial_remains_model_need (tests_lm.test_v05_c185_single_missing_acquisition.C185Tests.test_19_permission_denial_remains_model_need) ... ok
test_20_provider_unavailable_no_io (tests_lm.test_v05_c185_single_missing_acquisition.C185Tests.test_20_provider_unavailable_no_io) ... ok
test_21_acquisition_budget_zero_no_io (tests_lm.test_v05_c185_single_missing_acquisition.C185Tests.test_21_acquisition_budget_zero_no_io) ... ok
test_22_wrong_delivery_identity_not_published (tests_lm.test_v05_c185_single_missing_acquisition.C185Tests.test_22_wrong_delivery_identity_not_published) ... ok
test_23_provider_failure_no_retry (tests_lm.test_v05_c185_single_missing_acquisition.C185Tests.test_23_provider_failure_no_retry) ... ok
test_24_remaining_need_never_requests_twice (tests_lm.test_v05_c185_single_missing_acquisition.C185Tests.test_24_remaining_need_never_requests_twice) ... ok
test_25_no_proof_answer_or_auxiliary_rescue (tests_lm.test_v05_c185_single_missing_acquisition.C185Tests.test_25_no_proof_answer_or_auxiliary_rescue) ... ok
test_26_hidden_completion_not_in_initial_policy_input (tests_lm.test_v05_c185_single_missing_acquisition.C185Tests.test_26_hidden_completion_not_in_initial_policy_input) ... ok
test_27_wrong_sufficient_is_scored_not_corrected (tests_lm.test_v05_c185_single_missing_acquisition.C185Tests.test_27_wrong_sufficient_is_scored_not_corrected) ... ok
test_28_wrong_need_is_counted_as_unnecessary (tests_lm.test_v05_c185_single_missing_acquisition.C185Tests.test_28_wrong_need_is_counted_as_unnecessary) ... ok
test_29_nonfinite_logits_rejected (tests_lm.test_v05_c185_single_missing_acquisition.C185Tests.test_29_nonfinite_logits_rejected) ... ok
test_30_repaired_prediction_rejected (tests_lm.test_v05_c185_single_missing_acquisition.C185Tests.test_30_repaired_prediction_rejected) ... ok
test_31_batch_states_are_independent (tests_lm.test_v05_c185_single_missing_acquisition.C185Tests.test_31_batch_states_are_independent) ... ok
test_32_fixed_gate_perfect_candidates_not_controls (tests_lm.test_v05_c185_single_missing_acquisition.C185Tests.test_32_fixed_gate_perfect_candidates_not_controls) ... ok
test_33_single_candidate_error_fails (tests_lm.test_v05_c185_single_missing_acquisition.C185Tests.test_33_single_candidate_error_fails) ... ok
test_34_incomplete_or_broken_control_fails (tests_lm.test_v05_c185_single_missing_acquisition.C185Tests.test_34_incomplete_or_broken_control_fails) ... ok
test_35_manifest_and_label_free_interfaces (tests_lm.test_v05_c185_single_missing_acquisition.C185Tests.test_35_manifest_and_label_free_interfaces) ... ok
test_36_rule_controls_and_cost (tests_lm.test_v05_c185_single_missing_acquisition.C185Tests.test_36_rule_controls_and_cost) ... ok
test_01_registered_specs (tests_lm.test_v05_c186_nonadmission_reclassification.C186Tests.test_01_registered_specs) ... ok
test_02_unknown_scenario_rejected (tests_lm.test_v05_c186_nonadmission_reclassification.C186Tests.test_02_unknown_scenario_rejected) ... ok
test_03_found_preserves_delivery (tests_lm.test_v05_c186_nonadmission_reclassification.C186Tests.test_03_found_preserves_delivery) ... ok
test_04_no_delivery_after_fetch (tests_lm.test_v05_c186_nonadmission_reclassification.C186Tests.test_04_no_delivery_after_fetch) ... ok
test_05_zero_flipped (tests_lm.test_v05_c186_nonadmission_reclassification.C186Tests.test_05_zero_flipped) ... ok
test_06_one_flipped (tests_lm.test_v05_c186_nonadmission_reclassification.C186Tests.test_06_one_flipped) ... ok
test_07_corrupt_only_value_not_witness (tests_lm.test_v05_c186_nonadmission_reclassification.C186Tests.test_07_corrupt_only_value_not_witness) ... ok
test_08_provider_failure_after_fetch (tests_lm.test_v05_c186_nonadmission_reclassification.C186Tests.test_08_provider_failure_after_fetch) ... ok
test_09_original_delivery_not_mutated (tests_lm.test_v05_c186_nonadmission_reclassification.C186Tests.test_09_original_delivery_not_mutated) ... ok
test_10_unexpected_fetch_error_propagates (tests_lm.test_v05_c186_nonadmission_reclassification.C186Tests.test_10_unexpected_fetch_error_propagates) ... ok
test_11_invalid_pre_corruption_bit (tests_lm.test_v05_c186_nonadmission_reclassification.C186Tests.test_11_invalid_pre_corruption_bit) ... ok
test_12_zero_is_admitted (tests_lm.test_v05_c186_nonadmission_reclassification.C186Tests.test_12_zero_is_admitted) ... ok
test_13_one_is_admitted (tests_lm.test_v05_c186_nonadmission_reclassification.C186Tests.test_13_one_is_admitted) ... ok
test_14_no_delivery_still_needed (tests_lm.test_v05_c186_nonadmission_reclassification.C186Tests.test_14_no_delivery_still_needed) ... ok
test_15_corrupt_value_still_needed (tests_lm.test_v05_c186_nonadmission_reclassification.C186Tests.test_15_corrupt_value_still_needed) ... ok
test_16_failure_still_needed (tests_lm.test_v05_c186_nonadmission_reclassification.C186Tests.test_16_failure_still_needed) ... ok
test_17_false_sufficiency_retained (tests_lm.test_v05_c186_nonadmission_reclassification.C186Tests.test_17_false_sufficiency_retained) ... ok
test_18_unnecessary_attempt_not_redeemed (tests_lm.test_v05_c186_nonadmission_reclassification.C186Tests.test_18_unnecessary_attempt_not_redeemed) ... ok
test_19_never_query_misses (tests_lm.test_v05_c186_nonadmission_reclassification.C186Tests.test_19_never_query_misses) ... ok
test_20_no_query_preserves_unknown (tests_lm.test_v05_c186_nonadmission_reclassification.C186Tests.test_20_no_query_preserves_unknown) ... ok
test_21_fault_cannot_publish_zero (tests_lm.test_v05_c186_nonadmission_reclassification.C186Tests.test_21_fault_cannot_publish_zero) ... ok
test_22_live_budget_reset_rejected (tests_lm.test_v05_c186_nonadmission_reclassification.C186Tests.test_22_live_budget_reset_rejected) ... ok
test_23_pending_work_rejected (tests_lm.test_v05_c186_nonadmission_reclassification.C186Tests.test_23_pending_work_rejected) ... ok
test_24_classification_not_answer (tests_lm.test_v05_c186_nonadmission_reclassification.C186Tests.test_24_classification_not_answer) ... ok
test_25_wrong_external_target_rejected (tests_lm.test_v05_c186_nonadmission_reclassification.C186Tests.test_25_wrong_external_target_rejected) ... ok
test_26_fault_outcome_not_reset (tests_lm.test_v05_c186_nonadmission_reclassification.C186Tests.test_26_fault_outcome_not_reset) ... ok
test_27_perfect_candidates_allow_control_errors (tests_lm.test_v05_c186_nonadmission_reclassification.C186Tests.test_27_perfect_candidates_allow_control_errors) ... ok
test_28_one_candidate_error_fails (tests_lm.test_v05_c186_nonadmission_reclassification.C186Tests.test_28_one_candidate_error_fails) ... ok
test_29_order_and_coverage_strict (tests_lm.test_v05_c186_nonadmission_reclassification.C186Tests.test_29_order_and_coverage_strict) ... ok
test_30_broken_control_fails (tests_lm.test_v05_c186_nonadmission_reclassification.C186Tests.test_30_broken_control_fails) ... ok
test_31_replay_is_unmodified_and_finite (tests_lm.test_v05_c186_nonadmission_reclassification.C186Tests.test_31_replay_is_unmodified_and_finite) ... ok
test_32_frozen_manifest (tests_lm.test_v05_c186_nonadmission_reclassification.C186Tests.test_32_frozen_manifest) ... ok
test_01_registered_payload_and_bounds (tests_lm.test_v05_c186_npz_input_recovery.C186NpzInputRecoveryTests.test_01_registered_payload_and_bounds) ... ok
test_02_full_registered_shapes_load_above_old_bound (tests_lm.test_v05_c186_npz_input_recovery.C186NpzInputRecoveryTests.test_02_full_registered_shapes_load_above_old_bound) ... ok
test_03_preflight_never_materializes (tests_lm.test_v05_c186_npz_input_recovery.C186NpzInputRecoveryTests.test_03_preflight_never_materializes) ... ok
test_04_unaccepted_compressed_size_rejected (tests_lm.test_v05_c186_npz_input_recovery.C186NpzInputRecoveryTests.test_04_unaccepted_compressed_size_rejected) ... ok
test_05_same_size_wrong_hash_rejected (tests_lm.test_v05_c186_npz_input_recovery.C186NpzInputRecoveryTests.test_05_same_size_wrong_hash_rejected) ... ok
test_06_header_allows_v1_and_v2 (tests_lm.test_v05_c186_npz_input_recovery.C186NpzInputRecoveryTests.test_06_header_allows_v1_and_v2) ... ok
test_07_bad_magic_rejected (tests_lm.test_v05_c186_npz_input_recovery.C186NpzInputRecoveryTests.test_07_bad_magic_rejected) ... ok
test_08_unregistered_version_rejected (tests_lm.test_v05_c186_npz_input_recovery.C186NpzInputRecoveryTests.test_08_unregistered_version_rejected) ... ok
test_09_header_length_bounded_before_read (tests_lm.test_v05_c186_npz_input_recovery.C186NpzInputRecoveryTests.test_09_header_length_bounded_before_read) ... ok
test_10_truncated_header_rejected (tests_lm.test_v05_c186_npz_input_recovery.C186NpzInputRecoveryTests.test_10_truncated_header_rejected) ... ok
test_11_object_dtype_rejected (tests_lm.test_v05_c186_npz_input_recovery.C186NpzInputRecoveryTests.test_11_object_dtype_rejected) ... ok
test_12_wrong_numeric_dtype_rejected (tests_lm.test_v05_c186_npz_input_recovery.C186NpzInputRecoveryTests.test_12_wrong_numeric_dtype_rejected) ... ok
test_13_huge_shape_rejected_before_allocation (tests_lm.test_v05_c186_npz_input_recovery.C186NpzInputRecoveryTests.test_13_huge_shape_rejected_before_allocation) ... ok
test_14_boolean_dimension_rejected (tests_lm.test_v05_c186_npz_input_recovery.C186NpzInputRecoveryTests.test_14_boolean_dimension_rejected) ... ok
test_15_fortran_order_rejected (tests_lm.test_v05_c186_npz_input_recovery.C186NpzInputRecoveryTests.test_15_fortran_order_rejected) ... ok
test_16_extra_header_field_rejected (tests_lm.test_v05_c186_npz_input_recovery.C186NpzInputRecoveryTests.test_16_extra_header_field_rejected) ... ok
test_17_payload_length_mismatch_rejected (tests_lm.test_v05_c186_npz_input_recovery.C186NpzInputRecoveryTests.test_17_payload_length_mismatch_rejected) ... ok
test_18_missing_or_extra_member_rejected (tests_lm.test_v05_c186_npz_input_recovery.C186NpzInputRecoveryTests.test_18_missing_or_extra_member_rejected) ... ok
test_19_duplicate_member_rejected (tests_lm.test_v05_c186_npz_input_recovery.C186NpzInputRecoveryTests.test_19_duplicate_member_rejected) ... ok
test_20_total_expanded_bound_enforced (tests_lm.test_v05_c186_npz_input_recovery.C186NpzInputRecoveryTests.test_20_total_expanded_bound_enforced) ... ok
test_21_per_member_bound_enforced (tests_lm.test_v05_c186_npz_input_recovery.C186NpzInputRecoveryTests.test_21_per_member_bound_enforced) ... ok
test_22_encrypted_member_rejected (tests_lm.test_v05_c186_npz_input_recovery.C186NpzInputRecoveryTests.test_22_encrypted_member_rejected) ... ok
test_23_allow_pickle_false_and_no_override_interface (tests_lm.test_v05_c186_npz_input_recovery.C186NpzInputRecoveryTests.test_23_allow_pickle_false_and_no_override_interface) ... ok
test_24_same_c186_manifest_and_explicit_loader_dispatch (tests_lm.test_v05_c186_npz_input_recovery.C186NpzInputRecoveryTests.test_24_same_c186_manifest_and_explicit_loader_dispatch) ... ok
test_01_fixed_scenarios (tests_lm.test_v05_c187_restricted_acquisition.C187Tests.test_01_fixed_scenarios) ... ok
test_02_unknown_scenario_rejected (tests_lm.test_v05_c187_restricted_acquisition.C187Tests.test_02_unknown_scenario_rejected) ... ok
test_03_allowed_view_unchanged (tests_lm.test_v05_c187_restricted_acquisition.C187Tests.test_03_allowed_view_unchanged) ... ok
test_04_permission_only (tests_lm.test_v05_c187_restricted_acquisition.C187Tests.test_04_permission_only) ... ok
test_05_availability_only (tests_lm.test_v05_c187_restricted_acquisition.C187Tests.test_05_availability_only) ... ok
test_06_budget_only (tests_lm.test_v05_c187_restricted_acquisition.C187Tests.test_06_budget_only) ... ok
test_07_no_context_reset_or_input_mutation (tests_lm.test_v05_c187_restricted_acquisition.C187Tests.test_07_no_context_reset_or_input_mutation) ... ok
test_08_exact_live_resources (tests_lm.test_v05_c187_restricted_acquisition.C187Tests.test_08_exact_live_resources) ... ok
test_09_allowed_zero_admitted_not_missing (tests_lm.test_v05_c187_restricted_acquisition.C187Tests.test_09_allowed_zero_admitted_not_missing) ... ok
test_10_allowed_one_admitted (tests_lm.test_v05_c187_restricted_acquisition.C187Tests.test_10_allowed_one_admitted) ... ok
test_11_permission_denial_preserves_needs (tests_lm.test_v05_c187_restricted_acquisition.C187Tests.test_11_permission_denial_preserves_needs) ... ok
test_12_unavailable_preserves_needs (tests_lm.test_v05_c187_restricted_acquisition.C187Tests.test_12_unavailable_preserves_needs) ... ok
test_13_zero_budget_preserves_needs (tests_lm.test_v05_c187_restricted_acquisition.C187Tests.test_13_zero_budget_preserves_needs) ... ok
test_14_finite_false_sufficiency_not_repaired (tests_lm.test_v05_c187_restricted_acquisition.C187Tests.test_14_finite_false_sufficiency_not_repaired) ... ok
test_15_initial_sufficiency_on_needs_recorded (tests_lm.test_v05_c187_restricted_acquisition.C187Tests.test_15_initial_sufficiency_on_needs_recorded) ... ok
test_16_no_proposal_when_sufficient (tests_lm.test_v05_c187_restricted_acquisition.C187Tests.test_16_no_proposal_when_sufficient) ... ok
test_17_unnecessary_proposal_not_redeemed (tests_lm.test_v05_c187_restricted_acquisition.C187Tests.test_17_unnecessary_proposal_not_redeemed) ... ok
test_18_blind_rule_denial_is_not_semantic_needs (tests_lm.test_v05_c187_restricted_acquisition.C187Tests.test_18_blind_rule_denial_is_not_semantic_needs) ... ok
test_19_denial_cannot_publish_a_fake_zero (tests_lm.test_v05_c187_restricted_acquisition.C187Tests.test_19_denial_cannot_publish_a_fake_zero) ... ok
test_20_denial_cannot_dispatch (tests_lm.test_v05_c187_restricted_acquisition.C187Tests.test_20_denial_cannot_dispatch) ... ok
test_21_denial_has_no_acquisition_reservation (tests_lm.test_v05_c187_restricted_acquisition.C187Tests.test_21_denial_has_no_acquisition_reservation) ... ok
test_22_all_external_slots_and_source_identity (tests_lm.test_v05_c187_restricted_acquisition.C187Tests.test_22_all_external_slots_and_source_identity) ... ok
test_23_live_budget_and_outcome_cannot_reset (tests_lm.test_v05_c187_restricted_acquisition.C187Tests.test_23_live_budget_and_outcome_cannot_reset) ... ok
test_24_other_facts_bindings_clocks_preserved (tests_lm.test_v05_c187_restricted_acquisition.C187Tests.test_24_other_facts_bindings_clocks_preserved) ... ok
test_25_no_pending_retry_or_verified_answer (tests_lm.test_v05_c187_restricted_acquisition.C187Tests.test_25_no_pending_retry_or_verified_answer) ... ok
test_26_successful_candidates_and_deliberate_controls (tests_lm.test_v05_c187_restricted_acquisition.C187Tests.test_26_successful_candidates_and_deliberate_controls) ... ok
test_27_single_candidate_error_fails (tests_lm.test_v05_c187_restricted_acquisition.C187Tests.test_27_single_candidate_error_fails) ... ok
test_28_strict_order_and_count (tests_lm.test_v05_c187_restricted_acquisition.C187Tests.test_28_strict_order_and_count) ... ok
test_29_contract_errors_any_policy_fail (tests_lm.test_v05_c187_restricted_acquisition.C187Tests.test_29_contract_errors_any_policy_fail) ... ok
test_30_rule_patterns_cannot_change (tests_lm.test_v05_c187_restricted_acquisition.C187Tests.test_30_rule_patterns_cannot_change) ... ok
test_31_counters_are_nonnegative_integers (tests_lm.test_v05_c187_restricted_acquisition.C187Tests.test_31_counters_are_nonnegative_integers) ... ok
test_32_input_coordinate_change_is_exact (tests_lm.test_v05_c187_restricted_acquisition.C187Tests.test_32_input_coordinate_change_is_exact) ... ok
test_33_other_input_change_rejected (tests_lm.test_v05_c187_restricted_acquisition.C187Tests.test_33_other_input_change_rejected) ... ok
test_34_concrete_workload (tests_lm.test_v05_c187_restricted_acquisition.C187Tests.test_34_concrete_workload) ... ok
test_35_fixed_scientific_manifest (tests_lm.test_v05_c187_restricted_acquisition.C187Tests.test_35_fixed_scientific_manifest) ... ok
test_36_fixed_parent_and_replay_budget (tests_lm.test_v05_c187_restricted_acquisition.C187Tests.test_36_fixed_parent_and_replay_budget) ... ok
test_01_parameter_count (tests_lm.test_v05_c188_multimissing_target_selection.C188Tests.test_01_parameter_count) ... ok
test_02_visible_zero_is_observed (tests_lm.test_v05_c188_multimissing_target_selection.C188Tests.test_02_visible_zero_is_observed) ... ok
test_03_missing_mask_uses_presence (tests_lm.test_v05_c188_multimissing_target_selection.C188Tests.test_03_missing_mask_uses_presence) ... ok
test_04_leaf_positions (tests_lm.test_v05_c188_multimissing_target_selection.C188Tests.test_04_leaf_positions) ... ok
test_05_repeated_fact_rejected (tests_lm.test_v05_c188_multimissing_target_selection.C188Tests.test_05_repeated_fact_rejected) ... ok
test_06_influence_and (tests_lm.test_v05_c188_multimissing_target_selection.C188Tests.test_06_influence_and) ... ok
test_07_influence_or_short_circuit (tests_lm.test_v05_c188_multimissing_target_selection.C188Tests.test_07_influence_or_short_circuit) ... ok
test_08_influence_multiple_valid (tests_lm.test_v05_c188_multimissing_target_selection.C188Tests.test_08_influence_multiple_valid) ... ok
test_09_teacher_interface_has_no_labels (tests_lm.test_v05_c188_multimissing_target_selection.C188Tests.test_09_teacher_interface_has_no_labels) ... ok
test_10_registered_cohort_counts (tests_lm.test_v05_c188_multimissing_target_selection.C188Tests.test_10_registered_cohort_counts) ... ok
test_11_registered_target_size_counts (tests_lm.test_v05_c188_multimissing_target_selection.C188Tests.test_11_registered_target_size_counts) ... ok
test_12_frequency_reference_keys (tests_lm.test_v05_c188_multimissing_target_selection.C188Tests.test_12_frequency_reference_keys) ... ok
test_13_first_unknown_reference_exact (tests_lm.test_v05_c188_multimissing_target_selection.C188Tests.test_13_first_unknown_reference_exact) ... ok
test_14_frequency_reference_exact (tests_lm.test_v05_c188_multimissing_target_selection.C188Tests.test_14_frequency_reference_exact) ... ok
test_15_frequency_reference_no_unseen_key (tests_lm.test_v05_c188_multimissing_target_selection.C188Tests.test_15_frequency_reference_no_unseen_key) ... ok
test_16_frequency_tie_uses_low_slot (tests_lm.test_v05_c188_multimissing_target_selection.C188Tests.test_16_frequency_tie_uses_low_slot) ... ok
test_17_unseen_reference_has_no_fallback (tests_lm.test_v05_c188_multimissing_target_selection.C188Tests.test_17_unseen_reference_has_no_fallback) ... ok
test_18_target_metrics_counts_observed_selection (tests_lm.test_v05_c188_multimissing_target_selection.C188Tests.test_18_target_metrics_counts_observed_selection) ... ok
test_19_selector_forward_shape (tests_lm.test_v05_c188_multimissing_target_selection.C188Tests.test_19_selector_forward_shape) ... ok
test_20_selection_loss_single_valid (tests_lm.test_v05_c188_multimissing_target_selection.C188Tests.test_20_selection_loss_single_valid) ... ok
test_21_selection_loss_set_mass (tests_lm.test_v05_c188_multimissing_target_selection.C188Tests.test_21_selection_loss_set_mass) ... ok
test_22_loss_rejects_observed_valid (tests_lm.test_v05_c188_multimissing_target_selection.C188Tests.test_22_loss_rejects_observed_valid) ... ok
test_23_loss_rejects_nondiscriminating (tests_lm.test_v05_c188_multimissing_target_selection.C188Tests.test_23_loss_rejects_nondiscriminating) ... ok
test_24_head_initial_deterministic (tests_lm.test_v05_c188_multimissing_target_selection.C188Tests.test_24_head_initial_deterministic) ... ok
test_25_head_seed_changes_initial (tests_lm.test_v05_c188_multimissing_target_selection.C188Tests.test_25_head_seed_changes_initial) ... ok
test_26_toy_fit_deterministic (tests_lm.test_v05_c188_multimissing_target_selection.C188Tests.test_26_toy_fit_deterministic) ... ok
test_27_toy_fit_preserves_initial_and_features (tests_lm.test_v05_c188_multimissing_target_selection.C188Tests.test_27_toy_fit_preserves_initial_and_features) ... ok
test_28_same_head_seed_same_schedule (tests_lm.test_v05_c188_multimissing_target_selection.C188Tests.test_28_same_head_seed_same_schedule) ... ok
test_29_predict_masks_observed (tests_lm.test_v05_c188_multimissing_target_selection.C188Tests.test_29_predict_masks_observed) ... ok
test_30_gate_all_nine (tests_lm.test_v05_c188_multimissing_target_selection.C188Tests.test_30_gate_all_nine) ... ok
test_31_gate_one_failure (tests_lm.test_v05_c188_multimissing_target_selection.C188Tests.test_31_gate_one_failure) ... ok
test_32_gate_tie_fails (tests_lm.test_v05_c188_multimissing_target_selection.C188Tests.test_32_gate_tie_fails) ... ok
test_33_gate_observed_selection_fails (tests_lm.test_v05_c188_multimissing_target_selection.C188Tests.test_33_gate_observed_selection_fails) ... ok
test_34_manifest_hash_fixed (tests_lm.test_v05_c188_multimissing_target_selection.C188Tests.test_34_manifest_hash_fixed) ... ok
test_35_manifest_workload (tests_lm.test_v05_c188_multimissing_target_selection.C188Tests.test_35_manifest_workload) ... ok
test_36_scope_has_no_live_acquisition (tests_lm.test_v05_c188_multimissing_target_selection.C188Tests.test_36_scope_has_no_live_acquisition) ... ok
test_01_source_zero_exact_selected_fact (tests_lm.test_v05_c189_live_multimissing_target.C189Tests.test_01_source_zero_exact_selected_fact) ... ok
test_02_source_one_exact_selected_fact (tests_lm.test_v05_c189_live_multimissing_target.C189Tests.test_02_source_one_exact_selected_fact) ... ok
test_03_source_identity_rejects_bool_and_unregistered (tests_lm.test_v05_c189_live_multimissing_target.C189Tests.test_03_source_identity_rejects_bool_and_unregistered) ... ok
test_04_encode_views_direct_layout (tests_lm.test_v05_c189_live_multimissing_target.C189Tests.test_04_encode_views_direct_layout) ... ok
test_05_encode_views_no_canonicalization (tests_lm.test_v05_c189_live_multimissing_target.C189Tests.test_05_encode_views_no_canonicalization) ... ok
test_06_restore_selector_roundtrip (tests_lm.test_v05_c189_live_multimissing_target.C189Tests.test_06_restore_selector_roundtrip) ... ok
test_07_restore_selector_rejects_metadata (tests_lm.test_v05_c189_live_multimissing_target.C189Tests.test_07_restore_selector_rejects_metadata) ... ok
test_08_restore_selector_rejects_fingerprint (tests_lm.test_v05_c189_live_multimissing_target.C189Tests.test_08_restore_selector_rejects_fingerprint) ... ok
test_09_parent_prediction_loader (tests_lm.test_v05_c189_live_multimissing_target.C189Tests.test_09_parent_prediction_loader) ... ok
test_10_parent_prediction_loader_missing_member (tests_lm.test_v05_c189_live_multimissing_target.C189Tests.test_10_parent_prediction_loader_missing_member) ... ok
test_11_combined_predict_shapes_and_mask (tests_lm.test_v05_c189_live_multimissing_target.C189Tests.test_11_combined_predict_shapes_and_mask) ... ok
test_12_target_hidden_path_resource_invariant (tests_lm.test_v05_c189_live_multimissing_target.C189Tests.test_12_target_hidden_path_resource_invariant) ... ok
test_13_combined_predict_preserves_weights (tests_lm.test_v05_c189_live_multimissing_target.C189Tests.test_13_combined_predict_preserves_weights) ... ok
test_14_necessity_predict_raw_argmax (tests_lm.test_v05_c189_live_multimissing_target.C189Tests.test_14_necessity_predict_raw_argmax) ... ok
test_15_target_teacher_is_scoring_only_signature (tests_lm.test_v05_c189_live_multimissing_target.C189Tests.test_15_target_teacher_is_scoring_only_signature) ... ok
test_16_post_label_simple_and (tests_lm.test_v05_c189_live_multimissing_target.C189Tests.test_16_post_label_simple_and) ... ok
test_17_acquire_selected_dynamic_fact (tests_lm.test_v05_c189_live_multimissing_target.C189Tests.test_17_acquire_selected_dynamic_fact) ... ok
test_18_acquire_selected_rejects_observed (tests_lm.test_v05_c189_live_multimissing_target.C189Tests.test_18_acquire_selected_rejects_observed) ... ok
test_19_acquire_selected_no_second_dispatch (tests_lm.test_v05_c189_live_multimissing_target.C189Tests.test_19_acquire_selected_no_second_dispatch) ... ok
test_20_run_block_learned_target_drives_real_io (tests_lm.test_v05_c189_live_multimissing_target.C189Tests.test_20_run_block_learned_target_drives_real_io) ... ok
test_21_run_block_has_one_acquisition_each (tests_lm.test_v05_c189_live_multimissing_target.C189Tests.test_21_run_block_has_one_acquisition_each) ... ok
test_22_run_block_post_need_does_not_reacquire (tests_lm.test_v05_c189_live_multimissing_target.C189Tests.test_22_run_block_post_need_does_not_reacquire) ... ok
test_23_run_block_charges_two_decisions (tests_lm.test_v05_c189_live_multimissing_target.C189Tests.test_23_run_block_charges_two_decisions) ... ok
test_24_gate_accepts_exact_profile (tests_lm.test_v05_c189_live_multimissing_target.C189Tests.test_24_gate_accepts_exact_profile) ... ok
test_25_gate_requires_all_eighteen_blocks (tests_lm.test_v05_c189_live_multimissing_target.C189Tests.test_25_gate_requires_all_eighteen_blocks) ... ok
test_26_gate_rejects_target_error (tests_lm.test_v05_c189_live_multimissing_target.C189Tests.test_26_gate_rejects_target_error) ... ok
test_27_gate_rejects_discriminating_target_error (tests_lm.test_v05_c189_live_multimissing_target.C189Tests.test_27_gate_rejects_discriminating_target_error) ... ok
test_28_gate_rejects_initial_need_error (tests_lm.test_v05_c189_live_multimissing_target.C189Tests.test_28_gate_rejects_initial_need_error) ... ok
test_29_gate_rejects_post_error (tests_lm.test_v05_c189_live_multimissing_target.C189Tests.test_29_gate_rejects_post_error) ... ok
test_30_gate_rejects_contract_error (tests_lm.test_v05_c189_live_multimissing_target.C189Tests.test_30_gate_rejects_contract_error) ... ok
test_31_gate_rejects_io_count (tests_lm.test_v05_c189_live_multimissing_target.C189Tests.test_31_gate_rejects_io_count) ... ok
test_32_gate_rejects_decision_accounting (tests_lm.test_v05_c189_live_multimissing_target.C189Tests.test_32_gate_rejects_decision_accounting) ... ok
test_33_gate_rejects_parent_replay (tests_lm.test_v05_c189_live_multimissing_target.C189Tests.test_33_gate_rejects_parent_replay) ... ok
test_34_gate_rejects_target_logit_drift (tests_lm.test_v05_c189_live_multimissing_target.C189Tests.test_34_gate_rejects_target_logit_drift) ... ok
test_35_manifest_hash_and_scope (tests_lm.test_v05_c189_live_multimissing_target.C189Tests.test_35_manifest_hash_and_scope) ... ok
test_36_policy_interfaces_have_no_teacher_or_answer (tests_lm.test_v05_c189_live_multimissing_target.C189Tests.test_36_policy_interfaces_have_no_teacher_or_answer) ... ok
test_01_world_count (tests_lm.test_v05_c190_iterative_multimissing_acquisition.C190Tests.test_01_world_count) ... ok
test_02_world_zero_records_all_facts (tests_lm.test_v05_c190_iterative_multimissing_acquisition.C190Tests.test_02_world_zero_records_all_facts) ... ok
test_03_world_fifteen_records_ones (tests_lm.test_v05_c190_iterative_multimissing_acquisition.C190Tests.test_03_world_fifteen_records_ones) ... ok
test_04_world_code_rejects_bool (tests_lm.test_v05_c190_iterative_multimissing_acquisition.C190Tests.test_04_world_code_rejects_bool) ... ok
test_05_world_code_rejects_range (tests_lm.test_v05_c190_iterative_multimissing_acquisition.C190Tests.test_05_world_code_rejects_range) ... ok
test_06_consistent_worlds_missing2 (tests_lm.test_v05_c190_iterative_multimissing_acquisition.C190Tests.test_06_consistent_worlds_missing2) ... ok
test_07_consistent_worlds_missing3 (tests_lm.test_v05_c190_iterative_multimissing_acquisition.C190Tests.test_07_consistent_worlds_missing3) ... ok
test_08_consistent_worlds_preserve_visible (tests_lm.test_v05_c190_iterative_multimissing_acquisition.C190Tests.test_08_consistent_worlds_preserve_visible) ... ok
test_09_expand_registered_counts (tests_lm.test_v05_c190_iterative_multimissing_acquisition.C190Tests.test_09_expand_registered_counts) ... ok
test_10_make_views_preserves_epoch_and_world_hidden (tests_lm.test_v05_c190_iterative_multimissing_acquisition.C190Tests.test_10_make_views_preserves_epoch_and_world_hidden) ... ok
test_11_parent_loader_shape (tests_lm.test_v05_c190_iterative_multimissing_acquisition.C190Tests.test_11_parent_loader_shape) ... ok
test_12_parent_loader_rejects_bit_dependent_initial (tests_lm.test_v05_c190_iterative_multimissing_acquisition.C190Tests.test_12_parent_loader_rejects_bit_dependent_initial) ... ok
test_13_initial_policy_cache_unique_rows (tests_lm.test_v05_c190_iterative_multimissing_acquisition.C190Tests.test_13_initial_policy_cache_unique_rows) ... ok
test_14_first_acquisition_real_io (tests_lm.test_v05_c190_iterative_multimissing_acquisition.C190Tests.test_14_first_acquisition_real_io) ... ok
test_15_second_acquisition_same_snapshot (tests_lm.test_v05_c190_iterative_multimissing_acquisition.C190Tests.test_15_second_acquisition_same_snapshot) ... ok
test_16_run_block_stops_after_first_when_sufficient (tests_lm.test_v05_c190_iterative_multimissing_acquisition.C190Tests.test_16_run_block_stops_after_first_when_sufficient) ... ok
test_17_run_block_two_acquisitions (tests_lm.test_v05_c190_iterative_multimissing_acquisition.C190Tests.test_17_run_block_two_acquisitions) ... ok
test_18_run_block_never_third_acquisition (tests_lm.test_v05_c190_iterative_multimissing_acquisition.C190Tests.test_18_run_block_never_third_acquisition) ... ok
test_19_resource_state_after_one_acquisition (tests_lm.test_v05_c190_iterative_multimissing_acquisition.C190Tests.test_19_resource_state_after_one_acquisition) ... ok
test_20_resource_state_after_two_acquisitions (tests_lm.test_v05_c190_iterative_multimissing_acquisition.C190Tests.test_20_resource_state_after_two_acquisitions) ... ok
test_21_gate_accepts_dynamic_second_count (tests_lm.test_v05_c190_iterative_multimissing_acquisition.C190Tests.test_21_gate_accepts_dynamic_second_count) ... ok
test_22_gate_requires_nine_blocks (tests_lm.test_v05_c190_iterative_multimissing_acquisition.C190Tests.test_22_gate_requires_nine_blocks) ... ok
test_23_gate_rejects_first_target_error (tests_lm.test_v05_c190_iterative_multimissing_acquisition.C190Tests.test_23_gate_rejects_first_target_error) ... ok
test_24_gate_rejects_second_target_error (tests_lm.test_v05_c190_iterative_multimissing_acquisition.C190Tests.test_24_gate_rejects_second_target_error) ... ok
test_25_gate_rejects_repeat (tests_lm.test_v05_c190_iterative_multimissing_acquisition.C190Tests.test_25_gate_rejects_repeat) ... ok
test_26_gate_rejects_post2_error (tests_lm.test_v05_c190_iterative_multimissing_acquisition.C190Tests.test_26_gate_rejects_post2_error) ... ok
test_27_gate_rejects_second_io_mismatch (tests_lm.test_v05_c190_iterative_multimissing_acquisition.C190Tests.test_27_gate_rejects_second_io_mismatch) ... ok
test_28_gate_rejects_decision_accounting (tests_lm.test_v05_c190_iterative_multimissing_acquisition.C190Tests.test_28_gate_rejects_decision_accounting) ... ok
test_29_gate_rejects_internal_accounting (tests_lm.test_v05_c190_iterative_multimissing_acquisition.C190Tests.test_29_gate_rejects_internal_accounting) ... ok
test_30_gate_rejects_initial_logit_drift (tests_lm.test_v05_c190_iterative_multimissing_acquisition.C190Tests.test_30_gate_rejects_initial_logit_drift) ... ok
test_31_manifest_hash_fixed (tests_lm.test_v05_c190_iterative_multimissing_acquisition.C190Tests.test_31_manifest_hash_fixed) ... ok
test_32_manifest_world_workload (tests_lm.test_v05_c190_iterative_multimissing_acquisition.C190Tests.test_32_manifest_world_workload) ... ok
test_33_manifest_scope (tests_lm.test_v05_c190_iterative_multimissing_acquisition.C190Tests.test_33_manifest_scope) ... ok
test_34_source_hashes_fixed (tests_lm.test_v05_c190_iterative_multimissing_acquisition.C190Tests.test_34_source_hashes_fixed) ... ok
test_35_outputs_exact_count (tests_lm.test_v05_c190_iterative_multimissing_acquisition.C190Tests.test_35_outputs_exact_count) ... ok
test_36_policy_interfaces_have_no_teacher_or_answer (tests_lm.test_v05_c190_iterative_multimissing_acquisition.C190Tests.test_36_policy_interfaces_have_no_teacher_or_answer) ... ok
test_01_manifest_hash (tests_lm.test_v05_c191_third_acquisition_budget.C191Tests.test_01_manifest_hash) ... ok
test_02_manifest_scope (tests_lm.test_v05_c191_third_acquisition_budget.C191Tests.test_02_manifest_scope) ... ok
test_03_expected_order (tests_lm.test_v05_c191_third_acquisition_budget.C191Tests.test_03_expected_order) ... ok
test_04_gate_accepts (tests_lm.test_v05_c191_third_acquisition_budget.C191Tests.test_04_gate_accepts) ... ok
test_05_gate_requires_nine (tests_lm.test_v05_c191_third_acquisition_budget.C191Tests.test_05_gate_requires_nine) ... ok
test_06_gate_rejects_target2_error (tests_lm.test_v05_c191_third_acquisition_budget.C191Tests.test_06_gate_rejects_target2_error) ... ok
test_07_gate_rejects_repeat (tests_lm.test_v05_c191_third_acquisition_budget.C191Tests.test_07_gate_rejects_repeat) ... ok
test_08_gate_rejects_third_io (tests_lm.test_v05_c191_third_acquisition_budget.C191Tests.test_08_gate_rejects_third_io) ... ok
test_09_gate_rejects_final_logical_need (tests_lm.test_v05_c191_third_acquisition_budget.C191Tests.test_09_gate_rejects_final_logical_need) ... ok
test_10_gate_rejects_fourth_decision (tests_lm.test_v05_c191_third_acquisition_budget.C191Tests.test_10_gate_rejects_fourth_decision) ... ok
test_11_gate_rejects_read_accounting (tests_lm.test_v05_c191_third_acquisition_budget.C191Tests.test_11_gate_rejects_read_accounting) ... ok
test_12_gate_rejects_replay_error (tests_lm.test_v05_c191_third_acquisition_budget.C191Tests.test_12_gate_rejects_replay_error) ... ok
test_13_gate_rejects_logit_drift (tests_lm.test_v05_c191_third_acquisition_budget.C191Tests.test_13_gate_rejects_logit_drift) ... ok
test_14_load_parent_shapes (tests_lm.test_v05_c191_third_acquisition_budget.C191Tests.test_14_load_parent_shapes) ... ok
test_15_load_parent_rejects_schema (tests_lm.test_v05_c191_third_acquisition_budget.C191Tests.test_15_load_parent_rejects_schema) ... ok
test_16_run_three_acquisitions (tests_lm.test_v05_c191_third_acquisition_budget.C191Tests.test_16_run_three_acquisitions) ... ok
test_17_third_exhausts_internal_budget (tests_lm.test_v05_c191_third_acquisition_budget.C191Tests.test_17_third_exhausts_internal_budget) ... ok
test_18_third_observes_all_facts (tests_lm.test_v05_c191_third_acquisition_budget.C191Tests.test_18_third_observes_all_facts) ... ok
test_19_phase2_sufficient_stops_at_two (tests_lm.test_v05_c191_third_acquisition_budget.C191Tests.test_19_phase2_sufficient_stops_at_two) ... ok
test_20_target2_scope_declared_trivial (tests_lm.test_v05_c191_third_acquisition_budget.C191Tests.test_20_target2_scope_declared_trivial) ... ok
test_21_budget_is_unchanged (tests_lm.test_v05_c191_third_acquisition_budget.C191Tests.test_21_budget_is_unchanged) ... ok
test_22_no_post3_learned_decision (tests_lm.test_v05_c191_third_acquisition_budget.C191Tests.test_22_no_post3_learned_decision) ... ok
test_23_outputs_count (tests_lm.test_v05_c191_third_acquisition_budget.C191Tests.test_23_outputs_count) ... ok
test_24_fixed_source_worlds (tests_lm.test_v05_c191_third_acquisition_budget.C191Tests.test_24_fixed_source_worlds) ... ok
test_01_manifest_hash (tests_lm.test_v05_c192_post3_shadow_necessity.C192Tests.test_01_manifest_hash) ... ok
test_02_manifest_workload (tests_lm.test_v05_c192_post3_shadow_necessity.C192Tests.test_02_manifest_workload) ... ok
test_03_outputs_exact (tests_lm.test_v05_c192_post3_shadow_necessity.C192Tests.test_03_outputs_exact) ... ok
test_04_expected_order (tests_lm.test_v05_c192_post3_shadow_necessity.C192Tests.test_04_expected_order) ... ok
test_05_gate_accepts (tests_lm.test_v05_c192_post3_shadow_necessity.C192Tests.test_05_gate_accepts) ... ok
test_06_gate_requires_nine (tests_lm.test_v05_c192_post3_shadow_necessity.C192Tests.test_06_gate_requires_nine) ... ok
test_07_gate_rejects_shadow_error (tests_lm.test_v05_c192_post3_shadow_necessity.C192Tests.test_07_gate_rejects_shadow_error) ... ok
test_08_gate_rejects_nonfinite (tests_lm.test_v05_c192_post3_shadow_necessity.C192Tests.test_08_gate_rejects_nonfinite) ... ok
test_09_gate_rejects_logical_error (tests_lm.test_v05_c192_post3_shadow_necessity.C192Tests.test_09_gate_rejects_logical_error) ... ok
test_10_gate_rejects_mutation (tests_lm.test_v05_c192_post3_shadow_necessity.C192Tests.test_10_gate_rejects_mutation) ... ok
test_11_gate_requires_928_shadow_rows (tests_lm.test_v05_c192_post3_shadow_necessity.C192Tests.test_11_gate_requires_928_shadow_rows) ... ok
test_12_gate_rejects_extra_read (tests_lm.test_v05_c192_post3_shadow_necessity.C192Tests.test_12_gate_rejects_extra_read) ... ok
test_13_gate_rejects_parent_prediction_error (tests_lm.test_v05_c192_post3_shadow_necessity.C192Tests.test_13_gate_rejects_parent_prediction_error) ... ok
test_14_gate_rejects_parent_logit_drift (tests_lm.test_v05_c192_post3_shadow_necessity.C192Tests.test_14_gate_rejects_parent_logit_drift) ... ok
test_15_packet_from_dict (tests_lm.test_v05_c192_post3_shadow_necessity.C192Tests.test_15_packet_from_dict) ... ok
test_16_parent_loader_shapes (tests_lm.test_v05_c192_post3_shadow_necessity.C192Tests.test_16_parent_loader_shapes) ... ok
test_17_parent_loader_rejects_schema (tests_lm.test_v05_c192_post3_shadow_necessity.C192Tests.test_17_parent_loader_rejects_schema) ... ok
test_18_assess_shadow_pass (tests_lm.test_v05_c192_post3_shadow_necessity.C192Tests.test_18_assess_shadow_pass) ... ok
test_19_assess_shadow_wrong_prediction (tests_lm.test_v05_c192_post3_shadow_necessity.C192Tests.test_19_assess_shadow_wrong_prediction) ... ok
test_20_assess_shadow_nonfinite (tests_lm.test_v05_c192_post3_shadow_necessity.C192Tests.test_20_assess_shadow_nonfinite) ... ok
test_21_assess_shadow_logical_teacher_error (tests_lm.test_v05_c192_post3_shadow_necessity.C192Tests.test_21_assess_shadow_logical_teacher_error) ... ok
test_22_noneligible_not_scored (tests_lm.test_v05_c192_post3_shadow_necessity.C192Tests.test_22_noneligible_not_scored) ... ok
test_23_shadow_is_declared_non_authoritative (tests_lm.test_v05_c192_post3_shadow_necessity.C192Tests.test_23_shadow_is_declared_non_authoritative) ... ok
test_24_budget_is_not_changed (tests_lm.test_v05_c192_post3_shadow_necessity.C192Tests.test_24_budget_is_not_changed) ... ok
test_01_manifest_hash (tests_lm.test_v05_c193_budget13_authoritative_closure.C193Tests.test_01_manifest_hash) ... ok
test_02_manifest_scope (tests_lm.test_v05_c193_budget13_authoritative_closure.C193Tests.test_02_manifest_scope) ... ok
test_03_outputs_exact (tests_lm.test_v05_c193_budget13_authoritative_closure.C193Tests.test_03_outputs_exact) ... ok
test_04_expected_order (tests_lm.test_v05_c193_budget13_authoritative_closure.C193Tests.test_04_expected_order) ... ok
test_05_budget13_only_coordinate62 (tests_lm.test_v05_c193_budget13_authoritative_closure.C193Tests.test_05_budget13_only_coordinate62) ... ok
test_06_budget13_does_not_mutate_input (tests_lm.test_v05_c193_budget13_authoritative_closure.C193Tests.test_06_budget13_does_not_mutate_input) ... ok
test_07_budget13_rejects_non12 (tests_lm.test_v05_c193_budget13_authoritative_closure.C193Tests.test_07_budget13_rejects_non12) ... ok
test_08_initial_cache_charges_to12 (tests_lm.test_v05_c193_budget13_authoritative_closure.C193Tests.test_08_initial_cache_charges_to12) ... ok
test_09_run_three_acquisitions_and_final_decision (tests_lm.test_v05_c193_budget13_authoritative_closure.C193Tests.test_09_run_three_acquisitions_and_final_decision) ... ok
test_10_final_resources_exact (tests_lm.test_v05_c193_budget13_authoritative_closure.C193Tests.test_10_final_resources_exact) ... ok
test_11_final_decision_is_charged (tests_lm.test_v05_c193_budget13_authoritative_closure.C193Tests.test_11_final_decision_is_charged) ... ok
test_12_gate_accepts (tests_lm.test_v05_c193_budget13_authoritative_closure.C193Tests.test_12_gate_accepts) ... ok
test_13_gate_requires_nine (tests_lm.test_v05_c193_budget13_authoritative_closure.C193Tests.test_13_gate_requires_nine) ... ok
test_14_gate_rejects_necessity_error (tests_lm.test_v05_c193_budget13_authoritative_closure.C193Tests.test_14_gate_rejects_necessity_error) ... ok
test_15_gate_rejects_target_error (tests_lm.test_v05_c193_budget13_authoritative_closure.C193Tests.test_15_gate_rejects_target_error) ... ok
test_16_gate_rejects_acquisition_error (tests_lm.test_v05_c193_budget13_authoritative_closure.C193Tests.test_16_gate_rejects_acquisition_error) ... ok
test_17_gate_rejects_final_error (tests_lm.test_v05_c193_budget13_authoritative_closure.C193Tests.test_17_gate_rejects_final_error) ... ok
test_18_gate_requires_third_coverage (tests_lm.test_v05_c193_budget13_authoritative_closure.C193Tests.test_18_gate_requires_third_coverage) ... ok
test_19_gate_requires_final_equals_third (tests_lm.test_v05_c193_budget13_authoritative_closure.C193Tests.test_19_gate_requires_final_equals_third) ... ok
test_20_gate_read_accounting (tests_lm.test_v05_c193_budget13_authoritative_closure.C193Tests.test_20_gate_read_accounting) ... ok
test_21_resource_path_declared (tests_lm.test_v05_c193_budget13_authoritative_closure.C193Tests.test_21_resource_path_declared) ... ok
test_22_model_visibility_declared (tests_lm.test_v05_c193_budget13_authoritative_closure.C193Tests.test_22_model_visibility_declared) ... ok
test_23_no_parent_prediction_loader_dependency (tests_lm.test_v05_c193_budget13_authoritative_closure.C193Tests.test_23_no_parent_prediction_loader_dependency) ... ok
test_24_run_path_uses_budget13_for_unique_and_expanded (tests_lm.test_v05_c193_budget13_authoritative_closure.C193Tests.test_24_run_path_uses_budget13_for_unique_and_expanded) ... ok
test_01_manifest_hash (tests_lm.test_v05_c194_generic_bounded_loop.C194Tests.test_01_manifest_hash) ... ok
test_02_manifest_scope (tests_lm.test_v05_c194_generic_bounded_loop.C194Tests.test_02_manifest_scope) ... ok
test_03_derived_bound (tests_lm.test_v05_c194_generic_bounded_loop.C194Tests.test_03_derived_bound) ... ok
test_04_outputs_exact (tests_lm.test_v05_c194_generic_bounded_loop.C194Tests.test_04_outputs_exact) ... ok
test_05_expected_order (tests_lm.test_v05_c194_generic_bounded_loop.C194Tests.test_05_expected_order) ... ok
test_06_generic_loop_three_acquisitions (tests_lm.test_v05_c194_generic_bounded_loop.C194Tests.test_06_generic_loop_three_acquisitions) ... ok
test_07_generic_loop_four_decisions (tests_lm.test_v05_c194_generic_bounded_loop.C194Tests.test_07_generic_loop_four_decisions) ... ok
test_08_generic_loop_final_sufficient (tests_lm.test_v05_c194_generic_bounded_loop.C194Tests.test_08_generic_loop_final_sufficient) ... ok
test_09_generic_loop_final_resources (tests_lm.test_v05_c194_generic_bounded_loop.C194Tests.test_09_generic_loop_final_resources) ... ok
test_10_arrays_match_parent_shapes (tests_lm.test_v05_c194_generic_bounded_loop.C194Tests.test_10_arrays_match_parent_shapes) ... ok
test_11_loop_source_has_no_phase1_branch (tests_lm.test_v05_c194_generic_bounded_loop.C194Tests.test_11_loop_source_has_no_phase1_branch) ... ok
test_12_loop_target_mode_is_state_driven (tests_lm.test_v05_c194_generic_bounded_loop.C194Tests.test_12_loop_target_mode_is_state_driven) ... ok
test_13_gate_accepts (tests_lm.test_v05_c194_generic_bounded_loop.C194Tests.test_13_gate_accepts) ... ok
test_14_gate_requires_nine (tests_lm.test_v05_c194_generic_bounded_loop.C194Tests.test_14_gate_requires_nine) ... ok
test_15_gate_rejects_parent_replay (tests_lm.test_v05_c194_generic_bounded_loop.C194Tests.test_15_gate_rejects_parent_replay) ... ok
test_16_gate_rejects_parent_block_mismatch (tests_lm.test_v05_c194_generic_bounded_loop.C194Tests.test_16_gate_rejects_parent_block_mismatch) ... ok
test_17_gate_rejects_prediction_error (tests_lm.test_v05_c194_generic_bounded_loop.C194Tests.test_17_gate_rejects_prediction_error) ... ok
test_18_gate_rejects_logit_drift (tests_lm.test_v05_c194_generic_bounded_loop.C194Tests.test_18_gate_rejects_logit_drift) ... ok
test_19_gate_rejects_scientific_error (tests_lm.test_v05_c194_generic_bounded_loop.C194Tests.test_19_gate_rejects_scientific_error) ... ok
test_20_gate_read_accounting (tests_lm.test_v05_c194_generic_bounded_loop.C194Tests.test_20_gate_read_accounting) ... ok
test_21_parent_replay_metrics_exact (tests_lm.test_v05_c194_generic_bounded_loop.C194Tests.test_21_parent_replay_metrics_exact) ... ok
test_22_parent_loader_shapes (tests_lm.test_v05_c194_generic_bounded_loop.C194Tests.test_22_parent_loader_shapes) ... ok
test_23_parent_loader_rejects_schema (tests_lm.test_v05_c194_generic_bounded_loop.C194Tests.test_23_parent_loader_rejects_schema) ... ok
test_24_run_uses_child_parent_loader (tests_lm.test_v05_c194_generic_bounded_loop.C194Tests.test_24_run_uses_child_parent_loader) ... ok
test_01_manifest_hash (tests_lm.test_v05_c195_generic_loop_budget12_exhaustion.C195Tests.test_01_manifest_hash) ... ok
test_02_manifest_scope (tests_lm.test_v05_c195_generic_loop_budget12_exhaustion.C195Tests.test_02_manifest_scope) ... ok
test_03_outputs_exact (tests_lm.test_v05_c195_generic_loop_budget12_exhaustion.C195Tests.test_03_outputs_exact) ... ok
test_04_expected_order (tests_lm.test_v05_c195_generic_loop_budget12_exhaustion.C195Tests.test_04_expected_order) ... ok
test_05_budget12_three_acquisitions (tests_lm.test_v05_c195_generic_loop_budget12_exhaustion.C195Tests.test_05_budget12_three_acquisitions) ... ok
test_06_fourth_debit_refused (tests_lm.test_v05_c195_generic_loop_budget12_exhaustion.C195Tests.test_06_fourth_debit_refused) ... ok
test_07_exhausted_status (tests_lm.test_v05_c195_generic_loop_budget12_exhaustion.C195Tests.test_07_exhausted_status) ... ok
test_08_exhausted_resources_exact (tests_lm.test_v05_c195_generic_loop_budget12_exhaustion.C195Tests.test_08_exhausted_resources_exact) ... ok
test_09_no_unauthorized_phase3_prediction (tests_lm.test_v05_c195_generic_loop_budget12_exhaustion.C195Tests.test_09_no_unauthorized_phase3_prediction) ... ok
test_10_earlier_sufficient_still_stops (tests_lm.test_v05_c195_generic_loop_budget12_exhaustion.C195Tests.test_10_earlier_sufficient_still_stops) ... ok
test_11_reference_replay_exact (tests_lm.test_v05_c195_generic_loop_budget12_exhaustion.C195Tests.test_11_reference_replay_exact) ... ok
test_12_replay_detects_unauthorized_final (tests_lm.test_v05_c195_generic_loop_budget12_exhaustion.C195Tests.test_12_replay_detects_unauthorized_final) ... ok
test_13_gate_accepts (tests_lm.test_v05_c195_generic_loop_budget12_exhaustion.C195Tests.test_13_gate_accepts) ... ok
test_14_gate_requires_nine (tests_lm.test_v05_c195_generic_loop_budget12_exhaustion.C195Tests.test_14_gate_requires_nine) ... ok
test_15_gate_rejects_fake_final (tests_lm.test_v05_c195_generic_loop_budget12_exhaustion.C195Tests.test_15_gate_rejects_fake_final) ... ok
test_16_gate_rejects_resource_error (tests_lm.test_v05_c195_generic_loop_budget12_exhaustion.C195Tests.test_16_gate_rejects_resource_error) ... ok
test_17_gate_requires_928_exhausted (tests_lm.test_v05_c195_generic_loop_budget12_exhaustion.C195Tests.test_17_gate_requires_928_exhausted) ... ok
test_18_gate_rejects_reference_prediction_error (tests_lm.test_v05_c195_generic_loop_budget12_exhaustion.C195Tests.test_18_gate_rejects_reference_prediction_error) ... ok
test_19_gate_rejects_logit_drift (tests_lm.test_v05_c195_generic_loop_budget12_exhaustion.C195Tests.test_19_gate_rejects_logit_drift) ... ok
test_20_gate_read_accounting (tests_lm.test_v05_c195_generic_loop_budget12_exhaustion.C195Tests.test_20_gate_read_accounting) ... ok
test_21_reference_loader_shapes (tests_lm.test_v05_c195_generic_loop_budget12_exhaustion.C195Tests.test_21_reference_loader_shapes) ... ok
test_22_reference_loader_rejects_schema (tests_lm.test_v05_c195_generic_loop_budget12_exhaustion.C195Tests.test_22_reference_loader_rejects_schema) ... ok
test_23_run_reuses_generic_loop (tests_lm.test_v05_c195_generic_loop_budget12_exhaustion.C195Tests.test_23_run_reuses_generic_loop) ... ok
test_24_run_uses_child_reference_loader (tests_lm.test_v05_c195_generic_loop_budget12_exhaustion.C195Tests.test_24_run_uses_child_reference_loader) ... ok

----------------------------------------------------------------------
Ran 1605 tests in 65.775s

OK
[C195] plan fixed; C194 generic loop held; only budget13->12; C191 exact reference
[C195] block=1/9 base=181001 head=188001 failed=0 reads=14352 second=3888 third=928 exhausted=928 fake_final=0 replay_n=0 replay_t=0
[C195] block=2/9 base=181001 head=188002 failed=0 reads=14360 second=3896 third=928 exhausted=928 fake_final=0 replay_n=0 replay_t=0
[C195] block=3/9 base=181001 head=188003 failed=0 reads=14400 second=3936 third=928 exhausted=928 fake_final=0 replay_n=0 replay_t=0
[C195] block=4/9 base=181002 head=188001 failed=0 reads=14280 second=3816 third=928 exhausted=928 fake_final=0 replay_n=0 replay_t=0
[C195] block=5/9 base=181002 head=188002 failed=0 reads=14320 second=3856 third=928 exhausted=928 fake_final=0 replay_n=0 replay_t=0
[C195] block=6/9 base=181002 head=188003 failed=0 reads=14352 second=3888 third=928 exhausted=928 fake_final=0 replay_n=0 replay_t=0
[C195] block=7/9 base=181003 head=188001 failed=0 reads=14384 second=3920 third=928 exhausted=928 fake_final=0 replay_n=0 replay_t=0
[C195] block=8/9 base=181003 head=188002 failed=0 reads=14352 second=3888 third=928 exhausted=928 fake_final=0 replay_n=0 replay_t=0
[C195] block=9/9 base=181003 head=188003 failed=0 reads=14324 second=3860 third=928 exhausted=928 fake_final=0 replay_n=0 replay_t=0
[C195] source/output preservation checked
=== C195 RESULT ===
{
  "C191_reference_sha256": "b05cd702e9572c61a3ae981e5279c7fb096fe1078c7d65f6401f180f307c84f4",
  "C194_summary_sha256": "6cdb274da944bc87cea29f2e093d4acdec6035dae6978adaf469f1d9b4dfa084",
  "actual_file_reads": 129124,
  "answer_generation": 0,
  "artifacts": [
    {
      "file": "budget12-loop-plan.json",
      "serialized_bytes": 15327,
      "sha256": "e57a1371c668d7478cc0295257155e22a19c69d0498df08d3b1dfe0a4f76ab20"
    },
    {
      "file": "episode-traces.jsonl.gz",
      "serialized_bytes": 30611240,
      "sha256": "fbf3e872fda8a51ca2bd54db6e4cbf7a4fc787620f3563f59fb74dae38e6e878"
    },
    {
      "file": "episode-predictions.npz",
      "serialized_bytes": 976503,
      "sha256": "45af19646ca34697af23b03289a8db822881f3b82bbd2c68d85daf3e40563df8"
    },
    {
      "file": "reference-replay.json",
      "serialized_bytes": 2370,
      "sha256": "9de216d53642d7d06565fc7b5e340fb0b1816e9e533e171b9f3100aa67c39daf"
    },
    {
      "file": "episode-results.json",
      "serialized_bytes": 6843,
      "sha256": "a803a793da494388a558f9164185ff6eb0a79c63b3a0594067bf597734eb9721"
    }
  ],
  "commit_sha": "485d32b9dba0b0df34709d631a9d454629a1570e",
  "core_evidence_writes": 0,
  "diagnostic_execution_valid": true,
  "episodes": 85824,
  "experiment_id": "C195-v5e-generic-loop-budget12-exhaustion",
  "fresh_seeds": 0,
  "gate_e_candidate": false,
  "input_sha256": {
    "M:\\asobiba\\fold\\docs\\experiment-ledger-addendum-c169-preregistration.md": "13bf053ed39a22afef875d00acba43a2b2bbbd56976a9c0ca46cd1c4ba8f8206",
    "M:\\asobiba\\fold\\docs\\experiment-ledger-addendum-c170-preregistration.md": "591b8fa478cbaec1a0f674cb70dc3a049362663cd1dbb6b2fe8772b8209ba297",
    "M:\\asobiba\\fold\\docs\\experiment-ledger-addendum-c171-preregistration.md": "4df6b22c1f1312082789c14145e4dcdb67038cfabe8c575e134192efc22ca1a5",
    "M:\\asobiba\\fold\\docs\\experiment-ledger-addendum-c172-preregistration.md": "0b9d0228c55a3f936afdb72697a789a582f5e601701b59b40d821bf91220e777",
    "M:\\asobiba\\fold\\docs\\experiment-ledger-addendum-c173-preregistration.md": "ae65e2097a1728767e409ab4dcadc607a585544f6fa9b2b3cf4acde9e0620d00",
    "M:\\asobiba\\fold\\docs\\experiment-ledger-addendum-c174-preregistration.md": "aceae435b5641ea1481171b3a69f584ea92ef6089eb9f05ad48de6c7c3c434e4",
    "M:\\asobiba\\fold\\docs\\experiment-ledger-addendum-c175-preregistration.md": "b512ad23de4eb81c944eae3a121f5db126465defc43d15ac93c9f6dcec18c998",
    "M:\\asobiba\\fold\\docs\\experiment-ledger-addendum-c176-preregistration.md": "2580922ca31730bb99be494da614a6281491b45f7021bd579e37aacbe2075c38",
    "M:\\asobiba\\fold\\docs\\experiment-ledger-addendum-c177-preregistration.md": "69554ec1d9b0e55a710d571c667ac2d6b71a1a2f23042dfa5a50efa1ab649595",
    "M:\\asobiba\\fold\\docs\\experiment-ledger-addendum-c178-preregistration.md": "1124cbfeeb97e284e3ba814bea12c2bf9dd6ec2b73dc9235f4f9f5e46fb46d1e",
    "M:\\asobiba\\fold\\docs\\experiment-ledger-addendum-c179-preregistration.md": "d2898288bff362f00f6bc394453b49bda327b48f9a04825fdedafbf53c226ffb",
    "M:\\asobiba\\fold\\docs\\experiment-ledger-addendum-c180-preregistration.md": "4c7a542c3e23c59109cdd29dfc8c0501e79c6b7734f8890ca3244dd559142e87",
    "M:\\asobiba\\fold\\docs\\experiment-ledger-addendum-c181-preregistration.md": "7670b5e08e04b10990912c2e40ab93372825640c7b680c7766a115b68852292a",
    "M:\\asobiba\\fold\\docs\\experiment-ledger-addendum-c182-preregistration.md": "ec9af80b6f80cb548001ff58cf77355a852336f1852b55c1b4a0e41eafb422ba",
    "M:\\asobiba\\fold\\docs\\experiment-ledger-addendum-c183-preregistration.md": "eaeb36f87d96c384dfa075a1d9812b5a735cb43c5a5230896ccbafbc73acca91",
    "M:\\asobiba\\fold\\docs\\experiment-ledger-addendum-c184-preregistration.md": "acc514cb1601b3b5e2ed1d36645f75feb69763c4d239ad255e2fb6e9aa181ff4",
    "M:\\asobiba\\fold\\docs\\experiment-ledger-addendum-c185-preregistration.md": "775970688b37dee6b54780a2556390abeb2ad089fe3032adeeb431ef32a44357",
    "M:\\asobiba\\fold\\docs\\experiment-ledger-addendum-c186-execution-recovery.md": "2869fbc40808c4a7c2f8b757dfd6099064df3e74abc68bfc5fc6f206afb6d0c2",
    "M:\\asobiba\\fold\\docs\\experiment-ledger-addendum-c186-preregistration.md": "00a0a2ecf76f5c98c4002d171ba498de7738adfdf3f030d1bd8c57b2419df087",
    "M:\\asobiba\\fold\\docs\\experiment-ledger-addendum-c187-preregistration.md": "e84cabec1ec57ae38d83d9793d0f25548aac320e3a7350190d8c0b821b3ab189",
    "M:\\asobiba\\fold\\docs\\experiment-ledger-addendum-c188-preregistration.md": "7bb5831c67a4ffd678b18837c37267c8948b8c8c306c474a0f9361c1c5ab89d2",
    "M:\\asobiba\\fold\\docs\\experiment-ledger-addendum-c189-preregistration.md": "f3b09b517b864065a39158e66ec41d447c6ea6641a42008745732849216a1d4c",
    "M:\\asobiba\\fold\\docs\\experiment-ledger-addendum-c190-preregistration.md": "bb1ebf66c21fb608558d6e9b90e91fdf8ea58b382951bcb2008bcda8d6532c64",
    "M:\\asobiba\\fold\\docs\\experiment-ledger-addendum-c191-preregistration.md": "fe4fa1775517296ba9c8acc5869dec9a10ef38d072ebc227f7c33329ffcdec47",
    "M:\\asobiba\\fold\\docs\\experiment-ledger-addendum-c192-preregistration.md": "e9e2a324b075aa8acf3e2410c45044a567dedf5cf4a8a72514ba5becc524d05e",
    "M:\\asobiba\\fold\\docs\\experiment-ledger-addendum-c193-preregistration.md": "039f3f1c961240b256ea5a5f6c5ab5b44871b0dfe25744dd9620920284536e80",
    "M:\\asobiba\\fold\\docs\\experiment-ledger-addendum-c194-preregistration.md": "fdb684a34829571a360eb69c234638bfea9a883d70f6c39f9f672b86c4679e15",
    "M:\\asobiba\\fold\\docs\\experiment-ledger-addendum-c195-preregistration.md": "92679299d6ce2da5fb5ad9a770c3c3ca32b5195b0538bf164ca88c56edf3f53d",
    "M:\\asobiba\\fold\\docs\\gate-e-evaluation-contract-v0.1.md": "c6e850f3dc2e41844a72c66b7cb7808908a996ff11bf8eeae873af3f62d51510",
    "M:\\asobiba\\fold\\docs\\learned-necessity-probe-v0.1.md": "f54a6a2efda80e7af99511a80135dc1129e5c340041d2cd79b8b8a9028e92e0a",
    "M:\\asobiba\\fold\\docs\\structured-acquisition-lifecycle-v0.1.md": "d8e03f02d2b5cd632d835ad620fc07fd0e133d3703aa449108d21aed3c90e098",
    "M:\\asobiba\\fold\\docs\\structured-action-runtime-v0.1.md": "d941516e86773f3d134fd18bac28ab0d651b748830d6c8efcab100acde96d6a5",
    "M:\\asobiba\\fold\\docs\\structured-derived-result-v0.1.md": "690add974ca2713cefacb99a85cba52f49cebf1fd3f85604c02b952e411ced1f",
    "M:\\asobiba\\fold\\docs\\structured-task-interface-v0.1.md": "75edc03d940d36e15c1e2b5904c4a2c3bf62eaa9abdcfb8d8db228bf8fa0ba07",
    "M:\\asobiba\\fold\\fold_lm\\v05\\commit_context.py": "6bf863ef83f58ce282e4062276e24035da47b350ac2dd7cc748f86322497a429",
    "M:\\asobiba\\fold\\fold_lm\\v05\\controller.py": "2805509668b8fcc1b029bde03e33a531d52b79bbb5eab9bea2b14abc5d378417",
    "M:\\asobiba\\fold\\fold_lm\\v05\\receipt_replay.py": "ef35654f4d13d96b8b7685048e64ff0107e8ba5966fbade720518ef1972e7f40",
    "M:\\asobiba\\fold\\fold_lm\\v05\\state.py": "c2468836b0730f436913a9f0aa2bf36cddab7cbb4c0c365bd98cd4679f5fd2f6",
    "M:\\asobiba\\fold\\fold_lm\\v05\\structured_acquisition_lifecycle.py": "9b3a2ab6a5d2043636fa72f28d9f1ee6f8272b0afd697f143b8ade1a662d17b3",
    "M:\\asobiba\\fold\\fold_lm\\v05\\structured_action_runtime.py": "cf311de725e02825782d5619ca6ee027460ccba3c19ce5c6db16daeb03abe57b",
    "M:\\asobiba\\fold\\fold_lm\\v05\\structured_derived_result.py": "713003258a72110531717cf5c7d25e4238e0fc5839ee6190fd1a208d8d6e8764",
    "M:\\asobiba\\fold\\fold_lm\\v05\\structured_necessity_probe.py": "6efc9d6e88d9426a0e817f271f9a51d34e10d662641f13892f3051cd20bdebe1",
    "M:\\asobiba\\fold\\fold_lm\\v05\\structured_task_input.py": "855429f224a3eebe692d7421bc119cddb38ad273a4e54160d6062a34b3b0f3c4",
    "M:\\asobiba\\fold\\fold_lm\\v05_benchmarks\\c186_c185_npz_input.py": "8d4f1349728b525ca29786137de3c7ef15cf409382afb6b18ab40d6d9522d4f9",
    "M:\\asobiba\\fold\\fold_lm\\v05_benchmarks\\gate_e_c153_evidence_admission.py": "37d6fd19bee3cf483fe0315385c9c54c7474cdcd61a0e901e86e24291771b1d9",
    "M:\\asobiba\\fold\\fold_lm\\v05_benchmarks\\gate_e_c156_request_reobservation.py": "428d4ac14a2723ec54090a0e45cc9204932644b8990e4e59f0196b31a32385aa",
    "M:\\asobiba\\fold\\fold_lm\\v05_benchmarks\\gate_e_c158_live_recovery.py": "9194b8df274c0525365433d6f65b48c4c9f76818ef7b81be49d42b0b2e66024d",
    "M:\\asobiba\\fold\\fold_lm\\v05_benchmarks\\gate_e_c159_terminal_result.py": "3a47f9e115c31fbd790e3ca018f58a0350975708a6a0973501b8ae8ff0d59c13",
    "M:\\asobiba\\fold\\fold_lm\\v05_benchmarks\\gate_e_c160_live_query_result.py": "dc769271c7303c20cca49c534f9c0dd8224b92e815873206175278c44d7f5873",
    "M:\\asobiba\\fold\\fold_lm\\v05_benchmarks\\gate_e_c168_necessity_observability.py": "de60b807016c17b2f0fa47ba992daca84af2bf7230cdeed14fbaaca6fef10d50",
    "M:\\asobiba\\fold\\fold_lm\\v05_benchmarks\\gate_e_c169_interface_batch.py": "d77023d6e82489e0ee17df5c6d4058f1d41840333e8bb28acf7eaaad4a3c0696",
    "M:\\asobiba\\fold\\fold_lm\\v05_benchmarks\\gate_e_c170_structured_task_input.py": "3117fcf56e37e97adf4cefbaeb47e198898b8cca59472da63033db6d77f04334",
    "M:\\asobiba\\fold\\fold_lm\\v05_benchmarks\\gate_e_c171_derived_result.py": "5af4eb891167fafb69382da7897473f3a033a097cc9bceb7e24599dee99c5368",
    "M:\\asobiba\\fold\\fold_lm\\v05_benchmarks\\gate_e_c172_action_runtime.py": "22fd38608d3568114a6c3a331746f0b275ce535d40bcafc21e54a14d770015bb",
    "M:\\asobiba\\fold\\fold_lm\\v05_benchmarks\\gate_e_c173_acquisition_lifecycle.py": "b944d0d65f1736d0833d261a830af7513fd6b2a78844393e0de7d18597f5a8f5",
    "M:\\asobiba\\fold\\fold_lm\\v05_benchmarks\\gate_e_c174_learned_necessity.py": "d70f06def81e3fbb6bd6e6892f82a25d547ff78a047acc4b4a995988ce171dd4",
    "M:\\asobiba\\fold\\fold_lm\\v05_benchmarks\\gate_e_c175_frozen_prediction_audit.py": "9ceb8674f1325acb7dc62feeef7d83e5cc63ace539c0b478831bb13a7b16d674",
    "M:\\asobiba\\fold\\fold_lm\\v05_benchmarks\\gate_e_c176_conditional_loss.py": "adcd77cb18693e0549893ca9f59f7f637ec6565cbd0d9bb92f082badf9d21487",
    "M:\\asobiba\\fold\\fold_lm\\v05_benchmarks\\gate_e_c177_frozen_score_order.py": "5cfa8b987cb1930bd01dfb40d6b2f2c23946bd60908185ac55a27adc491e92de",
    "M:\\asobiba\\fold\\fold_lm\\v05_benchmarks\\gate_e_c178_visible_leaf_binding.py": "01537813734942589c979a7819752dcd2913d4a2851add2a5aae82b436841852",
    "M:\\asobiba\\fold\\fold_lm\\v05_benchmarks\\gate_e_c179_shared_graph.py": "6e8b2d637ce4bf706b3f38cb741ded8e19def833a68ee1401d5a1c9416f863d0",
    "M:\\asobiba\\fold\\fold_lm\\v05_benchmarks\\gate_e_c180_fact_bypass.py": "ce45c128c29a863098f3e0bfb5fb5b541a1d33436bd870414521c868c6d0bf35",
    "M:\\asobiba\\fold\\fold_lm\\v05_benchmarks\\gate_e_c181_internal_semantics.py": "50697d113cbf61e918c3f260390daedd2c94df469811a0fcaad851ae1004bc89",
    "M:\\asobiba\\fold\\fold_lm\\v05_benchmarks\\gate_e_c182_frozen_fact_renaming.py": "e02a9acbcb39d93a6cfb0d5b17dbf61ecb0437cbc1fdac667a31f54e18b86626",
    "M:\\asobiba\\fold\\fold_lm\\v05_benchmarks\\gate_e_c183_frozen_path_attribution.py": "bf7de115b15cb5a9a972a329ea5141de1a021cb552e6bf07996b7aec6fe54dd4",
    "M:\\asobiba\\fold\\fold_lm\\v05_benchmarks\\gate_e_c184_canonical_fact_indices.py": "e47eabf0cfc096a404eac948e30d7ddc5cbe72fa3b2f48e9a2b99fb6af50d4d0",
    "M:\\asobiba\\fold\\fold_lm\\v05_benchmarks\\gate_e_c185_single_missing_acquisition.py": "460b0a1c4590e9b639e022eaa8bb5220fa5158c5167bb64e7f81e14837314224",
    "M:\\asobiba\\fold\\fold_lm\\v05_benchmarks\\gate_e_c186_nonadmission_reclassification.py": "d2048b646d24a160677c51c45e9de08d7ba5eb2e472207e7f682b28550197db1",
    "M:\\asobiba\\fold\\fold_lm\\v05_benchmarks\\gate_e_c187_restricted_acquisition.py": "3daa836f3dc1682de285ff9d0e4fb246eafba5ce2af58535dea46de97318c4ab",
    "M:\\asobiba\\fold\\fold_lm\\v05_benchmarks\\gate_e_c188_multimissing_target_selection.py": "98bafc5fd08c1434a77d9a4d584bf31f6db9931cf593cf457949bc9230064ee2",
    "M:\\asobiba\\fold\\fold_lm\\v05_benchmarks\\gate_e_c189_live_multimissing_target.py": "75881ca03596fe16629e259f8621050b5ff13df81d999be49fb63d366411c799",
    "M:\\asobiba\\fold\\fold_lm\\v05_benchmarks\\gate_e_c190_iterative_multimissing_acquisition.py": "32ac71c17dd540a0a506f7f5cad15c771a02ba173f3593ca085568074d8380ff",
    "M:\\asobiba\\fold\\fold_lm\\v05_benchmarks\\gate_e_c191_third_acquisition_budget.py": "2ca8e562322478b6e3d76050229baaa6761d5b1481a8d8329695c9d9692083b5",
    "M:\\asobiba\\fold\\fold_lm\\v05_benchmarks\\gate_e_c192_post3_shadow_necessity.py": "21306fa6728c7595bba69ee73dfac60a42e727b18454358e83ea62713752a2e2",
    "M:\\asobiba\\fold\\fold_lm\\v05_benchmarks\\gate_e_c193_budget13_authoritative_closure.py": "01ce0eb72b6de312b6e5fc2724fbe491d04e0c8c037756c3c47fc1d1256d7074",
    "M:\\asobiba\\fold\\fold_lm\\v05_benchmarks\\gate_e_c194_generic_bounded_loop.py": "240c6628b81f6e65139d5b55a37212009f811df7852561cf6934d2b737baecbe",
    "M:\\asobiba\\fold\\fold_lm\\v05_benchmarks\\gate_e_c195_generic_loop_budget12_exhaustion.py": "729befe7742f3f2a3c8205b9a8f14bd27975edbdd16e4e382cb89767f35026aa",
    "M:\\asobiba\\fold\\runs\\c174-v5e-learned-necessity-529b2018ef2a4a568a30fdb89b662410\\necessity-plan.json": "c05e3cec9c57209e9f5ccc720589cf70a248bf2cc1151b3d4c40d1757841d8f8",
    "M:\\asobiba\\fold\\runs\\c174-v5e-learned-necessity-529b2018ef2a4a568a30fdb89b662410\\pilot-data.npz": "a667ecdc925b997e5b011303f72cce10d84a2c3145ed55594d5e013bb736ca03",
    "M:\\asobiba\\fold\\runs\\c174-v5e-learned-necessity-529b2018ef2a4a568a30fdb89b662410\\pilot-predictions.json": "f718d6a1aa90ade2d9f8e2454fba3744e074ee4d82c0ce95c3505615880aaaa7",
    "M:\\asobiba\\fold\\runs\\c174-v5e-learned-necessity-529b2018ef2a4a568a30fdb89b662410\\probe-174001-SYNTAX_ABLATED.pt": "ce5a52af026f10f74d079ac622a254b6ef072554e7a297c99efadd8a7bfe6cbb",
    "M:\\asobiba\\fold\\runs\\c174-v5e-learned-necessity-529b2018ef2a4a568a30fdb89b662410\\probe-174001-TASK_VISIBLE.pt": "34332d4e7e9a1d8da4e39b179335b652f1935f8d186e8e32489f4ac9c126fac9",
    "M:\\asobiba\\fold\\runs\\c174-v5e-learned-necessity-529b2018ef2a4a568a30fdb89b662410\\probe-174002-SYNTAX_ABLATED.pt": "f6fdd33c31af6e721ad83aa08a41e8780ad8cbda868220384a925339f618d567",
    "M:\\asobiba\\fold\\runs\\c174-v5e-learned-necessity-529b2018ef2a4a568a30fdb89b662410\\probe-174002-TASK_VISIBLE.pt": "bb22bf0bd626e791bf37c7b8c6ba8a0386fc46248f85ef08c03f1c8d1ba6e663",
    "M:\\asobiba\\fold\\runs\\c174-v5e-learned-necessity-529b2018ef2a4a568a30fdb89b662410\\probe-174003-SYNTAX_ABLATED.pt": "c1fdb51ef7f2833cfbacf63492d9aed89250d4c2af19e6d096d8eb3aa1206879",
    "M:\\asobiba\\fold\\runs\\c174-v5e-learned-necessity-529b2018ef2a4a568a30fdb89b662410\\probe-174003-TASK_VISIBLE.pt": "3dba79b0c3b207ef6e1d1ab80dfc03a3e775ea9c34b1cfb308785dbb70146ccc",
    "M:\\asobiba\\fold\\runs\\c174-v5e-learned-necessity-529b2018ef2a4a568a30fdb89b662410\\summary.json": "3e69b7d8cff9e1cfdab7d06c58d45f83d1f596ac793c85c4c34ff620f8637d36",
    "M:\\asobiba\\fold\\runs\\c174-v5e-learned-necessity-529b2018ef2a4a568a30fdb89b662410\\templates-and-splits.json": "f4acaae720a2f1e1b9c605f57f47947d9d42b6f54b3d7002f78037acebcb1606",
    "M:\\asobiba\\fold\\runs\\c174-v5e-learned-necessity-529b2018ef2a4a568a30fdb89b662410\\training-predictions.npz": "0bc10c35744ca5e97c3270cca1823ee8e6dc70e30acf37a7a3946cf48ed67dba",
    "M:\\asobiba\\fold\\runs\\c176-v5e-conditional-loss-baeba02034ff414094cfd5a25da5d9b7\\conditional-plan.json": "dcf45575b5e41feaa66aa8643d584321ea13a43b32c20fdd296b852f9ac2d8a9",
    "M:\\asobiba\\fold\\runs\\c176-v5e-conditional-loss-baeba02034ff414094cfd5a25da5d9b7\\pilot-predictions.json": "722d1e93b69361a2b364e3383dfd346a4bd69b4c584d99270ef7c2239ec76db3",
    "M:\\asobiba\\fold\\runs\\c176-v5e-conditional-loss-baeba02034ff414094cfd5a25da5d9b7\\probe-176001-CONDITIONAL_CE.pt": "e815269c4b02df6e918f49d1ba028dec763158bebbc1e0209728394f258624fd",
    "M:\\asobiba\\fold\\runs\\c176-v5e-conditional-loss-baeba02034ff414094cfd5a25da5d9b7\\probe-176001-UNIFORM_CE.pt": "1c367e650291cef0a7576d4b0f2a743edbfa11a15a109868eb04e9978f17da75",
    "M:\\asobiba\\fold\\runs\\c176-v5e-conditional-loss-baeba02034ff414094cfd5a25da5d9b7\\probe-176002-CONDITIONAL_CE.pt": "0795a00f07574e743142ede1c791dd7911d14726ff2481174fcc612e1602cc80",
    "M:\\asobiba\\fold\\runs\\c176-v5e-conditional-loss-baeba02034ff414094cfd5a25da5d9b7\\probe-176002-UNIFORM_CE.pt": "96a27912c111b76085087fe0059e244769a98c8112649b609c3d6db5f2306d2c",
    "M:\\asobiba\\fold\\runs\\c176-v5e-conditional-loss-baeba02034ff414094cfd5a25da5d9b7\\probe-176003-CONDITIONAL_CE.pt": "51ca7101c20c537bfd8466615f0b7e17f2ea85f6064a898220d94f42561be10c",
    "M:\\asobiba\\fold\\runs\\c176-v5e-conditional-loss-baeba02034ff414094cfd5a25da5d9b7\\probe-176003-UNIFORM_CE.pt": "aeff6736e0b9c3fc2c770d0524ff3624bfbac5472ec17076f6b8879757c8ad21",
    "M:\\asobiba\\fold\\runs\\c176-v5e-conditional-loss-baeba02034ff414094cfd5a25da5d9b7\\summary.json": "b5f48626e266a65326da41c965a48cc0824926ce636f9f6571e3962b0a0e6a5b",
    "M:\\asobiba\\fold\\runs\\c176-v5e-conditional-loss-baeba02034ff414094cfd5a25da5d9b7\\train-weight-table.json": "8fc9a73cd6c660dc826b2f0b2bba32f8ac0ad27f668194386a1ae1a4791fd0a7",
    "M:\\asobiba\\fold\\runs\\c176-v5e-conditional-loss-baeba02034ff414094cfd5a25da5d9b7\\training-predictions.npz": "67e6ea0d4676acddf4d681a4f76ad62a56cbb4e44014821f4ae2e75f7c17b210",
    "M:\\asobiba\\fold\\runs\\c177-v5e-score-order-c18e0ed086f34e0aada4635e907e470f\\score-order-details.json": "4ba428f8370e9549dbe85abf76627ce60f4bd005ac5ec86182f7b8daa779b12d",
    "M:\\asobiba\\fold\\runs\\c177-v5e-score-order-c18e0ed086f34e0aada4635e907e470f\\score-order-plan.json": "390698e13539fba0182cf28906899da6fa7665eb53ef75e3c7aca9d451b2bf11",
    "M:\\asobiba\\fold\\runs\\c177-v5e-score-order-c18e0ed086f34e0aada4635e907e470f\\summary.json": "99f6e98311b50c97081ea0fdad5052c8052d2c36a1b32f0e9f2acfea30df3db4",
    "M:\\asobiba\\fold\\runs\\c178-v5e-leaf-binding-e16d745f5b3242728e9c561023938719\\input-binding-audit.json": "b582ddbd2636348c6eddecc4d91224f4cd966425a1f097bf275f8dad11fc03e5",
    "M:\\asobiba\\fold\\runs\\c178-v5e-leaf-binding-e16d745f5b3242728e9c561023938719\\leaf-binding-plan.json": "3330adcc0f35875b867ab1057413e9676bbb99eed119074e4eec631f8253f574",
    "M:\\asobiba\\fold\\runs\\c178-v5e-leaf-binding-e16d745f5b3242728e9c561023938719\\pilot-predictions.json": "4e4272225b0709bb27f000c767eb19bd873f684a26e5d42b6ddef390d6d65108",
    "M:\\asobiba\\fold\\runs\\c178-v5e-leaf-binding-e16d745f5b3242728e9c561023938719\\probe-178001-BOUND_VISIBLE_FACTS.pt": "558d327fe9f2aa777eb7ca5547dffed246c662933bbb23247c738710d00b3cc9",
    "M:\\asobiba\\fold\\runs\\c178-v5e-leaf-binding-e16d745f5b3242728e9c561023938719\\probe-178001-INDIRECT_FACTS.pt": "e1f01059e5f773f8cf26f763d540efe22d7c85f996f087f7bb3676204fc3fa0b",
    "M:\\asobiba\\fold\\runs\\c178-v5e-leaf-binding-e16d745f5b3242728e9c561023938719\\probe-178002-BOUND_VISIBLE_FACTS.pt": "8b576d9823a85bfbad7b2477506aeaf0b766f5eaef287fa4c5b1c08f4b153d17",
    "M:\\asobiba\\fold\\runs\\c178-v5e-leaf-binding-e16d745f5b3242728e9c561023938719\\probe-178002-INDIRECT_FACTS.pt": "b3591562cabe5a11e040e513e7eadb8f9443d82a702e811a98098ac72b2c9547",
    "M:\\asobiba\\fold\\runs\\c178-v5e-leaf-binding-e16d745f5b3242728e9c561023938719\\probe-178003-BOUND_VISIBLE_FACTS.pt": "49e400d64b52c30e6e6b38d11e6cad74b01d68d1cc9f54eaf7c66b2d50c5a01e",
    "M:\\asobiba\\fold\\runs\\c178-v5e-leaf-binding-e16d745f5b3242728e9c561023938719\\probe-178003-INDIRECT_FACTS.pt": "226d34cb9d9c21b765b1a1213cd1834dd84836c09ac89dc1a6733d2dcee77eb3",
    "M:\\asobiba\\fold\\runs\\c178-v5e-leaf-binding-e16d745f5b3242728e9c561023938719\\summary.json": "19bee9fbb4068d43bcd05378b18e0e87f4b4e50fc73b635b5e69f7d2d30190d8",
    "M:\\asobiba\\fold\\runs\\c178-v5e-leaf-binding-e16d745f5b3242728e9c561023938719\\training-predictions.npz": "de1a11b3778a8236cb2f92b2420c7ed902fe9522cb94e39527369fe1075202a4",
    "M:\\asobiba\\fold\\runs\\c179-v5e-shared-graph-49f8f07577d74b8dace13a677691fe99\\pilot-predictions.json": "93adb421608bc4fda88a2337f78816678e8711c9d36b64e5e7c625092055ba98",
    "M:\\asobiba\\fold\\runs\\c179-v5e-shared-graph-49f8f07577d74b8dace13a677691fe99\\probe-179001-SEQUENCE_LINKS.pt": "b9f5a3ba14987a1ead851087c7f7608dbf282c8f5d6e04007e6d8003798c310b",
    "M:\\asobiba\\fold\\runs\\c179-v5e-shared-graph-49f8f07577d74b8dace13a677691fe99\\probe-179001-TREE_LINKS.pt": "d992bbb88ad871b2b0d2efca0f0f0407312b74724b3eae655b2ee606270f8dcd",
    "M:\\asobiba\\fold\\runs\\c179-v5e-shared-graph-49f8f07577d74b8dace13a677691fe99\\probe-179002-SEQUENCE_LINKS.pt": "5aa4e6fac793a0c4cd92e67acd6708144b84f3f60eb81e00b9601d37e969b58e",
    "M:\\asobiba\\fold\\runs\\c179-v5e-shared-graph-49f8f07577d74b8dace13a677691fe99\\probe-179002-TREE_LINKS.pt": "31625760db29fe068fc60207232887441f7d0542d171ebfcfc8d25a409ce8f13",
    "M:\\asobiba\\fold\\runs\\c179-v5e-shared-graph-49f8f07577d74b8dace13a677691fe99\\probe-179003-SEQUENCE_LINKS.pt": "8cb4ad2c7191408c75d8f5a5acd34c8d96434e85a47f5a3fce026ebb23e42faa",
    "M:\\asobiba\\fold\\runs\\c179-v5e-shared-graph-49f8f07577d74b8dace13a677691fe99\\probe-179003-TREE_LINKS.pt": "ae7cec9a38e3d6ab44632b0bc2ff6396eaa070aae6d393a6fed29ec497566730",
    "M:\\asobiba\\fold\\runs\\c179-v5e-shared-graph-49f8f07577d74b8dace13a677691fe99\\shared-graph-plan.json": "559038d8a7662b9b44b2f56ad2d1cca5c38a1e0e434a132961faa53bcf18594b",
    "M:\\asobiba\\fold\\runs\\c179-v5e-shared-graph-49f8f07577d74b8dace13a677691fe99\\shared-input-audit.json": "0e1d98a059d85bd51917d90d0a30b26c9ec5ebabc400615bc242bc4d4e5bfa17",
    "M:\\asobiba\\fold\\runs\\c179-v5e-shared-graph-49f8f07577d74b8dace13a677691fe99\\summary.json": "ba7488e2002894ccf614c29e84e0d50594dfba7617abfd8d9f4b64442915767b",
    "M:\\asobiba\\fold\\runs\\c179-v5e-shared-graph-49f8f07577d74b8dace13a677691fe99\\training-predictions.npz": "59f2580c3bd489a8cddf47b4aca60974380c335eb54fe58bc478f6e92014172d",
    "M:\\asobiba\\fold\\runs\\c180-v5e-fact-bypass-669cce9093064995bf26b1bf176dd609\\fact-bypass-plan.json": "ec4b8070887cfe29d2f5aa813dc4a5ed4a397ffb6d229d513d6e48c56b15da94",
    "M:\\asobiba\\fold\\runs\\c180-v5e-fact-bypass-669cce9093064995bf26b1bf176dd609\\pilot-predictions.json": "e6cdb95bc24ac456bc50a5f523c77ccce5aea1cb9ff029cb36a9cc854e923372",
    "M:\\asobiba\\fold\\runs\\c180-v5e-fact-bypass-669cce9093064995bf26b1bf176dd609\\probe-180001-DIRECT_FACTS.pt": "30f154d80e696bdf6bcb6226a0ff66037cbaa423adc00b0f46a84899d21a6c83",
    "M:\\asobiba\\fold\\runs\\c180-v5e-fact-bypass-669cce9093064995bf26b1bf176dd609\\probe-180001-NO_DIRECT_FACTS.pt": "1e9c8241dd2f9d9abc81eaffb033f735730791fd575d69707855556863fb21ca",
    "M:\\asobiba\\fold\\runs\\c180-v5e-fact-bypass-669cce9093064995bf26b1bf176dd609\\probe-180002-DIRECT_FACTS.pt": "3ba836f8978dd715d542e0b4b59a1b81976f02e12739cbdebd2fe4479c14236b",
    "M:\\asobiba\\fold\\runs\\c180-v5e-fact-bypass-669cce9093064995bf26b1bf176dd609\\probe-180002-NO_DIRECT_FACTS.pt": "2249d2aedcc6a13cfff27c9a95a01cf5ce90defa845943a4cea7a22bd20e7de8",
    "M:\\asobiba\\fold\\runs\\c180-v5e-fact-bypass-669cce9093064995bf26b1bf176dd609\\probe-180003-DIRECT_FACTS.pt": "7b87de9120cb53291eb06c082828513325d45d3327b73f64ebcd0f66f147173f",
    "M:\\asobiba\\fold\\runs\\c180-v5e-fact-bypass-669cce9093064995bf26b1bf176dd609\\probe-180003-NO_DIRECT_FACTS.pt": "8765e2b8b805b1887782c2f4ff18f175ea241c5d8ce760de054e57be9962ee43",
    "M:\\asobiba\\fold\\runs\\c180-v5e-fact-bypass-669cce9093064995bf26b1bf176dd609\\readout-mask-audit.json": "562eb22166ab122b593a25f2c55f423410807f5c1bb961707bfcf30b11880682",
    "M:\\asobiba\\fold\\runs\\c180-v5e-fact-bypass-669cce9093064995bf26b1bf176dd609\\summary.json": "9ad6eb52054388abda89d2eb8254b2ce278bfc983ae2a6375ab7d8327f91adf2",
    "M:\\asobiba\\fold\\runs\\c180-v5e-fact-bypass-669cce9093064995bf26b1bf176dd609\\training-predictions.npz": "d6f362ffcca2e3035af22fe1c6cbabb57937da00dff610297de7b5faa47cd5a8",
    "M:\\asobiba\\fold\\runs\\c181-v5e-internal-semantics-23f8363819474cccb05b0d1ecc8941ad\\internal-semantics-plan.json": "dd79bfea70eefc987d57de2c74a561eebf01cdf9f9907a545ab91288a22995c1",
    "M:\\asobiba\\fold\\runs\\c181-v5e-internal-semantics-23f8363819474cccb05b0d1ecc8941ad\\pilot-predictions.json": "316bc4b5f553bedb2100dd0d751a2e807e65906e978232eb8030f0cf107bdca6",
    "M:\\asobiba\\fold\\runs\\c181-v5e-internal-semantics-23f8363819474cccb05b0d1ecc8941ad\\probe-181001-FINAL_ONLY.pt": "934052ae94bb6f4c69abf24ab7658b64c1fc65c10aa6350527646284666519d7",
    "M:\\asobiba\\fold\\runs\\c181-v5e-internal-semantics-23f8363819474cccb05b0d1ecc8941ad\\probe-181001-INTERNAL_SEMANTICS.pt": "3f1bad426640c58ad8479a226cb2292991e014ec88bfbc0931a538e0f81e8289",
    "M:\\asobiba\\fold\\runs\\c181-v5e-internal-semantics-23f8363819474cccb05b0d1ecc8941ad\\probe-181002-FINAL_ONLY.pt": "571f6bc7f8b5198ca8b54448c22a5e2047555e857d1323990548b55b9da7ee20",
    "M:\\asobiba\\fold\\runs\\c181-v5e-internal-semantics-23f8363819474cccb05b0d1ecc8941ad\\probe-181002-INTERNAL_SEMANTICS.pt": "d79e87b505b98930e5b0f40b52665f2957fe7737dea032b59259283b45bf1800",
    "M:\\asobiba\\fold\\runs\\c181-v5e-internal-semantics-23f8363819474cccb05b0d1ecc8941ad\\probe-181003-FINAL_ONLY.pt": "09b993830190a43110bfe6b9e134e21e83e6b51e4e44deb27ea85ce92433022a",
    "M:\\asobiba\\fold\\runs\\c181-v5e-internal-semantics-23f8363819474cccb05b0d1ecc8941ad\\probe-181003-INTERNAL_SEMANTICS.pt": "fb6d98286eafbbc890b103220e07df4d2f398008623aa5ffa96946433a857da4",
    "M:\\asobiba\\fold\\runs\\c181-v5e-internal-semantics-23f8363819474cccb05b0d1ecc8941ad\\summary.json": "bfc68d603682aabd719bc52d33de907a60389a8e1f58ea22ebaf33fa21906f98",
    "M:\\asobiba\\fold\\runs\\c181-v5e-internal-semantics-23f8363819474cccb05b0d1ecc8941ad\\teacher-audit.json": "982fc97e281c0528f6232d2db701855d2a35095e2e60096fd04b922c37330510",
    "M:\\asobiba\\fold\\runs\\c181-v5e-internal-semantics-23f8363819474cccb05b0d1ecc8941ad\\teacher-targets.npz": "888f105ea4d474c63feebe2cecb91a9c0361ae20031b7ce923bdb64dabdc8c50",
    "M:\\asobiba\\fold\\runs\\c181-v5e-internal-semantics-23f8363819474cccb05b0d1ecc8941ad\\training-predictions.npz": "eed664c270f7b5538f5a36f5dfd3e6c91f59de99f952cbcb26ae19b102dae357",
    "M:\\asobiba\\fold\\runs\\c182-v5e-frozen-renaming-fa52ca6c8c9042598deeee261ca6e8c4\\frozen-replay.json": "a535ad72dbc73ba70d053a19072f5e5743c1195d0515c86a59f42f3cc8490860",
    "M:\\asobiba\\fold\\runs\\c182-v5e-frozen-renaming-fa52ca6c8c9042598deeee261ca6e8c4\\renamed-predictions.npz": "547c714453caf40b1f5d8d5335c19a73a2b020816aec2c2399533f6cc2655f1d",
    "M:\\asobiba\\fold\\runs\\c182-v5e-frozen-renaming-fa52ca6c8c9042598deeee261ca6e8c4\\renaming-plan.json": "df6ed6dbd743a4fce535966fe777fcafe6e43d3c61fa9b211d2316623e0bc13a",
    "M:\\asobiba\\fold\\runs\\c182-v5e-frozen-renaming-fa52ca6c8c9042598deeee261ca6e8c4\\renaming-results.json": "72d8d75594fcd33df4d5b7962cc4ef9002380ce898e900a171201e28449aa903",
    "M:\\asobiba\\fold\\runs\\c182-v5e-frozen-renaming-fa52ca6c8c9042598deeee261ca6e8c4\\summary.json": "06c00df5ee0bbafd8b908d038b68be00667e42597f8959ba3d3a431d87e03f73",
    "M:\\asobiba\\fold\\runs\\c182-v5e-frozen-renaming-fa52ca6c8c9042598deeee261ca6e8c4\\transform-audit.json": "caf92aef10696a0674674d9e1283cc4b17b70d74be14317a0b5ed6d0ecd33c59",
    "M:\\asobiba\\fold\\runs\\c183-v5e-path-attribution-b806a83c1a4044538713b844fe640198\\counterexamples.json": "586c98440f747c3f580e9e64ed6a89afdb3b9bccd6aa0c519e5b8f2963f47bcc",
    "M:\\asobiba\\fold\\runs\\c183-v5e-path-attribution-b806a83c1a4044538713b844fe640198\\path-attribution-plan.json": "7f68bf9c5c9e7d416b62917aff46f69dddf544928ffc8923a00532169d4d0f85",
    "M:\\asobiba\\fold\\runs\\c183-v5e-path-attribution-b806a83c1a4044538713b844fe640198\\path-predictions.npz": "6807dbe83a981669ee4a42e3e8c72505e48ff908337d7774415a94d066553b29",
    "M:\\asobiba\\fold\\runs\\c183-v5e-path-attribution-b806a83c1a4044538713b844fe640198\\path-results.json": "c70fbf02fe8bb1547adc6fff9e0ecec82daa04ebbb2e3870fc031d3b903dba87",
    "M:\\asobiba\\fold\\runs\\c183-v5e-path-attribution-b806a83c1a4044538713b844fe640198\\replay.json": "d138293c9f197cbb1555914d38052409c0ed5aa53db4ecc049971d84d4944202",
    "M:\\asobiba\\fold\\runs\\c183-v5e-path-attribution-b806a83c1a4044538713b844fe640198\\source-audit.json": "b750e47e3f4d555e9c39a44e47628a0f74e2e0fd81218b318ac0c633fbb7cb95",
    "M:\\asobiba\\fold\\runs\\c183-v5e-path-attribution-b806a83c1a4044538713b844fe640198\\summary.json": "ec3b67c7ff865e26d633d03bd5086a9ff60bdc277bc26333085121dc20232c24",
    "M:\\asobiba\\fold\\runs\\c184-v5e-canonical-indices-5e2a159b64164b3a919762ebdbdc4f90\\canonical-index-plan.json": "1787cc7510b134bb9e72539bd7f41daf93d2632ef2565c43fb3fb3691296c66e",
    "M:\\asobiba\\fold\\runs\\c184-v5e-canonical-indices-5e2a159b64164b3a919762ebdbdc4f90\\canonicalization-audit.json": "0850c4e3242abb18485880917548922772bcbe042fe582d01a438d201e801dcc",
    "M:\\asobiba\\fold\\runs\\c184-v5e-canonical-indices-5e2a159b64164b3a919762ebdbdc4f90\\frozen-replay.json": "a535ad72dbc73ba70d053a19072f5e5743c1195d0515c86a59f42f3cc8490860",
    "M:\\asobiba\\fold\\runs\\c184-v5e-canonical-indices-5e2a159b64164b3a919762ebdbdc4f90\\normalized-predictions.npz": "0eef249a9d9e5b053ace9a2adb97fec4f2385c7ee842817a2513a0a432f1a7c2",
    "M:\\asobiba\\fold\\runs\\c184-v5e-canonical-indices-5e2a159b64164b3a919762ebdbdc4f90\\normalized-results.json": "5832206c19167a488f5a40f9e380a86a4458c07a0d14e41a2b3fb041893bec21",
    "M:\\asobiba\\fold\\runs\\c184-v5e-canonical-indices-5e2a159b64164b3a919762ebdbdc4f90\\summary.json": "7817f8f17932f772d80e6a994bf58c17c8f71b73a1f5691a4a5345ce3a917e04",
    "M:\\asobiba\\fold\\runs\\c185-v5e-single-missing-acquisition-72d30a1a4e114de5b981352de26055e6\\acquisition-plan.json": "7b0170e0effb29dac8028b9c4a68c87e479b1545a8e404c6aaa3eb540e808557",
    "M:\\asobiba\\fold\\runs\\c185-v5e-single-missing-acquisition-72d30a1a4e114de5b981352de26055e6\\episode-predictions.npz": "e597baf0dfa76b34a32dcb2a0445640aaeb21bb99a22af25c26c854ef3eabcf8",
    "M:\\asobiba\\fold\\runs\\c185-v5e-single-missing-acquisition-72d30a1a4e114de5b981352de26055e6\\episode-results.json": "0e4e198ce1e9aaac6eb0e79546401b1d79cb7e3095480c54801cb3bbd9603084",
    "M:\\asobiba\\fold\\runs\\c185-v5e-single-missing-acquisition-72d30a1a4e114de5b981352de26055e6\\episode-traces.jsonl.gz": "399d8775d106a21a2181691901a0aa3cfdcfa3ef492c27acce5951c6c93c1949",
    "M:\\asobiba\\fold\\runs\\c185-v5e-single-missing-acquisition-72d30a1a4e114de5b981352de26055e6\\frozen-replay.json": "2255c121a330d958db6ded087ac196741a6d36b9eb8ae924944385c0564a857c",
    "M:\\asobiba\\fold\\runs\\c185-v5e-single-missing-acquisition-72d30a1a4e114de5b981352de26055e6\\sources\\fact-0-completion-0.json": "d3d693b1ce3d22b31f3826feace8eb511eb3e8f5b427ba1ac2fb607af8419dc2",
    "M:\\asobiba\\fold\\runs\\c185-v5e-single-missing-acquisition-72d30a1a4e114de5b981352de26055e6\\sources\\fact-0-completion-1.json": "aa684e21cc075142892e05a65d260a3967abde5da7b3996d58b924df7df8f7d6",
    "M:\\asobiba\\fold\\runs\\c185-v5e-single-missing-acquisition-72d30a1a4e114de5b981352de26055e6\\sources\\fact-1-completion-0.json": "1b6b28bab6436fb62dac757d629d4eda6da45c098f70f5f3414a6b1afc9fd292",
    "M:\\asobiba\\fold\\runs\\c185-v5e-single-missing-acquisition-72d30a1a4e114de5b981352de26055e6\\sources\\fact-1-completion-1.json": "43984ace8084b91f3bb8ec74c1da6f97b3ff95a988fe62373f7a07647ceb3e56",
    "M:\\asobiba\\fold\\runs\\c185-v5e-single-missing-acquisition-72d30a1a4e114de5b981352de26055e6\\sources\\fact-2-completion-0.json": "ff89d9d08d5cf91452059f835997a2001c2c27e39a341e35294a28c564beca5b",
    "M:\\asobiba\\fold\\runs\\c185-v5e-single-missing-acquisition-72d30a1a4e114de5b981352de26055e6\\sources\\fact-2-completion-1.json": "d6fb4451badea2e3d8fe8bceb80464c891efae5f7323c1509599c9eca5e2b70c",
    "M:\\asobiba\\fold\\runs\\c185-v5e-single-missing-acquisition-72d30a1a4e114de5b981352de26055e6\\sources\\fact-3-completion-0.json": "6182708e781d9f0f73cd3df20c1257a9611d8d3ed02f4499992e700545b249c2",
    "M:\\asobiba\\fold\\runs\\c185-v5e-single-missing-acquisition-72d30a1a4e114de5b981352de26055e6\\sources\\fact-3-completion-1.json": "09c4b6c269cbfbf1ab3c9cf9ce22cdcd5ded0abbf2fd601d8a1e50be2a6e9ea9",
    "M:\\asobiba\\fold\\runs\\c185-v5e-single-missing-acquisition-72d30a1a4e114de5b981352de26055e6\\summary.json": "843fb9816270e4a597ca094c6e90408a35910490324db60bc3018f62156ac949",
    "M:\\asobiba\\fold\\runs\\c186-v5e-nonadmission-0d274f54409144cf83899758d020e82b\\episode-predictions.npz": "dcd74467abd090a817998009318762e3ed613b84934f49100786177ea3ebd0cf",
    "M:\\asobiba\\fold\\runs\\c186-v5e-nonadmission-0d274f54409144cf83899758d020e82b\\episode-results.json": "3c53ca8a60570ce60000d0c305c949a03e9723ced716a95609c34e9f08f4f710",
    "M:\\asobiba\\fold\\runs\\c186-v5e-nonadmission-0d274f54409144cf83899758d020e82b\\episode-traces.jsonl.gz": "29f01fbe245e0bccbec5ba11856ecd719ae96794a72ec1fc972fc6c1893d6090",
    "M:\\asobiba\\fold\\runs\\c186-v5e-nonadmission-0d274f54409144cf83899758d020e82b\\frozen-replay.json": "f822d3c0c0e1bb9b591a0772dc930acb447c21a6bee7360f16418ee0eec650dd",
    "M:\\asobiba\\fold\\runs\\c186-v5e-nonadmission-0d274f54409144cf83899758d020e82b\\nonadmission-plan.json": "ea149d8e40dd189e745c203e09344ca30fc09c9761146630c29a9159352df746",
    "M:\\asobiba\\fold\\runs\\c186-v5e-nonadmission-0d274f54409144cf83899758d020e82b\\sources\\fact-0-completion-0.json": "d3d693b1ce3d22b31f3826feace8eb511eb3e8f5b427ba1ac2fb607af8419dc2",
    "M:\\asobiba\\fold\\runs\\c186-v5e-nonadmission-0d274f54409144cf83899758d020e82b\\sources\\fact-0-completion-1.json": "aa684e21cc075142892e05a65d260a3967abde5da7b3996d58b924df7df8f7d6",
    "M:\\asobiba\\fold\\runs\\c186-v5e-nonadmission-0d274f54409144cf83899758d020e82b\\sources\\fact-1-completion-0.json": "1b6b28bab6436fb62dac757d629d4eda6da45c098f70f5f3414a6b1afc9fd292",
    "M:\\asobiba\\fold\\runs\\c186-v5e-nonadmission-0d274f54409144cf83899758d020e82b\\sources\\fact-1-completion-1.json": "43984ace8084b91f3bb8ec74c1da6f97b3ff95a988fe62373f7a07647ceb3e56",
    "M:\\asobiba\\fold\\runs\\c186-v5e-nonadmission-0d274f54409144cf83899758d020e82b\\sources\\fact-2-completion-0.json": "ff89d9d08d5cf91452059f835997a2001c2c27e39a341e35294a28c564beca5b",
    "M:\\asobiba\\fold\\runs\\c186-v5e-nonadmission-0d274f54409144cf83899758d020e82b\\sources\\fact-2-completion-1.json": "d6fb4451badea2e3d8fe8bceb80464c891efae5f7323c1509599c9eca5e2b70c",
    "M:\\asobiba\\fold\\runs\\c186-v5e-nonadmission-0d274f54409144cf83899758d020e82b\\sources\\fact-3-completion-0.json": "6182708e781d9f0f73cd3df20c1257a9611d8d3ed02f4499992e700545b249c2",
    "M:\\asobiba\\fold\\runs\\c186-v5e-nonadmission-0d274f54409144cf83899758d020e82b\\sources\\fact-3-completion-1.json": "09c4b6c269cbfbf1ab3c9cf9ce22cdcd5ded0abbf2fd601d8a1e50be2a6e9ea9",
    "M:\\asobiba\\fold\\runs\\c186-v5e-nonadmission-0d274f54409144cf83899758d020e82b\\summary.json": "e9bfc53b000bb46bc76a00e4e8b78ec5ecc2aa38727610a8a73bf5c5735c1e82",
    "M:\\asobiba\\fold\\runs\\c187-v5e-restricted-acquisition-cc3717a5a9994142a9147953dce83573\\episode-predictions.npz": "e8e1e7bd77c444c05b5e762a40a52d947458cdf29e9699c675e04390344dfb94",
    "M:\\asobiba\\fold\\runs\\c187-v5e-restricted-acquisition-cc3717a5a9994142a9147953dce83573\\episode-results.json": "a264c6880dfd6c6c9f4d49c73af1bc85f13e45dd1af113299edaab7b8ce79828",
    "M:\\asobiba\\fold\\runs\\c187-v5e-restricted-acquisition-cc3717a5a9994142a9147953dce83573\\episode-traces.jsonl.gz": "ab51de1fa23ec31fa781d035e06c40c10088e87ee15f6cf6e8d38bfbbf48c7fa",
    "M:\\asobiba\\fold\\runs\\c187-v5e-restricted-acquisition-cc3717a5a9994142a9147953dce83573\\frozen-replay.json": "f822d3c0c0e1bb9b591a0772dc930acb447c21a6bee7360f16418ee0eec650dd",
    "M:\\asobiba\\fold\\runs\\c187-v5e-restricted-acquisition-cc3717a5a9994142a9147953dce83573\\restriction-plan.json": "cdf55023483dc96c9121adb7430d7a43c48203efe7af0487cad6018ded15e102",
    "M:\\asobiba\\fold\\runs\\c187-v5e-restricted-acquisition-cc3717a5a9994142a9147953dce83573\\sources\\fact-0-completion-0.json": "d3d693b1ce3d22b31f3826feace8eb511eb3e8f5b427ba1ac2fb607af8419dc2",
    "M:\\asobiba\\fold\\runs\\c187-v5e-restricted-acquisition-cc3717a5a9994142a9147953dce83573\\sources\\fact-0-completion-1.json": "aa684e21cc075142892e05a65d260a3967abde5da7b3996d58b924df7df8f7d6",
    "M:\\asobiba\\fold\\runs\\c187-v5e-restricted-acquisition-cc3717a5a9994142a9147953dce83573\\sources\\fact-1-completion-0.json": "1b6b28bab6436fb62dac757d629d4eda6da45c098f70f5f3414a6b1afc9fd292",
    "M:\\asobiba\\fold\\runs\\c187-v5e-restricted-acquisition-cc3717a5a9994142a9147953dce83573\\sources\\fact-1-completion-1.json": "43984ace8084b91f3bb8ec74c1da6f97b3ff95a988fe62373f7a07647ceb3e56",
    "M:\\asobiba\\fold\\runs\\c187-v5e-restricted-acquisition-cc3717a5a9994142a9147953dce83573\\sources\\fact-2-completion-0.json": "ff89d9d08d5cf91452059f835997a2001c2c27e39a341e35294a28c564beca5b",
    "M:\\asobiba\\fold\\runs\\c187-v5e-restricted-acquisition-cc3717a5a9994142a9147953dce83573\\sources\\fact-2-completion-1.json": "d6fb4451badea2e3d8fe8bceb80464c891efae5f7323c1509599c9eca5e2b70c",
    "M:\\asobiba\\fold\\runs\\c187-v5e-restricted-acquisition-cc3717a5a9994142a9147953dce83573\\sources\\fact-3-completion-0.json": "6182708e781d9f0f73cd3df20c1257a9611d8d3ed02f4499992e700545b249c2",
    "M:\\asobiba\\fold\\runs\\c187-v5e-restricted-acquisition-cc3717a5a9994142a9147953dce83573\\sources\\fact-3-completion-1.json": "09c4b6c269cbfbf1ab3c9cf9ce22cdcd5ded0abbf2fd601d8a1e50be2a6e9ea9",
    "M:\\asobiba\\fold\\runs\\c187-v5e-restricted-acquisition-cc3717a5a9994142a9147953dce83573\\summary.json": "910a8a51c70a7ddfd996d99d21bcd9bc362ba568919ed04fb7305071d9142ccd",
    "M:\\asobiba\\fold\\runs\\c188-v5e-multimissing-target-selection-81830a0e8ba741519c9172bdf2f7a7bc\\frequency-reference.json": "0815cc160eef21e0867ca45901ba9c5d3cdfbf50e7081d2d4cfe2605a7b3d967",
    "M:\\asobiba\\fold\\runs\\c188-v5e-multimissing-target-selection-81830a0e8ba741519c9172bdf2f7a7bc\\pilot-predictions.npz": "1118ad5a100ad86e74449dfd344ed3af2a5c372a31ea3f377f38cd4a46e4726b",
    "M:\\asobiba\\fold\\runs\\c188-v5e-multimissing-target-selection-81830a0e8ba741519c9172bdf2f7a7bc\\selector-181001-188001.pt": "02547ed98ce155f6c260b5dbdf8fe5e2bb7dc4ce40248c77d511ab8089e6178d",
    "M:\\asobiba\\fold\\runs\\c188-v5e-multimissing-target-selection-81830a0e8ba741519c9172bdf2f7a7bc\\selector-181001-188002.pt": "a3829e15a53624db3b3b5ebde797722f482ff89868a3aee0adcae8d9e8f3c8d6",
    "M:\\asobiba\\fold\\runs\\c188-v5e-multimissing-target-selection-81830a0e8ba741519c9172bdf2f7a7bc\\selector-181001-188003.pt": "5a6ac005bca34035d8a7bc501ec5d8c5c0683755f11ab248939e9734e9514c10",
    "M:\\asobiba\\fold\\runs\\c188-v5e-multimissing-target-selection-81830a0e8ba741519c9172bdf2f7a7bc\\selector-181002-188001.pt": "c41b74df066890775b6f8bd1eddc5e6ac527d80ac20d42818044f6050a80a19b",
    "M:\\asobiba\\fold\\runs\\c188-v5e-multimissing-target-selection-81830a0e8ba741519c9172bdf2f7a7bc\\selector-181002-188002.pt": "68e87800945bdb1803378b68df0b0df5d00199898665733a35b0f5271336e8d9",
    "M:\\asobiba\\fold\\runs\\c188-v5e-multimissing-target-selection-81830a0e8ba741519c9172bdf2f7a7bc\\selector-181002-188003.pt": "77cb6176a750d31a9f58908439b5a6036444aaab268b044103abf351d1235789",
    "M:\\asobiba\\fold\\runs\\c188-v5e-multimissing-target-selection-81830a0e8ba741519c9172bdf2f7a7bc\\selector-181003-188001.pt": "b8e91706ffb1bce697bbd397a3147c6be930f870a5609322cf23d5dfa26778d9",
    "M:\\asobiba\\fold\\runs\\c188-v5e-multimissing-target-selection-81830a0e8ba741519c9172bdf2f7a7bc\\selector-181003-188002.pt": "cafd3306ca434581bfb3951b3895e8bd045178c4afe5c3ac391bf9f98aa30376",
    "M:\\asobiba\\fold\\runs\\c188-v5e-multimissing-target-selection-81830a0e8ba741519c9172bdf2f7a7bc\\selector-181003-188003.pt": "f69c3e60b90163836d4fc708214352d1e332b21644b21a2b3fb924998cfafe2c",
    "M:\\asobiba\\fold\\runs\\c188-v5e-multimissing-target-selection-81830a0e8ba741519c9172bdf2f7a7bc\\selector-results.json": "2f76d3fb18d508d9b9f169dcfb3cc1c42f42043a2f8190b37b258a7bb89219a2",
    "M:\\asobiba\\fold\\runs\\c188-v5e-multimissing-target-selection-81830a0e8ba741519c9172bdf2f7a7bc\\summary.json": "2a3ef27e9dec281159197775a15771b31b4945c9a0fa84787b4b812e9efb4153",
    "M:\\asobiba\\fold\\runs\\c188-v5e-multimissing-target-selection-81830a0e8ba741519c9172bdf2f7a7bc\\target-selection-plan.json": "e826a630b5ab334e0f66b03731bb2188a3377791f6132536c338df96be95dd68",
    "M:\\asobiba\\fold\\runs\\c188-v5e-multimissing-target-selection-81830a0e8ba741519c9172bdf2f7a7bc\\target-teacher.npz": "e1d11953d5c45262c9f9ee0346561fa34614d415dd35b5cb30bd2e24d0c50a19",
    "M:\\asobiba\\fold\\runs\\c189-v5e-live-multimissing-target-19ae6f0a2dd8402492df6beab82dc3a3\\episode-predictions.npz": "3b60b4f1002daae00e87ebe01acc93f605b54fcff16144bc2d702b8b9c71a0e8",
    "M:\\asobiba\\fold\\runs\\c189-v5e-live-multimissing-target-19ae6f0a2dd8402492df6beab82dc3a3\\episode-results.json": "af2e3a5f7f7689602d52180dca5625dd56dec69731f35f358c3ca3df638a3b1a",
    "M:\\asobiba\\fold\\runs\\c189-v5e-live-multimissing-target-19ae6f0a2dd8402492df6beab82dc3a3\\episode-traces.jsonl.gz": "057473e242736fffaf34c7a283e93b55790bde02ae2547c704d919b323450074",
    "M:\\asobiba\\fold\\runs\\c189-v5e-live-multimissing-target-19ae6f0a2dd8402492df6beab82dc3a3\\live-target-plan.json": "a69b8d724c37f80dd14b2af37e2384a2e311da43db89f0b4c194d6369d083438",
    "M:\\asobiba\\fold\\runs\\c189-v5e-live-multimissing-target-19ae6f0a2dd8402492df6beab82dc3a3\\selector-replay.json": "e1728ee833c52504f64175296e941ffcad0b78f4447140bb2ac19c52a4f5cdb5",
    "M:\\asobiba\\fold\\runs\\c189-v5e-live-multimissing-target-19ae6f0a2dd8402492df6beab82dc3a3\\sources\\fact-0-completion-0.json": "d3d693b1ce3d22b31f3826feace8eb511eb3e8f5b427ba1ac2fb607af8419dc2",
    "M:\\asobiba\\fold\\runs\\c189-v5e-live-multimissing-target-19ae6f0a2dd8402492df6beab82dc3a3\\sources\\fact-0-completion-1.json": "aa684e21cc075142892e05a65d260a3967abde5da7b3996d58b924df7df8f7d6",
    "M:\\asobiba\\fold\\runs\\c189-v5e-live-multimissing-target-19ae6f0a2dd8402492df6beab82dc3a3\\sources\\fact-1-completion-0.json": "1b6b28bab6436fb62dac757d629d4eda6da45c098f70f5f3414a6b1afc9fd292",
    "M:\\asobiba\\fold\\runs\\c189-v5e-live-multimissing-target-19ae6f0a2dd8402492df6beab82dc3a3\\sources\\fact-1-completion-1.json": "43984ace8084b91f3bb8ec74c1da6f97b3ff95a988fe62373f7a07647ceb3e56",
    "M:\\asobiba\\fold\\runs\\c189-v5e-live-multimissing-target-19ae6f0a2dd8402492df6beab82dc3a3\\sources\\fact-2-completion-0.json": "ff89d9d08d5cf91452059f835997a2001c2c27e39a341e35294a28c564beca5b",
    "M:\\asobiba\\fold\\runs\\c189-v5e-live-multimissing-target-19ae6f0a2dd8402492df6beab82dc3a3\\sources\\fact-2-completion-1.json": "d6fb4451badea2e3d8fe8bceb80464c891efae5f7323c1509599c9eca5e2b70c",
    "M:\\asobiba\\fold\\runs\\c189-v5e-live-multimissing-target-19ae6f0a2dd8402492df6beab82dc3a3\\sources\\fact-3-completion-0.json": "6182708e781d9f0f73cd3df20c1257a9611d8d3ed02f4499992e700545b249c2",
    "M:\\asobiba\\fold\\runs\\c189-v5e-live-multimissing-target-19ae6f0a2dd8402492df6beab82dc3a3\\sources\\fact-3-completion-1.json": "09c4b6c269cbfbf1ab3c9cf9ce22cdcd5ded0abbf2fd601d8a1e50be2a6e9ea9",
    "M:\\asobiba\\fold\\runs\\c189-v5e-live-multimissing-target-19ae6f0a2dd8402492df6beab82dc3a3\\summary.json": "a9388db7e28e25cf1b12e7f78e3068228ee5b5562da12a3a626fe054fead4b7a",
    "M:\\asobiba\\fold\\runs\\c190-v5e-iterative-multimissing-fce03e62811c4166a11280c32ecfc534\\episode-predictions.npz": "6469cad3fc2b21da0c5c2a9a8dc8a6ee424f8dc3d61b3dbf4877b733a64b326f",
    "M:\\asobiba\\fold\\runs\\c190-v5e-iterative-multimissing-fce03e62811c4166a11280c32ecfc534\\episode-results.json": "60e411478336c946b1d6edb58820fd92785307d9772d1fa44a8292d650b5ac32",
    "M:\\asobiba\\fold\\runs\\c190-v5e-iterative-multimissing-fce03e62811c4166a11280c32ecfc534\\episode-traces.jsonl.gz": "8272761f43f8a42ee72ff2cc4eae9c9ecfe8ac48cff13040e1c52286e00febc3",
    "M:\\asobiba\\fold\\runs\\c190-v5e-iterative-multimissing-fce03e62811c4166a11280c32ecfc534\\iterative-plan.json": "65a23fb369e7cf4d0935bb35a024ec796c0022e8872d944dc8a2e1575f70e624",
    "M:\\asobiba\\fold\\runs\\c190-v5e-iterative-multimissing-fce03e62811c4166a11280c32ecfc534\\parent-replay.json": "33e87a16c40fca6878f69592757abbf482af14079435044ba559f356de84073d",
    "M:\\asobiba\\fold\\runs\\c190-v5e-iterative-multimissing-fce03e62811c4166a11280c32ecfc534\\sources\\world-00.json": "60db548156b43455a76347bb0515e54059762604c680915e3f80e09eb1124040",
    "M:\\asobiba\\fold\\runs\\c190-v5e-iterative-multimissing-fce03e62811c4166a11280c32ecfc534\\sources\\world-01.json": "a9d0f3d29470459c91e5682308cd4037a8381541340b28368f6f16b572a6f073",
    "M:\\asobiba\\fold\\runs\\c190-v5e-iterative-multimissing-fce03e62811c4166a11280c32ecfc534\\sources\\world-02.json": "7edc1a04ca1325cdc5c6206726b53ff15ee559dee618fac6a7535afcf3bb4502",
    "M:\\asobiba\\fold\\runs\\c190-v5e-iterative-multimissing-fce03e62811c4166a11280c32ecfc534\\sources\\world-03.json": "1cca00c5520898b045f5b8676ddbe63570de3b192a967b420c7993ba5ccfd5cd",
    "M:\\asobiba\\fold\\runs\\c190-v5e-iterative-multimissing-fce03e62811c4166a11280c32ecfc534\\sources\\world-04.json": "e031661bc1a8fe4bb3035ca034bb9584bfe211298a43a2870828ebab06b5a61f",
    "M:\\asobiba\\fold\\runs\\c190-v5e-iterative-multimissing-fce03e62811c4166a11280c32ecfc534\\sources\\world-05.json": "04e97110c77e4676b18a0927bd56df9354ddda77d0b3290b5165f9b1410058f9",
    "M:\\asobiba\\fold\\runs\\c190-v5e-iterative-multimissing-fce03e62811c4166a11280c32ecfc534\\sources\\world-06.json": "a1a07b00ec5d71e38d8a476ad2f2a1377a204e6b35c04ea74e9028c1b87ce925",
    "M:\\asobiba\\fold\\runs\\c190-v5e-iterative-multimissing-fce03e62811c4166a11280c32ecfc534\\sources\\world-07.json": "300dc8e390343c3121842b2f72ae3655d11ddcc035b8ccf677d9023ae03deb58",
    "M:\\asobiba\\fold\\runs\\c190-v5e-iterative-multimissing-fce03e62811c4166a11280c32ecfc534\\sources\\world-08.json": "2bbf3d15cb6301b91fe53b145442c75fbe37cfbcdb19ef53d905f1a9e6998340",
    "M:\\asobiba\\fold\\runs\\c190-v5e-iterative-multimissing-fce03e62811c4166a11280c32ecfc534\\sources\\world-09.json": "4bfc759ea45316250416bd5ce6059868b0c750a6e31e0dfeca4ad27f9a43cf47",
    "M:\\asobiba\\fold\\runs\\c190-v5e-iterative-multimissing-fce03e62811c4166a11280c32ecfc534\\sources\\world-10.json": "a97d2218530ed8ea3a9e40a1572062c0f78710fe809e6cb1f41f80cab1ac7c37",
    "M:\\asobiba\\fold\\runs\\c190-v5e-iterative-multimissing-fce03e62811c4166a11280c32ecfc534\\sources\\world-11.json": "38d4a7c43c857b9858e1719983dbec383195e60fb36d5bde1c8442955524fb5d",
    "M:\\asobiba\\fold\\runs\\c190-v5e-iterative-multimissing-fce03e62811c4166a11280c32ecfc534\\sources\\world-12.json": "1a79c8d24809b0fcdc4f462439e12eb20db1f894e80b031e9203e40a2ee221b3",
    "M:\\asobiba\\fold\\runs\\c190-v5e-iterative-multimissing-fce03e62811c4166a11280c32ecfc534\\sources\\world-13.json": "445619ad0bb33940756ce2c5713e4181c2d444ad5ec3bf9347f02e32b0cf783c",
    "M:\\asobiba\\fold\\runs\\c190-v5e-iterative-multimissing-fce03e62811c4166a11280c32ecfc534\\sources\\world-14.json": "267c4e437380a233232a90a5c2bf3b451404aef21a2839eb2c33e12f93227257",
    "M:\\asobiba\\fold\\runs\\c190-v5e-iterative-multimissing-fce03e62811c4166a11280c32ecfc534\\sources\\world-15.json": "3b603abc2a5279c5f2315160ff79ac0d74d9740abeb5ac42b32b84f6f1839743",
    "M:\\asobiba\\fold\\runs\\c190-v5e-iterative-multimissing-fce03e62811c4166a11280c32ecfc534\\summary.json": "6902f97fd1fbcb1eb878884594a333ae41a0d35c83b872d287439386f7fabd59",
    "M:\\asobiba\\fold\\runs\\c191-v5e-third-acquisition-85be544455144f10965cbd9ee0c1c59e\\episode-predictions.npz": "a18d1b6353a3004c7d61a671693eb56c9005fc5c46f3897c1021ffb14144b7b5",
    "M:\\asobiba\\fold\\runs\\c191-v5e-third-acquisition-85be544455144f10965cbd9ee0c1c59e\\episode-results.json": "f88b9fd0fef9b7a95079530a987f466db02254cb220b246d93d2c7921d87c25e",
    "M:\\asobiba\\fold\\runs\\c191-v5e-third-acquisition-85be544455144f10965cbd9ee0c1c59e\\episode-traces.jsonl.gz": "f5c54f83b27b335a048aaf7806e0dea759d94c52d0bde3d45120e8b5995a663c",
    "M:\\asobiba\\fold\\runs\\c191-v5e-third-acquisition-85be544455144f10965cbd9ee0c1c59e\\parent-replay.json": "3da392cae5aa9c5d110f201b7880f9cc299c948b8e58b68bed3d8cf5146bca3b",
    "M:\\asobiba\\fold\\runs\\c191-v5e-third-acquisition-85be544455144f10965cbd9ee0c1c59e\\sources\\world-00.json": "60db548156b43455a76347bb0515e54059762604c680915e3f80e09eb1124040",
    "M:\\asobiba\\fold\\runs\\c191-v5e-third-acquisition-85be544455144f10965cbd9ee0c1c59e\\sources\\world-01.json": "a9d0f3d29470459c91e5682308cd4037a8381541340b28368f6f16b572a6f073",
    "M:\\asobiba\\fold\\runs\\c191-v5e-third-acquisition-85be544455144f10965cbd9ee0c1c59e\\sources\\world-02.json": "7edc1a04ca1325cdc5c6206726b53ff15ee559dee618fac6a7535afcf3bb4502",
    "M:\\asobiba\\fold\\runs\\c191-v5e-third-acquisition-85be544455144f10965cbd9ee0c1c59e\\sources\\world-03.json": "1cca00c5520898b045f5b8676ddbe63570de3b192a967b420c7993ba5ccfd5cd",
    "M:\\asobiba\\fold\\runs\\c191-v5e-third-acquisition-85be544455144f10965cbd9ee0c1c59e\\sources\\world-04.json": "e031661bc1a8fe4bb3035ca034bb9584bfe211298a43a2870828ebab06b5a61f",
    "M:\\asobiba\\fold\\runs\\c191-v5e-third-acquisition-85be544455144f10965cbd9ee0c1c59e\\sources\\world-05.json": "04e97110c77e4676b18a0927bd56df9354ddda77d0b3290b5165f9b1410058f9",
    "M:\\asobiba\\fold\\runs\\c191-v5e-third-acquisition-85be544455144f10965cbd9ee0c1c59e\\sources\\world-06.json": "a1a07b00ec5d71e38d8a476ad2f2a1377a204e6b35c04ea74e9028c1b87ce925",
    "M:\\asobiba\\fold\\runs\\c191-v5e-third-acquisition-85be544455144f10965cbd9ee0c1c59e\\sources\\world-07.json": "300dc8e390343c3121842b2f72ae3655d11ddcc035b8ccf677d9023ae03deb58",
    "M:\\asobiba\\fold\\runs\\c191-v5e-third-acquisition-85be544455144f10965cbd9ee0c1c59e\\sources\\world-08.json": "2bbf3d15cb6301b91fe53b145442c75fbe37cfbcdb19ef53d905f1a9e6998340",
    "M:\\asobiba\\fold\\runs\\c191-v5e-third-acquisition-85be544455144f10965cbd9ee0c1c59e\\sources\\world-09.json": "4bfc759ea45316250416bd5ce6059868b0c750a6e31e0dfeca4ad27f9a43cf47",
    "M:\\asobiba\\fold\\runs\\c191-v5e-third-acquisition-85be544455144f10965cbd9ee0c1c59e\\sources\\world-10.json": "a97d2218530ed8ea3a9e40a1572062c0f78710fe809e6cb1f41f80cab1ac7c37",
    "M:\\asobiba\\fold\\runs\\c191-v5e-third-acquisition-85be544455144f10965cbd9ee0c1c59e\\sources\\world-11.json": "38d4a7c43c857b9858e1719983dbec383195e60fb36d5bde1c8442955524fb5d",
    "M:\\asobiba\\fold\\runs\\c191-v5e-third-acquisition-85be544455144f10965cbd9ee0c1c59e\\sources\\world-12.json": "1a79c8d24809b0fcdc4f462439e12eb20db1f894e80b031e9203e40a2ee221b3",
    "M:\\asobiba\\fold\\runs\\c191-v5e-third-acquisition-85be544455144f10965cbd9ee0c1c59e\\sources\\world-13.json": "445619ad0bb33940756ce2c5713e4181c2d444ad5ec3bf9347f02e32b0cf783c",
    "M:\\asobiba\\fold\\runs\\c191-v5e-third-acquisition-85be544455144f10965cbd9ee0c1c59e\\sources\\world-14.json": "267c4e437380a233232a90a5c2bf3b451404aef21a2839eb2c33e12f93227257",
    "M:\\asobiba\\fold\\runs\\c191-v5e-third-acquisition-85be544455144f10965cbd9ee0c1c59e\\sources\\world-15.json": "3b603abc2a5279c5f2315160ff79ac0d74d9740abeb5ac42b32b84f6f1839743",
    "M:\\asobiba\\fold\\runs\\c191-v5e-third-acquisition-85be544455144f10965cbd9ee0c1c59e\\summary.json": "b05cd702e9572c61a3ae981e5279c7fb096fe1078c7d65f6401f180f307c84f4",
    "M:\\asobiba\\fold\\runs\\c191-v5e-third-acquisition-85be544455144f10965cbd9ee0c1c59e\\third-step-plan.json": "0c50146ce4ca0e99f62ddb434075f57776966c5717b72f660d7304e20b86611f",
    "M:\\asobiba\\fold\\runs\\c192-v5e-post3-shadow-ca96332ef4a4443abc566a4aadd52141\\episode-results.json": "6885e62d8ae824078807d7f32d5ec889b3460e6a5d344b82e2eb35bdecd08a1a",
    "M:\\asobiba\\fold\\runs\\c192-v5e-post3-shadow-ca96332ef4a4443abc566a4aadd52141\\parent-replay.json": "33e87a16c40fca6878f69592757abbf482af14079435044ba559f356de84073d",
    "M:\\asobiba\\fold\\runs\\c192-v5e-post3-shadow-ca96332ef4a4443abc566a4aadd52141\\shadow-plan.json": "e693a5394d1cb7a0425243aceb8d9210e8a1bb2a472010d9bb9edd88d74ed8fd",
    "M:\\asobiba\\fold\\runs\\c192-v5e-post3-shadow-ca96332ef4a4443abc566a4aadd52141\\shadow-predictions.npz": "b1119e51c523bbd2b038fee39d911c540619a2580ea13f6fdcec9c164e809b02",
    "M:\\asobiba\\fold\\runs\\c192-v5e-post3-shadow-ca96332ef4a4443abc566a4aadd52141\\shadow-traces.jsonl.gz": "d81cd6f8d5d30cca502846256fa412fef3d78438c3b71b22c7d3aed5f4ae511e",
    "M:\\asobiba\\fold\\runs\\c192-v5e-post3-shadow-ca96332ef4a4443abc566a4aadd52141\\summary.json": "05d1b0b7783ca8c3e0313a32172f8f7068ec0c9542042e7cfe2246bb81446ee1",
    "M:\\asobiba\\fold\\runs\\c193-v5e-budget13-closure-ddc6bbafaddb4836aa1db16a3ea08211\\budget13-plan.json": "531c5894e7390480cb6c10c7dbdf2a7aeeed5b42a3e7e3357272de0e66246a98",
    "M:\\asobiba\\fold\\runs\\c193-v5e-budget13-closure-ddc6bbafaddb4836aa1db16a3ea08211\\episode-predictions.npz": "5ef5b5a40f0ca9a4d30307631cc09588396993827d15f09177b064c7e0833bc6",
    "M:\\asobiba\\fold\\runs\\c193-v5e-budget13-closure-ddc6bbafaddb4836aa1db16a3ea08211\\episode-results.json": "d136d79a03aa66c0b61386473417a89b8cacc33b7ca4f25f9e9bd4c5cf41802a",
    "M:\\asobiba\\fold\\runs\\c193-v5e-budget13-closure-ddc6bbafaddb4836aa1db16a3ea08211\\episode-traces.jsonl.gz": "9d58d99c79d0f34a9d6c2bac97e73d7c2f5a108111ef0e40ce6e3d30956150ae",
    "M:\\asobiba\\fold\\runs\\c193-v5e-budget13-closure-ddc6bbafaddb4836aa1db16a3ea08211\\summary.json": "660c4799c894ee2b3355d024fc446c5ff14ff69cad41c41b2b6b255ed4aa7416",
    "M:\\asobiba\\fold\\runs\\c194-v5e-generic-loop-8bc090e9457a4a3085b00fa79ab0831a\\episode-predictions.npz": "5ef5b5a40f0ca9a4d30307631cc09588396993827d15f09177b064c7e0833bc6",
    "M:\\asobiba\\fold\\runs\\c194-v5e-generic-loop-8bc090e9457a4a3085b00fa79ab0831a\\episode-results.json": "238244e87830f7a30ba906baa7bc5cac3bddc00b5ed3e3c73645d5bd11879b54",
    "M:\\asobiba\\fold\\runs\\c194-v5e-generic-loop-8bc090e9457a4a3085b00fa79ab0831a\\episode-traces.jsonl.gz": "fef4fb07523ffa8ca9d411dd99b5f1db200f0d688d52b073e79b68e7a15f48a6",
    "M:\\asobiba\\fold\\runs\\c194-v5e-generic-loop-8bc090e9457a4a3085b00fa79ab0831a\\generic-loop-plan.json": "9f54b717dfc05bf812e5819efff2d51bdfb3b7ed6acf1b2c797578e354afce5f",
    "M:\\asobiba\\fold\\runs\\c194-v5e-generic-loop-8bc090e9457a4a3085b00fa79ab0831a\\parent-replay.json": "33e87a16c40fca6878f69592757abbf482af14079435044ba559f356de84073d",
    "M:\\asobiba\\fold\\runs\\c194-v5e-generic-loop-8bc090e9457a4a3085b00fa79ab0831a\\summary.json": "6cdb274da944bc87cea29f2e093d4acdec6035dae6978adaf469f1d9b4dfa084",
    "M:\\asobiba\\fold\\tests_lm\\test_v05_c168_necessity_observability.py": "07cb858ee3969cf698facc82b77c784bbae4e58e8d2e76d09d683763c7efe1ad",
    "M:\\asobiba\\fold\\tests_lm\\test_v05_c169_interface_batch.py": "d10a0cba32923a4466bf1b82ce8be9d3a67662f4f17d9eea2f45821113651a54",
    "M:\\asobiba\\fold\\tests_lm\\test_v05_c170_structured_task_input.py": "a7b011751b84ca59a9129e31523f36994271c6321ecb4b112e46b6ddaa4f213e",
    "M:\\asobiba\\fold\\tests_lm\\test_v05_c171_derived_result.py": "f6eab105f04b584d3daaecff8a252ea7e82156590261d728a51a06bffbee4523",
    "M:\\asobiba\\fold\\tests_lm\\test_v05_c172_action_runtime.py": "5df56a1454cfaed87a09bd5a163c59b694e1bdbf1a74da84d2350c4c4fe92c69",
    "M:\\asobiba\\fold\\tests_lm\\test_v05_c173_acquisition_lifecycle.py": "1b67bd00a1e316b09eceb2f4378896a38bf9c1e9256c27d211b57d5d7046deca",
    "M:\\asobiba\\fold\\tests_lm\\test_v05_c174_learned_necessity.py": "92c129e7e2e3e6cc8ad4144facbef7e12779216697067d3df60428f1c841f6b2",
    "M:\\asobiba\\fold\\tests_lm\\test_v05_c175_frozen_prediction_audit.py": "16334834a3780881400f4748e1b7f7e7dc7b169592e94167282ed79563cf2321",
    "M:\\asobiba\\fold\\tests_lm\\test_v05_c176_conditional_loss.py": "752b3e6db1e1aa753083886af061b2f42ef81ddf4a256cf696c70835fa73dfed",
    "M:\\asobiba\\fold\\tests_lm\\test_v05_c177_frozen_score_order.py": "77438a348172d7ecc3d09d438680afcb8f3ae69811aece63a24b2ef96b220177",
    "M:\\asobiba\\fold\\tests_lm\\test_v05_c178_visible_leaf_binding.py": "24876e851409409ca333284965b77c385192fec6bd6eea12baadc86951103583",
    "M:\\asobiba\\fold\\tests_lm\\test_v05_c179_shared_graph.py": "8fd6930df36e8f39a5d4605e282485d19adc82f2a4a32b7b5d25f0a388ee1ebd",
    "M:\\asobiba\\fold\\tests_lm\\test_v05_c180_fact_bypass.py": "39f373b80fbc1f708910d5abb0470d67b3e9c7649e925f9b818ef134de6577fa",
    "M:\\asobiba\\fold\\tests_lm\\test_v05_c181_internal_semantics.py": "1dc8511b4488d01b92d70a8c9a11600824b5ea270051c29bbd47846f73f84009",
    "M:\\asobiba\\fold\\tests_lm\\test_v05_c182_frozen_fact_renaming.py": "7d57e530fcb3f0fc673ad588c402fdb410b3384144b6acb0804c28e5a4e83f37",
    "M:\\asobiba\\fold\\tests_lm\\test_v05_c183_frozen_path_attribution.py": "59355fbe7cd86f34c74ff1f4f910df0d64e923f0f63cd10697a2819d34ee5904",
    "M:\\asobiba\\fold\\tests_lm\\test_v05_c184_canonical_fact_indices.py": "2c086e4346197512e309bc8359a21dbf63119c59441dac28bb86be86475411ae",
    "M:\\asobiba\\fold\\tests_lm\\test_v05_c185_single_missing_acquisition.py": "96ad91f72ad3023bebbd816c975dd0e9b999957969bef65ff1b65c4e28615eb9",
    "M:\\asobiba\\fold\\tests_lm\\test_v05_c186_nonadmission_reclassification.py": "ca56b8818b17e2100a03029c013e824a2059ef873f5a68c1590aed5a47b935ce",
    "M:\\asobiba\\fold\\tests_lm\\test_v05_c186_npz_input_recovery.py": "6b9ed07c6948baa22f4a7f63f1da4f1d1a3a053b964a1f6ab2d8229ea968cadd",
    "M:\\asobiba\\fold\\tests_lm\\test_v05_c187_restricted_acquisition.py": "ae21028d067aac62b1f8fd1f4458f293016a0646668f466fca7ca33b19c87fa0",
    "M:\\asobiba\\fold\\tests_lm\\test_v05_c188_multimissing_target_selection.py": "261e99ecbf7a00d1f00db95c149a6bb20277ed5c8be7090bea982105bf60599a",
    "M:\\asobiba\\fold\\tests_lm\\test_v05_c189_live_multimissing_target.py": "1b9de105b6eeb4056d04ad2a91bba2e78cec7418d1dd998e2630e37e1b638491",
    "M:\\asobiba\\fold\\tests_lm\\test_v05_c190_iterative_multimissing_acquisition.py": "40760c9f10557ef0f8d2b89b220a2247b11450bc162ed01f3ab024eced0e7559",
    "M:\\asobiba\\fold\\tests_lm\\test_v05_c191_third_acquisition_budget.py": "7e012aeeb9a7e01c408e026695122568a1c49dfb98a96328acc162e1a809514f",
    "M:\\asobiba\\fold\\tests_lm\\test_v05_c192_post3_shadow_necessity.py": "32b91ce4b48964867523e3d77612b682c3e593af1b7151c67c83e0187cc1824b",
    "M:\\asobiba\\fold\\tests_lm\\test_v05_c193_budget13_authoritative_closure.py": "ac971cccb02cf876f784cec2ddda23a506780055156d7bded3d5ecaf79b82668",
    "M:\\asobiba\\fold\\tests_lm\\test_v05_c194_generic_bounded_loop.py": "6290fed6003b3663b2f87e92f1b56f89de102a592319350bbaab9eafdf73833f",
    "M:\\asobiba\\fold\\tests_lm\\test_v05_c195_generic_loop_budget12_exhaustion.py": "3a6f64d7a5c39a43ca4330098656989bfa6c14008ccb948427fa502e2a0c5dca",
    "M:\\asobiba\\fold\\tools\\invoke_c190.ps1": "26ee49a48eb06c50a800dea3e4bdcd429dee71a12bc245f086e9b2c1c562b25d",
    "M:\\asobiba\\fold\\tools\\invoke_c191.ps1": "41dcdcc965e6614f540228efef89e16f45234253ea94ba0de42e17858393fd07",
    "M:\\asobiba\\fold\\tools\\invoke_c192.ps1": "74ca03057fe0e4a54e294964c6f9263337977ec91df33ab2d018aa8d064da0dd",
    "M:\\asobiba\\fold\\tools\\invoke_c193.ps1": "e00562ebc7a49aad83ea78cfd28ed48efe592771ab02849c1fcd133516f5c4d7",
    "M:\\asobiba\\fold\\tools\\invoke_c194.ps1": "11c8aa1a7fdcb616d670880f7b43333417f9215fbe66941771779ea808d4a44f",
    "M:\\asobiba\\fold\\tools\\invoke_c195.ps1": "5920c8771289a940428b2412be896dfc951a3e02e5ee475fcec3222a7f44b51d",
    "M:\\asobiba\\fold\\tools\\run_c167.ps1": "8417740597cdf8bf4c89e658c918712f1699c8d8f6b6e35cd38fa49d0dccda41",
    "M:\\asobiba\\fold\\tools\\run_c168.ps1": "f48ae5af1352e2880fe4f9d6c3d6b865b173e06e772b1b2e105651998686796b",
    "M:\\asobiba\\fold\\tools\\run_c169.ps1": "c63fc5fabc2273e8d028e2d6f87f0abc23cbd7aebe8b97208a72adcb23af6a84",
    "M:\\asobiba\\fold\\tools\\run_c170.ps1": "3cff2a52c047a600727d7786f72973854273092c6d729211e3e5f8151d73ac28",
    "M:\\asobiba\\fold\\tools\\run_c171.ps1": "797d7a750c2eacfe5bdc968301eb5d0bc027f94eef34ce85993c864cdcc64703",
    "M:\\asobiba\\fold\\tools\\run_c172.ps1": "fa05d038182d2bfd1cb6747d2293ddb15778a3780bc1a96d829f9d3eb8c2d974",
    "M:\\asobiba\\fold\\tools\\run_c173.ps1": "ac9490f51b6b6cd0f5d81c8d8b6e7e4899fc210219286545dd1c8ef72b8a67dd",
    "M:\\asobiba\\fold\\tools\\run_c174.ps1": "610892de362edbef0356229f8b7ad5caadc7afedfac55fd13e3d6ecc60ec8a59",
    "M:\\asobiba\\fold\\tools\\run_c175.ps1": "795fa981bff817da20b0a0b1ba5dfa557fb79739e20e384980c06ef62e18d6cb",
    "M:\\asobiba\\fold\\tools\\run_c176.ps1": "f3588089568dc9404403df487807d6d4f59592fb9c20727e5a8178b893fb59bc",
    "M:\\asobiba\\fold\\tools\\run_c177.ps1": "5a0a9b85a28615e7305b98ab37bd9da9d6a3ae673629e6d5b9a2397d3d08e35b",
    "M:\\asobiba\\fold\\tools\\run_c178.ps1": "7c22d814134ffccb8f4c90e8a207000d7364d42312d155868937625c1c9f2ddf",
    "M:\\asobiba\\fold\\tools\\run_c179.ps1": "62ff4be53055d54042985ec65b7452b2c3624345a44831715724fd1d29ebb498",
    "M:\\asobiba\\fold\\tools\\run_c180.ps1": "088334d8d52d815d5f8232fee78fce4c8e29c0e0caf4e37dadf5150e89b74ec3",
    "M:\\asobiba\\fold\\tools\\run_c181.ps1": "2ed666ad30ed2c04a5aae4de3c1c5de7b81518179829c5aee8ad65a85540c9e2",
    "M:\\asobiba\\fold\\tools\\run_c182.ps1": "2aab76a4b00c164382e38431907feef0c05ffb9b926464b77dcb162c4e4f2c85",
    "M:\\asobiba\\fold\\tools\\run_c183.ps1": "22efd4eab7d3f2782a152d85ddd42afbb3ea7084f065bd486ef3fe3c8dd9a142",
    "M:\\asobiba\\fold\\tools\\run_c184.ps1": "6e1e2a9650225f28dc9157ca5890ece9a1b25b77eaa068d3282930c96f0c4ba4",
    "M:\\asobiba\\fold\\tools\\run_c185.ps1": "37847398ead917155ff3fff8adf43c447fa31ebd9daf1f82b9d788716b23856c",
    "M:\\asobiba\\fold\\tools\\run_c186.ps1": "c0f20e21ac2ed76dbf6b24df7ab3023f46ad325cd1d9794f2869041d77308c30",
    "M:\\asobiba\\fold\\tools\\run_c187.ps1": "e4bba8eca189474d7118f31c1b76f2343b61ba3ff8773d8afea3160c577ed6d9",
    "M:\\asobiba\\fold\\tools\\run_c188.ps1": "bb3437ee0f233f5d98f3ed48a7cdab5f5a0947261ff6f798858cf4b442db4095",
    "M:\\asobiba\\fold\\tools\\run_c189.ps1": "fb7d441dfefabf60785950a28e467a7530520e5c3cd584736a067ce331342881",
    "M:\\asobiba\\fold\\tools\\run_c190.ps1": "050cec283930e687877c191428872e65ecb0681e91de54e484640b6425cd2cb7",
    "M:\\asobiba\\fold\\tools\\run_c191.ps1": "4afb7d71f90a62b409b029fc3c7946ff826e24f78f19fc2293dc9e8aa629d9d3",
    "M:\\asobiba\\fold\\tools\\run_c192.ps1": "73b8b3675d8dfda8512b9f5a1dc22e8286820c13cb45479d203bc43914f7d5db",
    "M:\\asobiba\\fold\\tools\\run_c193.ps1": "0a8daa4c253e979a6825043ac8398fad3385262243778d1facbcd7a9560a8e60",
    "M:\\asobiba\\fold\\tools\\run_c194.ps1": "565fc5ebcaa6a3bc85dcc747780282301758e5b5075dab4f4c055bf617850abc",
    "M:\\asobiba\\fold\\tools\\run_c195.ps1": "81fe17223a3fc054589e9361a415dbfc879836519ab57c31c0872eb00661dc0e"
  },
  "limitations": [
    "same repeatedly inspected development family",
    "budget12 exhaustion safety only;not a learned resource policy",
    "no arbitrary loop/tool-provider/independent holdout/language/answer/proof/GateE"
  ],
  "network_calls": 0,
  "new_training": 0,
  "production_runtime_modified": false,
  "proof_checker_calls": 0,
  "provider_bytes_read": 59397040,
  "records": [
    {
      "acquisition_contract_error": 0,
      "actual_reads": 14352,
      "base_seed": 181001,
      "episodes": 9536,
      "exhausted_rows": 928,
      "failed": 0,
      "fake_final_decision": 0,
      "final_logical_error": 0,
      "first_reads": 9536,
      "head_seed": 188001,
      "reference_block_mismatch": 0,
      "reference_exhausted_rows": 928,
      "reference_necessity_max_abs_logit_difference": 0.0,
      "reference_necessity_prediction_errors": 0,
      "reference_replay_error": 0,
      "reference_target_max_abs_logit_difference": 0.0,
      "reference_target_prediction_errors": 0,
      "reference_unauthorized_final_predictions": 0,
      "resource_error": 0,
      "second_reads": 3888,
      "status_error": 0,
      "sufficient_rows": 8608,
      "third_reads": 928
    },
    {
      "acquisition_contract_error": 0,
      "actual_reads": 14360,
      "base_seed": 181001,
      "episodes": 9536,
      "exhausted_rows": 928,
      "failed": 0,
      "fake_final_decision": 0,
      "final_logical_error": 0,
      "first_reads": 9536,
      "head_seed": 188002,
      "reference_block_mismatch": 0,
      "reference_exhausted_rows": 928,
      "reference_necessity_max_abs_logit_difference": 0.0,
      "reference_necessity_prediction_errors": 0,
      "reference_replay_error": 0,
      "reference_target_max_abs_logit_difference": 0.0,
      "reference_target_prediction_errors": 0,
      "reference_unauthorized_final_predictions": 0,
      "resource_error": 0,
      "second_reads": 3896,
      "status_error": 0,
      "sufficient_rows": 8608,
      "third_reads": 928
    },
    {
      "acquisition_contract_error": 0,
      "actual_reads": 14400,
      "base_seed": 181001,
      "episodes": 9536,
      "exhausted_rows": 928,
      "failed": 0,
      "fake_final_decision": 0,
      "final_logical_error": 0,
      "first_reads": 9536,
      "head_seed": 188003,
      "reference_block_mismatch": 0,
      "reference_exhausted_rows": 928,
      "reference_necessity_max_abs_logit_difference": 0.0,
      "reference_necessity_prediction_errors": 0,
      "reference_replay_error": 0,
      "reference_target_max_abs_logit_difference": 0.0,
      "reference_target_prediction_errors": 0,
      "reference_unauthorized_final_predictions": 0,
      "resource_error": 0,
      "second_reads": 3936,
      "status_error": 0,
      "sufficient_rows": 8608,
      "third_reads": 928
    },
    {
      "acquisition_contract_error": 0,
      "actual_reads": 14280,
      "base_seed": 181002,
      "episodes": 9536,
      "exhausted_rows": 928,
      "failed": 0,
      "fake_final_decision": 0,
      "final_logical_error": 0,
      "first_reads": 9536,
      "head_seed": 188001,
      "reference_block_mismatch": 0,
      "reference_exhausted_rows": 928,
      "reference_necessity_max_abs_logit_difference": 0.0,
      "reference_necessity_prediction_errors": 0,
      "reference_replay_error": 0,
      "reference_target_max_abs_logit_difference": 0.0,
      "reference_target_prediction_errors": 0,
      "reference_unauthorized_final_predictions": 0,
      "resource_error": 0,
      "second_reads": 3816,
      "status_error": 0,
      "sufficient_rows": 8608,
      "third_reads": 928
    },
    {
      "acquisition_contract_error": 0,
      "actual_reads": 14320,
      "base_seed": 181002,
      "episodes": 9536,
      "exhausted_rows": 928,
      "failed": 0,
      "fake_final_decision": 0,
      "final_logical_error": 0,
      "first_reads": 9536,
      "head_seed": 188002,
      "reference_block_mismatch": 0,
      "reference_exhausted_rows": 928,
      "reference_necessity_max_abs_logit_difference": 0.0,
      "reference_necessity_prediction_errors": 0,
      "reference_replay_error": 0,
      "reference_target_max_abs_logit_difference": 0.0,
      "reference_target_prediction_errors": 0,
      "reference_unauthorized_final_predictions": 0,
      "resource_error": 0,
      "second_reads": 3856,
      "status_error": 0,
      "sufficient_rows": 8608,
      "third_reads": 928
    },
    {
      "acquisition_contract_error": 0,
      "actual_reads": 14352,
      "base_seed": 181002,
      "episodes": 9536,
      "exhausted_rows": 928,
      "failed": 0,
      "fake_final_decision": 0,
      "final_logical_error": 0,
      "first_reads": 9536,
      "head_seed": 188003,
      "reference_block_mismatch": 0,
      "reference_exhausted_rows": 928,
      "reference_necessity_max_abs_logit_difference": 0.0,
      "reference_necessity_prediction_errors": 0,
      "reference_replay_error": 0,
      "reference_target_max_abs_logit_difference": 0.0,
      "reference_target_prediction_errors": 0,
      "reference_unauthorized_final_predictions": 0,
      "resource_error": 0,
      "second_reads": 3888,
      "status_error": 0,
      "sufficient_rows": 8608,
      "third_reads": 928
    },
    {
      "acquisition_contract_error": 0,
      "actual_reads": 14384,
      "base_seed": 181003,
      "episodes": 9536,
      "exhausted_rows": 928,
      "failed": 0,
      "fake_final_decision": 0,
      "final_logical_error": 0,
      "first_reads": 9536,
      "head_seed": 188001,
      "reference_block_mismatch": 0,
      "reference_exhausted_rows": 928,
      "reference_necessity_max_abs_logit_difference": 0.0,
      "reference_necessity_prediction_errors": 0,
      "reference_replay_error": 0,
      "reference_target_max_abs_logit_difference": 0.0,
      "reference_target_prediction_errors": 0,
      "reference_unauthorized_final_predictions": 0,
      "resource_error": 0,
      "second_reads": 3920,
      "status_error": 0,
      "sufficient_rows": 8608,
      "third_reads": 928
    },
    {
      "acquisition_contract_error": 0,
      "actual_reads": 14352,
      "base_seed": 181003,
      "episodes": 9536,
      "exhausted_rows": 928,
      "failed": 0,
      "fake_final_decision": 0,
      "final_logical_error": 0,
      "first_reads": 9536,
      "head_seed": 188002,
      "reference_block_mismatch": 0,
      "reference_exhausted_rows": 928,
      "reference_necessity_max_abs_logit_difference": 0.0,
      "reference_necessity_prediction_errors": 0,
      "reference_replay_error": 0,
      "reference_target_max_abs_logit_difference": 0.0,
      "reference_target_prediction_errors": 0,
      "reference_unauthorized_final_predictions": 0,
      "resource_error": 0,
      "second_reads": 3888,
      "status_error": 0,
      "sufficient_rows": 8608,
      "third_reads": 928
    },
    {
      "acquisition_contract_error": 0,
      "actual_reads": 14324,
      "base_seed": 181003,
      "episodes": 9536,
      "exhausted_rows": 928,
      "failed": 0,
      "fake_final_decision": 0,
      "final_logical_error": 0,
      "first_reads": 9536,
      "head_seed": 188003,
      "reference_block_mismatch": 0,
      "reference_exhausted_rows": 928,
      "reference_necessity_max_abs_logit_difference": 0.0,
      "reference_necessity_prediction_errors": 0,
      "reference_replay_error": 0,
      "reference_target_max_abs_logit_difference": 0.0,
      "reference_target_prediction_errors": 0,
      "reference_unauthorized_final_predictions": 0,
      "resource_error": 0,
      "second_reads": 3860,
      "status_error": 0,
      "sufficient_rows": 8608,
      "third_reads": 928
    }
  ],
  "reference_replay": [
    {
      "base_seed": 181001,
      "head_seed": 188001,
      "necessity_max_abs_logit_difference": 0.0,
      "necessity_prediction_errors": 0,
      "target_max_abs_logit_difference": 0.0,
      "target_prediction_errors": 0,
      "unauthorized_final_predictions": 0
    },
    {
      "base_seed": 181001,
      "head_seed": 188002,
      "necessity_max_abs_logit_difference": 0.0,
      "necessity_prediction_errors": 0,
      "target_max_abs_logit_difference": 0.0,
      "target_prediction_errors": 0,
      "unauthorized_final_predictions": 0
    },
    {
      "base_seed": 181001,
      "head_seed": 188003,
      "necessity_max_abs_logit_difference": 0.0,
      "necessity_prediction_errors": 0,
      "target_max_abs_logit_difference": 0.0,
      "target_prediction_errors": 0,
      "unauthorized_final_predictions": 0
    },
    {
      "base_seed": 181002,
      "head_seed": 188001,
      "necessity_max_abs_logit_difference": 0.0,
      "necessity_prediction_errors": 0,
      "target_max_abs_logit_difference": 0.0,
      "target_prediction_errors": 0,
      "unauthorized_final_predictions": 0
    },
    {
      "base_seed": 181002,
      "head_seed": 188002,
      "necessity_max_abs_logit_difference": 0.0,
      "necessity_prediction_errors": 0,
      "target_max_abs_logit_difference": 0.0,
      "target_prediction_errors": 0,
      "unauthorized_final_predictions": 0
    },
    {
      "base_seed": 181002,
      "head_seed": 188003,
      "necessity_max_abs_logit_difference": 0.0,
      "necessity_prediction_errors": 0,
      "target_max_abs_logit_difference": 0.0,
      "target_prediction_errors": 0,
      "unauthorized_final_predictions": 0
    },
    {
      "base_seed": 181003,
      "head_seed": 188001,
      "necessity_max_abs_logit_difference": 0.0,
      "necessity_prediction_errors": 0,
      "target_max_abs_logit_difference": 0.0,
      "target_prediction_errors": 0,
      "unauthorized_final_predictions": 0
    },
    {
      "base_seed": 181003,
      "head_seed": 188002,
      "necessity_max_abs_logit_difference": 0.0,
      "necessity_prediction_errors": 0,
      "target_max_abs_logit_difference": 0.0,
      "target_prediction_errors": 0,
      "unauthorized_final_predictions": 0
    },
    {
      "base_seed": 181003,
      "head_seed": 188003,
      "necessity_max_abs_logit_difference": 0.0,
      "necessity_prediction_errors": 0,
      "target_max_abs_logit_difference": 0.0,
      "target_prediction_errors": 0,
      "unauthorized_final_predictions": 0
    }
  ],
  "source_blobs": {
    "docs/experiment-ledger-addendum-c169-preregistration.md": "e22aaaabd7d70303b21b598c9133d34ac9df9821",
    "docs/experiment-ledger-addendum-c170-preregistration.md": "c7c2b626fe2c4f07c7cda425feef736711b12b82",
    "docs/experiment-ledger-addendum-c171-preregistration.md": "e5045736c2fae0910cbc6398ce7b8217345afa7e",
    "docs/experiment-ledger-addendum-c172-preregistration.md": "55b32797a26786636e3cde3c0586ee6ced317b41",
    "docs/experiment-ledger-addendum-c173-preregistration.md": "060ee8acf10f3a808e475eb8305c5572190a8644",
    "docs/experiment-ledger-addendum-c174-preregistration.md": "c523a3db905a7213eb796f67f7f1699366059f40",
    "docs/experiment-ledger-addendum-c175-preregistration.md": "a4c2d49dea04657ef22d8d6cc47da4394657069c",
    "docs/experiment-ledger-addendum-c176-preregistration.md": "f2ac8a2fd1dd891bb519da26170a2d3805b67f0b",
    "docs/experiment-ledger-addendum-c177-preregistration.md": "9d597a383b2c8b4a73e7090bd62fda6b8dea477f",
    "docs/experiment-ledger-addendum-c178-preregistration.md": "be92b9fb9b4290d98c877798f31ded067830f5b6",
    "docs/experiment-ledger-addendum-c179-preregistration.md": "d0ab626b06e65d7440e9d76ef7ef7c0e43c4e439",
    "docs/experiment-ledger-addendum-c180-preregistration.md": "ee552247ccaff3f4efd66fc375730f27d499173d",
    "docs/experiment-ledger-addendum-c181-preregistration.md": "3f6cd148ff61072e77d22b065af6ff101d8b4703",
    "docs/experiment-ledger-addendum-c182-preregistration.md": "8fed86cbdba8948091431b98afa746fe8118bcf8",
    "docs/experiment-ledger-addendum-c183-preregistration.md": "8140983feeed7130f1e9c2b1d0f69d39b469d505",
    "docs/experiment-ledger-addendum-c184-preregistration.md": "5e26fffdd5b086796dc7d9633446fe36861d8659",
    "docs/experiment-ledger-addendum-c185-preregistration.md": "0ceffa867a2d72f179b5dee32978fbe680136a82",
    "docs/experiment-ledger-addendum-c186-execution-recovery.md": "d237a88bea609709ddd2d16825697a53a15dd812",
    "docs/experiment-ledger-addendum-c186-preregistration.md": "54c0893a8819c63549798fc3e433e893eefce1d4",
    "docs/experiment-ledger-addendum-c187-preregistration.md": "3d1f3239c28b203edece6ee1a8f3ad6b8318fe68",
    "docs/experiment-ledger-addendum-c188-preregistration.md": "8903ff215e6400f3264d671fc9bfa3940cd3ea93",
    "docs/experiment-ledger-addendum-c189-preregistration.md": "5d2e7ab05ad4c0ca6ce7408deae811f45845b5d5",
    "docs/experiment-ledger-addendum-c190-preregistration.md": "e2d3eeca1bedc3a75f105e3123ffc82f37bc365b",
    "docs/experiment-ledger-addendum-c191-preregistration.md": "f9a8315e31709f34c60e6c3438a198f89ba41a5c",
    "docs/experiment-ledger-addendum-c192-preregistration.md": "549a96da49a8cf5a7c1d92108de8fd9902b4b098",
    "docs/experiment-ledger-addendum-c193-preregistration.md": "d5bd86a4fdc7b006ce6a14ad0ca0f9906f7e7942",
    "docs/experiment-ledger-addendum-c194-preregistration.md": "54ffeffb63c19a406179c7046b3bcbf919bf5ae8",
    "docs/gate-e-evaluation-contract-v0.1.md": "f3505495a11cd84015fbffb76859e989346b6fa2",
    "docs/learned-necessity-probe-v0.1.md": "ae15e3997c29a1f19f4c4bc3debaa84a12d45b34",
    "docs/structured-acquisition-lifecycle-v0.1.md": "cf071eee71d5ae4214a6d3c390d8657fce175d16",
    "docs/structured-action-runtime-v0.1.md": "a5388c53727d8c4b0d8a291577235d94d766b66b",
    "docs/structured-derived-result-v0.1.md": "a1e8bb4860c715ef949a16ddbaafc19cb7c22fb0",
    "docs/structured-task-interface-v0.1.md": "9b8122ef5a0539c57408f406db3af52e3cb6723f",
    "fold_lm/v05/commit_context.py": "04f967a98f6486db36412e2ff3833f9d5b109751",
    "fold_lm/v05/controller.py": "e726bdb05cb0b99b409448f8f56832078658dd04",
    "fold_lm/v05/receipt_replay.py": "f1890a8fec0a6f820a1b85fe20cf14551fdb0fb8",
    "fold_lm/v05/state.py": "aa3f4938f6b5d403d8ee05c4220f686695cef3f0",
    "fold_lm/v05/structured_acquisition_lifecycle.py": "e7fa5cbddbb650ab43b3b69683082a6edc0ac4da",
    "fold_lm/v05/structured_action_runtime.py": "672a79ea1c6e6467b1a5f1a474c843ce23fd1b04",
    "fold_lm/v05/structured_derived_result.py": "56709025b02cff2dba6d7c907051a553ca5908ec",
    "fold_lm/v05/structured_necessity_probe.py": "ae3d8ecbb9510b4c6f61948a6622e1e1a6433317",
    "fold_lm/v05/structured_task_input.py": "b874b6abf17fb938a5cc873ff2090c6493f00010",
    "fold_lm/v05_benchmarks/c186_c185_npz_input.py": "a51366a63d95bcd548b6cb5493a2fdbf158637a1",
    "fold_lm/v05_benchmarks/gate_e_c153_evidence_admission.py": "c8c27ec1622274c5407f722d8224fd11caf3f289",
    "fold_lm/v05_benchmarks/gate_e_c156_request_reobservation.py": "4aa260b35fb5acc8d2cfd90a9f6addb96f5fba31",
    "fold_lm/v05_benchmarks/gate_e_c158_live_recovery.py": "2ca63e6dfe8f827d9c85db03b3f13c82c39143ec",
    "fold_lm/v05_benchmarks/gate_e_c159_terminal_result.py": "7d4bb60c5b59b151699740274bffbc839c7954c3",
    "fold_lm/v05_benchmarks/gate_e_c160_live_query_result.py": "a2ed2c1be6f55dc068fb734e1a38ac216f06f002",
    "fold_lm/v05_benchmarks/gate_e_c168_necessity_observability.py": "ea7bd2ac51b84748ca8e7c1daa2b51c759384755",
    "fold_lm/v05_benchmarks/gate_e_c169_interface_batch.py": "534ff4d6758ede713e59d25ba0309a84155897a5",
    "fold_lm/v05_benchmarks/gate_e_c170_structured_task_input.py": "69e9901378afdae5a0a40c6d60bc502695d8121d",
    "fold_lm/v05_benchmarks/gate_e_c171_derived_result.py": "ff84a03ac6ce96579e84acb2fd2f867c5be33e3e",
    "fold_lm/v05_benchmarks/gate_e_c172_action_runtime.py": "c351107794b6a04af4f3377da4cc24e106085f2e",
    "fold_lm/v05_benchmarks/gate_e_c173_acquisition_lifecycle.py": "a27f7261ec652ca27fee95ab0d70981867c7c2bb",
    "fold_lm/v05_benchmarks/gate_e_c174_learned_necessity.py": "c5a90d3e8c43dd714f717a493c06eab09396b441",
    "fold_lm/v05_benchmarks/gate_e_c175_frozen_prediction_audit.py": "efd1bb246442fb4f472e33e450c16b192acfa18a",
    "fold_lm/v05_benchmarks/gate_e_c176_conditional_loss.py": "3b50734d8d2e437bf2e671df6d9f23d524c54136",
    "fold_lm/v05_benchmarks/gate_e_c177_frozen_score_order.py": "2172d3f6b3527b541acfbbf0a1ff5a9083203409",
    "fold_lm/v05_benchmarks/gate_e_c178_visible_leaf_binding.py": "2ec87851f1f75533dd2225243d0c1baeda9c9a2a",
    "fold_lm/v05_benchmarks/gate_e_c179_shared_graph.py": "504c79b6a881c64dba2494ef6ad35bffd9099f5a",
    "fold_lm/v05_benchmarks/gate_e_c180_fact_bypass.py": "ccc5150e348373d3086221176dd8b30c57a1c364",
    "fold_lm/v05_benchmarks/gate_e_c181_internal_semantics.py": "0d76b25644bc8bfbe6220e1c96f69756ae175a0d",
    "fold_lm/v05_benchmarks/gate_e_c182_frozen_fact_renaming.py": "a5fb10af6238d425f82b093a0c3676d247b1f0e3",
    "fold_lm/v05_benchmarks/gate_e_c183_frozen_path_attribution.py": "ed360e2a5e51739bce576e0d89d76006480f00ff",
    "fold_lm/v05_benchmarks/gate_e_c184_canonical_fact_indices.py": "fb4974440d514e33949a1160e62cebf67e2ab1d9",
    "fold_lm/v05_benchmarks/gate_e_c185_single_missing_acquisition.py": "15f7cfec66d8bf9f27cbd25e169893f62ceaa7dc",
    "fold_lm/v05_benchmarks/gate_e_c186_nonadmission_reclassification.py": "f74db4930c022b242e5692e30a9214b208b4ae9b",
    "fold_lm/v05_benchmarks/gate_e_c187_restricted_acquisition.py": "52210b36cc419ec807062f42bbbebc8dd91aa934",
    "fold_lm/v05_benchmarks/gate_e_c188_multimissing_target_selection.py": "0819bc70377a949fe1c17a66be559336bbda96e1",
    "fold_lm/v05_benchmarks/gate_e_c189_live_multimissing_target.py": "b34b40d84ab6597cc1cd26e47f64d58254d3304f",
    "fold_lm/v05_benchmarks/gate_e_c190_iterative_multimissing_acquisition.py": "aab7c2fee08327d5c4f3ff4e3e76eb592f3fdfef",
    "fold_lm/v05_benchmarks/gate_e_c191_third_acquisition_budget.py": "cc309dcf0dc2530a9bb75328cd84bd88083a4406",
    "fold_lm/v05_benchmarks/gate_e_c192_post3_shadow_necessity.py": "6681d0ea340a246393b3f887e38349b938d87276",
    "fold_lm/v05_benchmarks/gate_e_c193_budget13_authoritative_closure.py": "ff8eeac8a17d2b54195cf6da9c13cf990f7e62c5",
    "fold_lm/v05_benchmarks/gate_e_c194_generic_bounded_loop.py": "f4ef7f8084f0623c8a85329fc724e8b3eaab77bc",
    "tests_lm/test_v05_c168_necessity_observability.py": "43fa6d6c279a158a92c4c9831b41629f50f73d62",
    "tests_lm/test_v05_c169_interface_batch.py": "4c395235e29a42f1d1ec5665ab752209e77d6358",
    "tests_lm/test_v05_c170_structured_task_input.py": "0716da0a6c2d69051be165f5b62ee951982bb33f",
    "tests_lm/test_v05_c171_derived_result.py": "1ef6305f53ac3c40871405f8ea9485e3e0c87cff",
    "tests_lm/test_v05_c172_action_runtime.py": "a156fd499a86b16e2b885fd798c894420b319189",
    "tests_lm/test_v05_c173_acquisition_lifecycle.py": "b9732fea8ba40891f3594b5e219b7c647ee71c42",
    "tests_lm/test_v05_c174_learned_necessity.py": "abc702dca0ec69b0c54ac7e1d71e867776bd7d8e",
    "tests_lm/test_v05_c175_frozen_prediction_audit.py": "63e3b68a25ad40d98fdbbb854704b4a6b7759dda",
    "tests_lm/test_v05_c176_conditional_loss.py": "f6d148fbe83577f6965829a13a5eb5fa6dc3a433",
    "tests_lm/test_v05_c177_frozen_score_order.py": "30d3cf7a0022b1c2eba9779cae5caf0511fbecf8",
    "tests_lm/test_v05_c178_visible_leaf_binding.py": "4ee9fd4e1a4b080a8ac049d66f1493dfcd8090c3",
    "tests_lm/test_v05_c179_shared_graph.py": "4b5530f1548133ab4fab7dd0539662991225637f",
    "tests_lm/test_v05_c180_fact_bypass.py": "08cc481398f6af4c09778431785a05bb8f04d297",
    "tests_lm/test_v05_c181_internal_semantics.py": "2afad996ccf92222d7906b5d924a0a41d14c6452",
    "tests_lm/test_v05_c182_frozen_fact_renaming.py": "2f95aadf801a49a0152bcca964faa1e3d39584d5",
    "tests_lm/test_v05_c183_frozen_path_attribution.py": "8ebbfb37eb1c6cc400eb7b21005deda95d1f2bbb",
    "tests_lm/test_v05_c184_canonical_fact_indices.py": "cc6af4d4526408047435894eb512bd076b210a19",
    "tests_lm/test_v05_c185_single_missing_acquisition.py": "cb4aac7812bcfaab7d576c51c01caa81d6a9b22e",
    "tests_lm/test_v05_c186_nonadmission_reclassification.py": "eeda2a782bafdbeab07fb929ebefff7a8067962b",
    "tests_lm/test_v05_c186_npz_input_recovery.py": "cdc935abad9ea64bfb33b54ed0e33db9e9c03d04",
    "tests_lm/test_v05_c187_restricted_acquisition.py": "6a53100e071955f954828398bbdf305a6fb62533",
    "tests_lm/test_v05_c188_multimissing_target_selection.py": "42217c0bc2eae3dcd763bc1f4c10ae60aa722396",
    "tests_lm/test_v05_c189_live_multimissing_target.py": "fc1f9e56c376b4b14a728c579f19d23b01dc39a0",
    "tests_lm/test_v05_c190_iterative_multimissing_acquisition.py": "69df6d0d699b8ffa22459162f3cdc196b34a0798",
    "tests_lm/test_v05_c191_third_acquisition_budget.py": "4c077864a693c870902fb5a2d1880bc6f75962a0",
    "tests_lm/test_v05_c192_post3_shadow_necessity.py": "4a633eed82ad28e2f79f9e58b4a39e2bd2b04041",
    "tests_lm/test_v05_c193_budget13_authoritative_closure.py": "693a362d5512c8caa06776d805b1880d8e69ec19",
    "tests_lm/test_v05_c194_generic_bounded_loop.py": "63e0aa77b1f2b59ad8ac39a39f10a9adf3d97d42",
    "tools/invoke_c190.ps1": "869bfa44bfcbef85548b818cd21b304778660d6e",
    "tools/invoke_c191.ps1": "ce35ccdf37dd1924c820451afa90bca53c1fce03",
    "tools/invoke_c192.ps1": "0e962d4fc647f123c29506f8be55fa8229d525a2",
    "tools/invoke_c193.ps1": "6ff31af902fb5275976e48b5491f583049a23ac2",
    "tools/invoke_c194.ps1": "0a5280557a522151f5d66a7c19b6b68cde922309",
    "tools/run_c167.ps1": "7c5d6e9838d4ce7bd2bfec0e43458eb749fd1789",
    "tools/run_c168.ps1": "f58ecd1b1d427f4ec0e8f913f18f097c44c0cfab",
    "tools/run_c169.ps1": "421792abcbdff2c00de3858794d533e48cc05bc5",
    "tools/run_c170.ps1": "2f668507311df5e0e7ca13abbf82073d81d06128",
    "tools/run_c171.ps1": "d7b32c5969347f7d41c1a15d515ae82c0ee255fe",
    "tools/run_c172.ps1": "012056fefa407c1828e1e59bbdffc1bc9e9eb201",
    "tools/run_c173.ps1": "7527018d20401c54ca5346284500f7781c41e738",
    "tools/run_c174.ps1": "c81fa96e53820b755ec313661a0bd30f6e9d0a33",
    "tools/run_c175.ps1": "f0b23cf4358a4d9262e9ab326e76217870775195",
    "tools/run_c176.ps1": "aef905456b1abf870a5819626def50746a055b88",
    "tools/run_c177.ps1": "ed5c9b1bca7a43dd17d73e8d9bafecd7447b7eaf",
    "tools/run_c178.ps1": "41018d279f83c00fa0421f348732bc5ab3522a8e",
    "tools/run_c179.ps1": "830f77aca1a774635fd3bb1ddaf414c1097f8a1c",
    "tools/run_c180.ps1": "f71d1d0a76fe05931020c6cf1eec970a600ffaf9",
    "tools/run_c181.ps1": "c4ff1e1af3253875fb336da2c529828bb91c422d",
    "tools/run_c182.ps1": "e77ad960b54245774a6fa024c7b0152ba672779a",
    "tools/run_c183.ps1": "292ea203eabb16657793664b5f4d9706d23bb2d7",
    "tools/run_c184.ps1": "608e7a77bfefcb382fe0e33ce1d46832655975b0",
    "tools/run_c185.ps1": "5e46bb17607847b3db8fa391eb23daa77d7a2e8c",
    "tools/run_c186.ps1": "03f86283f1877a57b77c538768a2e30f784db0e0",
    "tools/run_c187.ps1": "acf14beda7c15ec4d79446355a1ebfd63c5a5aac",
    "tools/run_c188.ps1": "85c63f03db2dc46629475641256d237631820e73",
    "tools/run_c189.ps1": "31b5d91479227669625f33ce822cfd32cac28304",
    "tools/run_c190.ps1": "8227a973c4c21f93684b61399b0956dfb7534cdd",
    "tools/run_c191.ps1": "0089669168b72c3509278cba2be819119e53368b",
    "tools/run_c192.ps1": "47d9dccc6b9885d234de1368c9faee389d922440",
    "tools/run_c193.ps1": "94983524d092b5a0d011b6bb2108907ab464b08e",
    "tools/run_c194.ps1": "875e05c093b21da590b169172f77efd11f3a1755"
  },
  "stage": "V5-E-GENERIC-LOOP-BUDGET12-EXHAUSTION",
  "status": "PASS",
  "totals": {
    "acquisition_contract_error": 0,
    "exhausted_rows": 8352,
    "failed": 0,
    "fake_final_decision": 0,
    "final_logical_error": 0,
    "first_reads": 85824,
    "reference_block_mismatch": 0,
    "reference_replay_error": 0,
    "resource_error": 0,
    "second_reads": 34948,
    "status_error": 0,
    "sufficient_rows": 77472,
    "third_reads": 8352
  },
  "wall_clock_seconds": 342.49984440003755
}

summary = M:\asobiba\fold\runs\c195-v5e-budget12-exhaustion-cc15ada267384d969c1c2f1a686ef7e4\summary.json
summary_sha256 = 614ffe9ee4794f102416bc5e51de1cd9510fde41ec4b43eb436377d9780a9b62
scientific_status = PASS
failed_episodes = 0
reference_replay_errors = 0
reference_block_mismatches = 0
third_reads = 8352
exhausted_rows = 8352
fake_final_decisions = 0
candidate_gate_passed = True
=== C195 POSTCHECK ===
protected_inputs = preserved; tracked_tree = clean; execution_HEAD = preserved
run_execution_valid = True
