=== C233 repository preflight ===
execution_head = fedf6c3e5c163d449d1ad793a87d4fa6952deb1d
python_syntax_preflight = PASS
expected_focused_tests = 2753 (2754 loaded -1 registered historical exclusion)
Gate_F = NOT_PASSED; general_language_claim = False; full_retraining_steps = 0
source_and_artifact_precheck = PASS; source_pins = 244; protected_inputs = 346
=== C233 own authoring tests first: 32 ===
test_01_manifest_identity (tests_lm.test_v05_c233_core_ablation.C233Tests.test_01_manifest_identity) ... ok
test_02_actual_backbone_parameter_count (tests_lm.test_v05_c233_core_ablation.C233Tests.test_02_actual_backbone_parameter_count) ... ok
test_03_common_initial_weights_match_exactly (tests_lm.test_v05_c233_core_ablation.C233Tests.test_03_common_initial_weights_match_exactly) ... ok
test_04_copied_parameters_do_not_alias (tests_lm.test_v05_c233_core_ablation.C233Tests.test_04_copied_parameters_do_not_alias) ... ok
test_05_no_core_parameters_remain (tests_lm.test_v05_c233_core_ablation.C233Tests.test_05_no_core_parameters_remain) ... ok
test_06_configuration_mismatch_rejected (tests_lm.test_v05_c233_core_ablation.C233Tests.test_06_configuration_mismatch_rejected) ... ok
test_07_forward_matches_direct_gru_eos_readout (tests_lm.test_v05_c233_core_ablation.C233Tests.test_07_forward_matches_direct_gru_eos_readout) ... ok
test_08_forward_rejects_shape_and_dtype (tests_lm.test_v05_c233_core_ablation.C233Tests.test_08_forward_rejects_shape_and_dtype) ... ok
test_09_only_next_task_allowed (tests_lm.test_v05_c233_core_ablation.C233Tests.test_09_only_next_task_allowed) ... ok
test_10_invalid_token_ids_rejected (tests_lm.test_v05_c233_core_ablation.C233Tests.test_10_invalid_token_ids_rejected) ... ok
test_11_own_checkpoint_roundtrip (tests_lm.test_v05_c233_core_ablation.C233Tests.test_11_own_checkpoint_roundtrip) ... ok
test_12_initial_copy_precedes_trained_full_load (tests_lm.test_v05_c233_core_ablation.C233Tests.test_12_initial_copy_precedes_trained_full_load) ... ok
test_13_fit_inputs_are_train_only (tests_lm.test_v05_c233_core_ablation.C233Tests.test_13_fit_inputs_are_train_only) ... ok
test_14_two_real_optimizer_steps_change_weights (tests_lm.test_v05_c233_core_ablation.C233Tests.test_14_two_real_optimizer_steps_change_weights) ... ok
test_15_short_training_is_reproducible (tests_lm.test_v05_c233_core_ablation.C233Tests.test_15_short_training_is_reproducible) ... ok
test_16_sampler_uses_registered_order (tests_lm.test_v05_c233_core_ablation.C233Tests.test_16_sampler_uses_registered_order) ... ok
test_17_score_adapter_reproduces_metric (tests_lm.test_v05_c233_core_ablation.C233Tests.test_17_score_adapter_reproduces_metric) ... ok
test_18_score_adapter_rejects_bad_count_and_units (tests_lm.test_v05_c233_core_ablation.C233Tests.test_18_score_adapter_rejects_bad_count_and_units) ... ok
test_19_score_adapter_rejects_nonfinite (tests_lm.test_v05_c233_core_ablation.C233Tests.test_19_score_adapter_rejects_nonfinite) ... ok
test_20_parent_checkpoint_schema_checked (tests_lm.test_v05_c233_core_ablation.C233Tests.test_20_parent_checkpoint_schema_checked) ... ok
test_21_parent_record_adapter_checks_order (tests_lm.test_v05_c233_core_ablation.C233Tests.test_21_parent_record_adapter_checks_order) ... ok
test_22_six_full_win_cells_pass (tests_lm.test_v05_c233_core_ablation.C233Tests.test_22_six_full_win_cells_pass) ... ok
test_23_competitive_smaller_baseline_is_valid_negative (tests_lm.test_v05_c233_core_ablation.C233Tests.test_23_competitive_smaller_baseline_is_valid_negative) ... ok
test_24_tie_is_not_full_advantage (tests_lm.test_v05_c233_core_ablation.C233Tests.test_24_tie_is_not_full_advantage) ... ok
test_25_unqualified_baseline_does_not_favor_full (tests_lm.test_v05_c233_core_ablation.C233Tests.test_25_unqualified_baseline_does_not_favor_full) ... ok
test_26_failed_replay_is_invalid_not_scientific_negative (tests_lm.test_v05_c233_core_ablation.C233Tests.test_26_failed_replay_is_invalid_not_scientific_negative) ... ok
test_27_runner_and_launcher_contracts (tests_lm.test_v05_c233_core_ablation.C233Tests.test_27_runner_and_launcher_contracts) ... ok
test_28_no_extra_hypothesis_or_training_budget (tests_lm.test_v05_c233_core_ablation.C233Tests.test_28_no_extra_hypothesis_or_training_budget) ... ok
test_29_import_aliases_and_direct_source_guards (tests_lm.test_v05_c233_core_ablation.C233Tests.test_29_import_aliases_and_direct_source_guards) ... ok
test_30_synthetic_full_run_uses_initial_copy_and_preserves_negative (tests_lm.test_v05_c233_core_ablation.C233Tests.test_30_synthetic_full_run_uses_initial_copy_and_preserves_negative) ... ok
test_31_actual_parent_train_only_smoke (tests_lm.test_v05_c233_core_ablation.C233Tests.test_31_actual_parent_train_only_smoke) ... ok
test_32_actual_historical_suite_counts (tests_lm.test_v05_c233_core_ablation.C233Tests.test_32_actual_historical_suite_counts) ... ok

----------------------------------------------------------------------
Ran 32 tests in 1.669s

OK
authoring_selftest = PASS
test_boolean_canonicalizer_maps_only_selected_signed_channels (tests_lm.test_v05_controller.V05ControllerTests.test_boolean_canonicalizer_maps_only_selected_signed_channels) ... ok
test_boolean_canonicalizer_rejects_ambiguous_threshold_value (tests_lm.test_v05_controller.V05ControllerTests.test_boolean_canonicalizer_rejects_ambiguous_threshold_value) ... ok
test_boolean_canonicalizer_rejects_invalid_channels (tests_lm.test_v05_controller.V05ControllerTests.test_boolean_canonicalizer_rejects_invalid_channels) ... ok
test_boolean_canonicalizer_supports_zero_one_schema (tests_lm.test_v05_controller.V05ControllerTests.test_boolean_canonicalizer_supports_zero_one_schema) ... ok
test_configurable_five_action_contract (tests_lm.test_v05_controller.V05ControllerTests.test_configurable_five_action_contract) ... ok
test_control_lane_five_action_contract (tests_lm.test_v05_controller.V05ControllerTests.test_control_lane_five_action_contract) ... ok
test_control_lane_parameter_count_is_core_width_independent (tests_lm.test_v05_controller.V05ControllerTests.test_control_lane_parameter_count_is_core_width_independent) ... ok
test_default_two_action_contract_is_preserved (tests_lm.test_v05_controller.V05ControllerTests.test_default_two_action_contract_is_preserved) ... ok
test_invalid_action_count_is_rejected (tests_lm.test_v05_controller.V05ControllerTests.test_invalid_action_count_is_rejected) ... ok
test_invalid_control_lane_width_is_rejected (tests_lm.test_v05_controller.V05ControllerTests.test_invalid_control_lane_width_is_rejected) ... ok
test_authoritative_receipt_is_accepted (tests_lm.test_v05_reconciliation.V05ReconciliationTests.test_authoritative_receipt_is_accepted) ... ok
test_binding_failure_is_rejected_by_authority_gate (tests_lm.test_v05_reconciliation.V05ReconciliationTests.test_binding_failure_is_rejected_by_authority_gate) ... ok
test_exact_binding_matches (tests_lm.test_v05_reconciliation.V05ReconciliationTests.test_exact_binding_matches) ... ok
test_failed_verification_is_rejected (tests_lm.test_v05_reconciliation.V05ReconciliationTests.test_failed_verification_is_rejected) ... ok
test_stale_epoch_does_not_match (tests_lm.test_v05_reconciliation.V05ReconciliationTests.test_stale_epoch_does_not_match) ... ok
test_wrong_key_does_not_match (tests_lm.test_v05_reconciliation.V05ReconciliationTests.test_wrong_key_does_not_match) ... ok
test_wrong_mechanism_does_not_match (tests_lm.test_v05_reconciliation.V05ReconciliationTests.test_wrong_mechanism_does_not_match) ... ok
test_wrong_provider_is_rejected (tests_lm.test_v05_reconciliation.V05ReconciliationTests.test_wrong_provider_is_rejected) ... ok
test_exact_scope_matches (tests_lm.test_v05_receipt_scope.V05ReceiptScopeTests.test_exact_scope_matches) ... ok
test_other_receipt_is_rejected (tests_lm.test_v05_receipt_scope.V05ReceiptScopeTests.test_other_receipt_is_rejected) ... ok
test_other_source_is_rejected (tests_lm.test_v05_receipt_scope.V05ReceiptScopeTests.test_other_source_is_rejected) ... ok
test_stale_scope_epoch_is_rejected (tests_lm.test_v05_receipt_scope.V05ReceiptScopeTests.test_stale_scope_epoch_is_rejected) ... ok
test_advanced_provider_generation_is_rejected (tests_lm.test_v05_commit_context.V05CommitContextTests.test_advanced_provider_generation_is_rejected) ... ok
test_advanced_request_epoch_is_rejected (tests_lm.test_v05_commit_context.V05CommitContextTests.test_advanced_request_epoch_is_rejected) ... ok
test_both_advanced_are_rejected (tests_lm.test_v05_commit_context.V05CommitContextTests.test_both_advanced_are_rejected) ... ok
test_negative_versions_are_rejected (tests_lm.test_v05_commit_context.V05CommitContextTests.test_negative_versions_are_rejected) ... ok
test_unchanged_context_matches (tests_lm.test_v05_commit_context.V05CommitContextTests.test_unchanged_context_matches) ... ok
test_distinct_receipt_is_independent (tests_lm.test_v05_receipt_replay.V05ReceiptReplayTests.test_distinct_receipt_is_independent) ... ok
test_duplicate_delivery_is_rejected_without_state_change (tests_lm.test_v05_receipt_replay.V05ReceiptReplayTests.test_duplicate_delivery_is_rejected_without_state_change) ... ok
test_first_delivery_is_claimed (tests_lm.test_v05_receipt_replay.V05ReceiptReplayTests.test_first_delivery_is_claimed) ... ok
test_invalid_state_type_is_rejected (tests_lm.test_v05_receipt_replay.V05ReceiptReplayTests.test_invalid_state_type_is_rejected) ... ok
test_concurrent_duplicate_claim_has_one_winner (tests_lm.test_v05_receipt_atomic_claim.V05ReceiptAtomicClaimTests.test_concurrent_duplicate_claim_has_one_winner) ... ok
test_distinct_receipts_are_independent (tests_lm.test_v05_receipt_atomic_claim.V05ReceiptAtomicClaimTests.test_distinct_receipts_are_independent) ... ok
test_duplicate_claim_loses (tests_lm.test_v05_receipt_atomic_claim.V05ReceiptAtomicClaimTests.test_duplicate_claim_loses) ... ok
test_first_claim_wins (tests_lm.test_v05_receipt_atomic_claim.V05ReceiptAtomicClaimTests.test_first_claim_wins) ... ok
test_invalid_initial_state_is_rejected (tests_lm.test_v05_receipt_atomic_claim.V05ReceiptAtomicClaimTests.test_invalid_initial_state_is_rejected) ... ok
test_claim_survives_snapshot_restore (tests_lm.test_v05_receipt_recovery.V05ReceiptRecoveryTests.test_claim_survives_snapshot_restore) ... ok
test_complete_requires_pending_receipt (tests_lm.test_v05_receipt_recovery.V05ReceiptRecoveryTests.test_complete_requires_pending_receipt) ... ok
test_completion_survives_snapshot_restore (tests_lm.test_v05_receipt_recovery.V05ReceiptRecoveryTests.test_completion_survives_snapshot_restore) ... ok
test_multiple_restarts_preserve_pending_state (tests_lm.test_v05_receipt_recovery.V05ReceiptRecoveryTests.test_multiple_restarts_preserve_pending_state) ... ok
test_overlapping_snapshot_state_is_rejected (tests_lm.test_v05_receipt_recovery.V05ReceiptRecoveryTests.test_overlapping_snapshot_state_is_rejected) ... ok
test_invalid_snapshot_payload_is_rejected (tests_lm.test_v05_receipt_recovery_serialization.V05ReceiptRecoverySerializationTests.test_invalid_snapshot_payload_is_rejected) ... ok
test_snapshot_json_roundtrip_preserves_state (tests_lm.test_v05_receipt_recovery_serialization.V05ReceiptRecoverySerializationTests.test_snapshot_json_roundtrip_preserves_state) ... ok
test_applied_completes_without_replay (tests_lm.test_v05_post_transition_recovery.V05PostTransitionRecoveryTests.test_applied_completes_without_replay) ... ok
test_not_applied_requires_replay_before_completion (tests_lm.test_v05_post_transition_recovery.V05PostTransitionRecoveryTests.test_not_applied_requires_replay_before_completion) ... ok
test_still_unknown_holds_pending (tests_lm.test_v05_post_transition_recovery.V05PostTransitionRecoveryTests.test_still_unknown_holds_pending) ... ok
test_unknown_outcome_is_rejected (tests_lm.test_v05_post_transition_recovery.V05PostTransitionRecoveryTests.test_unknown_outcome_is_rejected) ... ok
test_naive_pending_replay_duplicates_applied_effect (tests_lm.test_v05_c127_negative_control.V05C127NegativeControlTests.test_naive_pending_replay_duplicates_applied_effect) ... ok
test_concurrent_acquire_has_one_owner (tests_lm.test_v05_recovery_ownership.V05RecoveryOwnershipTests.test_concurrent_acquire_has_one_owner) ... ok
test_distinct_receipts_are_independent (tests_lm.test_v05_recovery_ownership.V05RecoveryOwnershipTests.test_distinct_receipts_are_independent) ... ok
test_first_owner_wins (tests_lm.test_v05_recovery_ownership.V05RecoveryOwnershipTests.test_first_owner_wins) ... ok
test_only_owner_can_release (tests_lm.test_v05_recovery_ownership.V05RecoveryOwnershipTests.test_only_owner_can_release) ... ok
test_second_owner_loses (tests_lm.test_v05_recovery_ownership.V05RecoveryOwnershipTests.test_second_owner_loses) ... ok
test_active_lease_blocks_takeover (tests_lm.test_v05_recovery_fencing.V05RecoveryFencingTests.test_active_lease_blocks_takeover) ... ok
test_expired_lease_allows_higher_token_takeover (tests_lm.test_v05_recovery_fencing.V05RecoveryFencingTests.test_expired_lease_allows_higher_token_takeover) ... ok
test_first_owner_gets_first_token (tests_lm.test_v05_recovery_fencing.V05RecoveryFencingTests.test_first_owner_gets_first_token) ... ok
test_invalid_lease_duration_is_rejected (tests_lm.test_v05_recovery_fencing.V05RecoveryFencingTests.test_invalid_lease_duration_is_rejected) ... ok
test_same_worker_id_old_token_is_fenced_after_reacquire (tests_lm.test_v05_recovery_fencing.V05RecoveryFencingTests.test_same_worker_id_old_token_is_fenced_after_reacquire) ... ok
test_stale_owner_cannot_release_new_owner (tests_lm.test_v05_recovery_fencing.V05RecoveryFencingTests.test_stale_owner_cannot_release_new_owner) ... ok
test_stale_owner_is_fenced_after_takeover (tests_lm.test_v05_recovery_fencing.V05RecoveryFencingTests.test_stale_owner_is_fenced_after_takeover) ... ok
test_exact_expiry_cannot_renew (tests_lm.test_v05_recovery_lease_renewal.V05RecoveryLeaseRenewalTests.test_exact_expiry_cannot_renew) ... ok
test_naive_inclusive_expiry_would_disagree_at_boundary (tests_lm.test_v05_recovery_lease_renewal.V05RecoveryLeaseRenewalTests.test_naive_inclusive_expiry_would_disagree_at_boundary) ... ok
test_renewal_never_shortens_existing_lease (tests_lm.test_v05_recovery_lease_renewal.V05RecoveryLeaseRenewalTests.test_renewal_never_shortens_existing_lease) ... ok
test_stale_token_cannot_renew_after_takeover (tests_lm.test_v05_recovery_lease_renewal.V05RecoveryLeaseRenewalTests.test_stale_token_cannot_renew_after_takeover) ... ok
test_takeover_is_blocked_at_old_expiry_after_renewal (tests_lm.test_v05_recovery_lease_renewal.V05RecoveryLeaseRenewalTests.test_takeover_is_blocked_at_old_expiry_after_renewal) ... ok
test_valid_owner_renews_before_expiry_without_changing_token (tests_lm.test_v05_recovery_lease_renewal.V05RecoveryLeaseRenewalTests.test_valid_owner_renews_before_expiry_without_changing_token) ... ok
test_wrong_owner_cannot_renew (tests_lm.test_v05_recovery_lease_renewal.V05RecoveryLeaseRenewalTests.test_wrong_owner_cannot_renew) ... ok
test_expired_takeover_gets_higher_token_across_connections (tests_lm.test_v05_sqlite_recovery_fencing.V05SqliteRecoveryFencingTests.test_expired_takeover_gets_higher_token_across_connections) ... ok
test_first_acquire_gets_token_one (tests_lm.test_v05_sqlite_recovery_fencing.V05SqliteRecoveryFencingTests.test_first_acquire_gets_token_one) ... ok
test_same_worker_id_old_token_is_rejected (tests_lm.test_v05_sqlite_recovery_fencing.V05SqliteRecoveryFencingTests.test_same_worker_id_old_token_is_rejected) ... ok
test_stale_write_is_rejected_and_current_write_is_stored (tests_lm.test_v05_sqlite_recovery_fencing.V05SqliteRecoveryFencingTests.test_stale_write_is_rejected_and_current_write_is_stored) ... ok
test_two_process_resolved_case_has_one_current_write (tests_lm.test_v05_c132_process_fencing.V05C132ProcessFencingTests.test_two_process_resolved_case_has_one_current_write) ... ok
test_two_process_unknown_case_stores_no_effect (tests_lm.test_v05_c132_process_fencing.V05C132ProcessFencingTests.test_two_process_unknown_case_stores_no_effect) ... ok
test_exact_retrieval_returns_persisted_evidence_and_provenance (tests_lm.test_v05_retrieval_adapter.V05RetrievalAdapterTests.test_exact_retrieval_returns_persisted_evidence_and_provenance) ... ok
test_exact_search_scores_persisted_corpus_not_hidden_fallback (tests_lm.test_v05_retrieval_adapter.V05RetrievalAdapterTests.test_exact_search_scores_persisted_corpus_not_hidden_fallback) ... ok
test_reloading_same_file_preserves_fingerprints (tests_lm.test_v05_retrieval_adapter.V05RetrievalAdapterTests.test_reloading_same_file_preserves_fingerprints) ... ok
test_structure_miss_returns_none_with_provenance_stats (tests_lm.test_v05_retrieval_miss_semantics.V05RetrievalMissSemanticsTests.test_structure_miss_returns_none_with_provenance_stats) ... ok
test_wrong_schema_returns_none_with_provenance_stats (tests_lm.test_v05_retrieval_miss_semantics.V05RetrievalMissSemanticsTests.test_wrong_schema_returns_none_with_provenance_stats) ... ok
test_bounded_hit_does_not_pay_exact_fallback_q5 (tests_lm.test_v05_retrieval_bounded_recovery.V05RetrievalBoundedRecoveryTests.test_bounded_hit_does_not_pay_exact_fallback_q5) ... ok
test_real_bounded_false_negative_recovers_exact_q6 (tests_lm.test_v05_retrieval_bounded_recovery.V05RetrievalBoundedRecoveryTests.test_real_bounded_false_negative_recovers_exact_q6) ... ok
test_true_miss_remains_none_after_exact_fallback (tests_lm.test_v05_retrieval_bounded_recovery.V05RetrievalBoundedRecoveryTests.test_true_miss_remains_none_after_exact_fallback) ... ok
test_address_head_returns_expected_shape (tests_lm.test_v05_retrieval_query.V05RetrievalQueryTests.test_address_head_returns_expected_shape) ... ok
test_address_to_structure_is_one_hot (tests_lm.test_v05_retrieval_query.V05RetrievalQueryTests.test_address_to_structure_is_one_hot) ... ok
test_hashed_text_features_are_deterministic (tests_lm.test_v05_retrieval_query.V05RetrievalQueryTests.test_hashed_text_features_are_deterministic) ... ok
test_encode_returns_unit_norm_vectors (tests_lm.test_v05_retrieval_content.V05RetrievalContentTests.test_encode_returns_unit_norm_vectors) ... ok
test_scores_accept_dynamic_candidate_count (tests_lm.test_v05_retrieval_content.V05RetrievalContentTests.test_scores_accept_dynamic_candidate_count) ... ok
test_select_returns_candidate_index_without_fixed_address_count (tests_lm.test_v05_retrieval_content.V05RetrievalContentTests.test_select_returns_candidate_index_without_fixed_address_count) ... ok
test_raw_hashed_features_do_not_solve_unseen_combinations (tests_lm.test_v05_c138_compositional_alias_fixture.V05C138CompositionalAliasFixtureTests.test_raw_hashed_features_do_not_solve_unseen_combinations) ... ok
test_unseen_combination_alias_tokens_are_seen_during_training (tests_lm.test_v05_c138_compositional_alias_fixture.V05C138CompositionalAliasFixtureTests.test_unseen_combination_alias_tokens_are_seen_during_training) ... ok
test_validation_and_descriptor_share_no_tokens (tests_lm.test_v05_c138_compositional_alias_fixture.V05C138CompositionalAliasFixtureTests.test_validation_and_descriptor_share_no_tokens) ... ok
test_c138_training_vocabulary_reproduces_amber_red_hash_collision (tests_lm.test_v05_c139_hash_collision_diagnostic.V05C139HashCollisionDiagnosticTests.test_c138_training_vocabulary_reproduces_amber_red_hash_collision) ... ok
test_collision_free_features_distinguish_amber_and_red (tests_lm.test_v05_c139_hash_collision_diagnostic.V05C139HashCollisionDiagnosticTests.test_collision_free_features_distinguish_amber_and_red) ... ok
test_training_vocabulary_covers_all_validation_and_descriptor_tokens (tests_lm.test_v05_c139_hash_collision_diagnostic.V05C139HashCollisionDiagnosticTests.test_training_vocabulary_covers_all_validation_and_descriptor_tokens) ... ok
test_negative_expected_margin_marks_competing_prediction (tests_lm.test_v05_c140_collision_free_multiseed_robustness.V05C140CollisionFreeMultiseedRobustnessTests.test_negative_expected_margin_marks_competing_prediction) ... ok
test_positive_expected_margin_marks_correct_prediction (tests_lm.test_v05_c140_collision_free_multiseed_robustness.V05C140CollisionFreeMultiseedRobustnessTests.test_positive_expected_margin_marks_correct_prediction) ... ok
test_seed_set_is_fresh_and_disjoint_from_c139 (tests_lm.test_v05_c140_collision_free_multiseed_robustness.V05C140CollisionFreeMultiseedRobustnessTests.test_seed_set_is_fresh_and_disjoint_from_c139) ... ok
test_ambiguous_training_alias_is_rejected (tests_lm.test_v05_c141_color_alias_localization.V05C141ColorAliasLocalizationTests.test_ambiguous_training_alias_is_rejected) ... ok
test_misaligned_pairs_are_rejected (tests_lm.test_v05_c141_color_alias_localization.V05C141ColorAliasLocalizationTests.test_misaligned_pairs_are_rejected) ... ok
test_only_color_changes_and_source_rows_are_not_mutated (tests_lm.test_v05_c141_color_alias_localization.V05C141ColorAliasLocalizationTests.test_only_color_changes_and_source_rows_are_not_mutated) ... ok
test_prerequisite_rejects_wrong_experiment_and_console_only_payload (tests_lm.test_v05_c141_color_alias_localization.V05C141ColorAliasLocalizationTests.test_prerequisite_rejects_wrong_experiment_and_console_only_payload) ... ok
test_replay_accepts_equal_data_but_rejects_changed_prediction (tests_lm.test_v05_c141_color_alias_localization.V05C141ColorAliasLocalizationTests.test_replay_accepts_equal_data_but_rejects_changed_prediction) ... ok
test_replay_rejects_score_drift_and_nan (tests_lm.test_v05_c141_color_alias_localization.V05C141ColorAliasLocalizationTests.test_replay_rejects_score_drift_and_nan) ... ok
test_rescuing_a_failure_does_not_hide_a_new_error (tests_lm.test_v05_c141_color_alias_localization.V05C141ColorAliasLocalizationTests.test_rescuing_a_failure_does_not_hide_a_new_error) ... ok
test_seeds_are_exactly_the_c140_replay_set (tests_lm.test_v05_c141_color_alias_localization.V05C141ColorAliasLocalizationTests.test_seeds_are_exactly_the_c140_replay_set) ... ok
test_training_map_ignores_unseen_rows_and_validation_labels (tests_lm.test_v05_c141_color_alias_localization.V05C141ColorAliasLocalizationTests.test_training_map_ignores_unseen_rows_and_validation_labels) ... ok
test_training_pair_audit_excludes_heldout_combinations (tests_lm.test_v05_c141_color_alias_localization.V05C141ColorAliasLocalizationTests.test_training_pair_audit_excludes_heldout_combinations) ... ok
test_uncovered_alias_is_rejected (tests_lm.test_v05_c141_color_alias_localization.V05C141ColorAliasLocalizationTests.test_uncovered_alias_is_rejected) ... ok
test_weight_fingerprint_detects_mutation (tests_lm.test_v05_c141_color_alias_localization.V05C141ColorAliasLocalizationTests.test_weight_fingerprint_detects_mutation) ... ok
test_accepted_full_prerequisite_is_validated (tests_lm.test_v05_c142_color_alignment.V05C142ColorAlignmentTests.test_accepted_full_prerequisite_is_validated) ... ok
test_auxiliary_objective_is_preregistered_weighted_sum (tests_lm.test_v05_c142_color_alignment.V05C142ColorAlignmentTests.test_auxiliary_objective_is_preregistered_weighted_sum) ... ok
test_bad_weight_and_scale_are_rejected (tests_lm.test_v05_c142_color_alignment.V05C142ColorAlignmentTests.test_bad_weight_and_scale_are_rejected) ... ok
test_checkpoint_is_weights_only_loadable_and_reconstructible (tests_lm.test_v05_c142_color_alignment.V05C142ColorAlignmentTests.test_checkpoint_is_weights_only_loadable_and_reconstructible) ... ok
test_color_pairs_are_deduplicated_sorted_and_labeled (tests_lm.test_v05_c142_color_alignment.V05C142ColorAlignmentTests.test_color_pairs_are_deduplicated_sorted_and_labeled) ... ok
test_conflicting_training_alias_is_rejected (tests_lm.test_v05_c142_color_alignment.V05C142ColorAlignmentTests.test_conflicting_training_alias_is_rejected) ... ok
test_empty_or_invalid_training_split_is_rejected (tests_lm.test_v05_c142_color_alignment.V05C142ColorAlignmentTests.test_empty_or_invalid_training_split_is_rejected) ... ok
test_evaluation_interface_has_no_alias_map (tests_lm.test_v05_c142_color_alignment.V05C142ColorAlignmentTests.test_evaluation_interface_has_no_alias_map) ... ok
test_evaluation_uses_original_text_and_adapter_result (tests_lm.test_v05_c142_color_alignment.V05C142ColorAlignmentTests.test_evaluation_uses_original_text_and_adapter_result) ... ok
test_fresh_seed_set_and_fixed_auxiliary_weight (tests_lm.test_v05_c142_color_alignment.V05C142ColorAlignmentTests.test_fresh_seed_set_and_fixed_auxiliary_weight) ... ok
test_nonfinite_loss_is_rejected (tests_lm.test_v05_c142_color_alignment.V05C142ColorAlignmentTests.test_nonfinite_loss_is_rejected) ... ok
test_paired_copies_start_equal_and_auxiliary_changes_updates (tests_lm.test_v05_c142_color_alignment.V05C142ColorAlignmentTests.test_paired_copies_start_equal_and_auxiliary_changes_updates) ... ok
test_pass_requires_success_and_strictly_positive_finite_margins (tests_lm.test_v05_c142_color_alignment.V05C142ColorAlignmentTests.test_pass_requires_success_and_strictly_positive_finite_margins) ... ok
test_prerequisite_rejects_aggregate_only_wrong_source_and_fail (tests_lm.test_v05_c142_color_alignment.V05C142ColorAlignmentTests.test_prerequisite_rejects_aggregate_only_wrong_source_and_fail) ... ok
test_prerequisite_rejects_bad_case_and_margin (tests_lm.test_v05_c142_color_alignment.V05C142ColorAlignmentTests.test_prerequisite_rejects_bad_case_and_margin) ... ok
test_prerequisite_selector_skips_invalid_files (tests_lm.test_v05_c142_color_alignment.V05C142ColorAlignmentTests.test_prerequisite_selector_skips_invalid_files) ... ok
test_rescue_counts_do_not_hide_new_errors (tests_lm.test_v05_c142_color_alignment.V05C142ColorAlignmentTests.test_rescue_counts_do_not_hide_new_errors) ... ok
test_training_spec_does_not_mutate_rows (tests_lm.test_v05_c142_color_alignment.V05C142ColorAlignmentTests.test_training_spec_does_not_mutate_rows) ... ok
test_training_spec_ignores_validation_and_heldout_fields (tests_lm.test_v05_c142_color_alignment.V05C142ColorAlignmentTests.test_training_spec_ignores_validation_and_heldout_fields) ... ok
test_wrong_provenance_is_execution_error_not_scientific_failure (tests_lm.test_v05_c142_color_alignment.V05C142ColorAlignmentTests.test_wrong_provenance_is_execution_error_not_scientific_failure) ... ok
test_zero_aux_training_matches_c139_reference_update_arithmetic (tests_lm.test_v05_c142_color_alignment.V05C142ColorAlignmentTests.test_zero_aux_training_matches_c139_reference_update_arithmetic) ... ok
test_zero_weight_does_not_read_auxiliary_input (tests_lm.test_v05_c142_color_alignment.V05C142ColorAlignmentTests.test_zero_weight_does_not_read_auxiliary_input) ... ok
test_accepted_full_prerequisite_profile (tests_lm.test_v05_c143_frozen_factorial_audit.V05C143FrozenFactorialAuditTests.test_accepted_full_prerequisite_profile) ... ok
test_ambiguous_training_alias_is_rejected (tests_lm.test_v05_c143_frozen_factorial_audit.V05C143FrozenFactorialAuditTests.test_ambiguous_training_alias_is_rejected) ... ok
test_candidate_scorer_accepts_dynamic_catalog_size (tests_lm.test_v05_c143_frozen_factorial_audit.V05C143FrozenFactorialAuditTests.test_candidate_scorer_accepts_dynamic_catalog_size) ... ok
test_checkpoint_path_metadata_cannot_redirect_file_loading (tests_lm.test_v05_c143_frozen_factorial_audit.V05C143FrozenFactorialAuditTests.test_checkpoint_path_metadata_cannot_redirect_file_loading) ... ok
test_checkpoint_reconstruction_is_frozen_and_identical (tests_lm.test_v05_c143_frozen_factorial_audit.V05C143FrozenFactorialAuditTests.test_checkpoint_reconstruction_is_frozen_and_identical) ... ok
test_checkpoint_tampering_vocab_and_fingerprint_are_rejected (tests_lm.test_v05_c143_frozen_factorial_audit.V05C143FrozenFactorialAuditTests.test_checkpoint_tampering_vocab_and_fingerprint_are_rejected) ... ok
test_expected_labels_cannot_change_model_predictions (tests_lm.test_v05_c143_frozen_factorial_audit.V05C143FrozenFactorialAuditTests.test_expected_labels_cannot_change_model_predictions) ... ok
test_full_factor_product_and_alias_counts (tests_lm.test_v05_c143_frozen_factorial_audit.V05C143FrozenFactorialAuditTests.test_full_factor_product_and_alias_counts) ... ok
test_generated_query_target_has_zero_lexical_overlap (tests_lm.test_v05_c143_frozen_factorial_audit.V05C143FrozenFactorialAuditTests.test_generated_query_target_has_zero_lexical_overlap) ... ok
test_group_metrics_do_not_hide_new_combination_errors (tests_lm.test_v05_c143_frozen_factorial_audit.V05C143FrozenFactorialAuditTests.test_group_metrics_do_not_hide_new_combination_errors) ... ok
test_heldout_training_fields_do_not_contribute_aliases (tests_lm.test_v05_c143_frozen_factorial_audit.V05C143FrozenFactorialAuditTests.test_heldout_training_fields_do_not_contribute_aliases) ... ok
test_margins_handle_correct_incorrect_and_tie (tests_lm.test_v05_c143_frozen_factorial_audit.V05C143FrozenFactorialAuditTests.test_margins_handle_correct_incorrect_and_tie) ... ok
test_nonfinite_scores_and_bad_labels_are_rejected (tests_lm.test_v05_c143_frozen_factorial_audit.V05C143FrozenFactorialAuditTests.test_nonfinite_scores_and_bad_labels_are_rejected) ... ok
test_original_catalog_order_is_preserved (tests_lm.test_v05_c143_frozen_factorial_audit.V05C143FrozenFactorialAuditTests.test_original_catalog_order_is_preserved) ... ok
test_original_training_and_validation_queries_are_flagged (tests_lm.test_v05_c143_frozen_factorial_audit.V05C143FrozenFactorialAuditTests.test_original_training_and_validation_queries_are_flagged) ... ok
test_pass_requires_every_case_and_positive_finite_margin (tests_lm.test_v05_c143_frozen_factorial_audit.V05C143FrozenFactorialAuditTests.test_pass_requires_every_case_and_positive_finite_margin) ... ok
test_prerequisite_rejects_changed_treatment_or_query (tests_lm.test_v05_c143_frozen_factorial_audit.V05C143FrozenFactorialAuditTests.test_prerequisite_rejects_changed_treatment_or_query) ... ok
test_prerequisite_rejects_console_only_and_wrong_commit (tests_lm.test_v05_c143_frozen_factorial_audit.V05C143FrozenFactorialAuditTests.test_prerequisite_rejects_console_only_and_wrong_commit) ... ok
test_replay_checks_prediction_and_score_drift (tests_lm.test_v05_c143_frozen_factorial_audit.V05C143FrozenFactorialAuditTests.test_replay_checks_prediction_and_score_drift) ... ok
test_seed_set_reuses_all_c142_heads (tests_lm.test_v05_c143_frozen_factorial_audit.V05C143FrozenFactorialAuditTests.test_seed_set_reuses_all_c142_heads) ... ok
test_suite_is_deterministic_and_input_is_not_mutated (tests_lm.test_v05_c143_frozen_factorial_audit.V05C143FrozenFactorialAuditTests.test_suite_is_deterministic_and_input_is_not_mutated) ... ok
test_wrong_factor_cardinality_is_rejected (tests_lm.test_v05_c143_frozen_factorial_audit.V05C143FrozenFactorialAuditTests.test_wrong_factor_cardinality_is_rejected) ... ok
test_arm_analysis_counts_masks_and_distances (tests_lm.test_v05_c144_factor_mismatch_attribution.V05C144FactorMismatchAttributionTests.test_arm_analysis_counts_masks_and_distances) ... ok
test_arm_analysis_does_not_mutate_input (tests_lm.test_v05_c144_factor_mismatch_attribution.V05C144FactorMismatchAttributionTests.test_arm_analysis_does_not_mutate_input) ... ok
test_arm_analysis_tracks_alias_error_rates (tests_lm.test_v05_c144_factor_mismatch_attribution.V05C144FactorMismatchAttributionTests.test_arm_analysis_tracks_alias_error_rates) ... ok
test_axes_are_canonical_order (tests_lm.test_v05_c144_factor_mismatch_attribution.V05C144FactorMismatchAttributionTests.test_axes_are_canonical_order) ... ok
test_bad_descriptor_arity_is_rejected (tests_lm.test_v05_c144_factor_mismatch_attribution.V05C144FactorMismatchAttributionTests.test_bad_descriptor_arity_is_rejected) ... ok
test_expected_aggregate_constants_match_c143_console (tests_lm.test_v05_c144_factor_mismatch_attribution.V05C144FactorMismatchAttributionTests.test_expected_aggregate_constants_match_c143_console) ... ok
test_identical_descriptor_is_not_an_error_mask (tests_lm.test_v05_c144_factor_mismatch_attribution.V05C144FactorMismatchAttributionTests.test_identical_descriptor_is_not_an_error_mask) ... ok
test_multi_factor_masks_preserve_axis_order (tests_lm.test_v05_c144_factor_mismatch_attribution.V05C144FactorMismatchAttributionTests.test_multi_factor_masks_preserve_axis_order) ... ok
test_safe_rate (tests_lm.test_v05_c144_factor_mismatch_attribution.V05C144FactorMismatchAttributionTests.test_safe_rate) ... ok
test_single_factor_masks (tests_lm.test_v05_c144_factor_mismatch_attribution.V05C144FactorMismatchAttributionTests.test_single_factor_masks) ... ok
test_alignment_spec_rejects_bad_axis (tests_lm.test_v05_c145_material_alignment_intervention.V05C145MaterialAlignmentTests.test_alignment_spec_rejects_bad_axis) ... ok
test_alignment_spec_uses_training_rows_only (tests_lm.test_v05_c145_material_alignment_intervention.V05C145MaterialAlignmentTests.test_alignment_spec_uses_training_rows_only) ... ok
test_c144_validator_accepts_registered_profile (tests_lm.test_v05_c145_material_alignment_intervention.V05C145MaterialAlignmentTests.test_c144_validator_accepts_registered_profile) ... ok
test_c144_validator_rejects_wrong_material_count (tests_lm.test_v05_c145_material_alignment_intervention.V05C145MaterialAlignmentTests.test_c144_validator_rejects_wrong_material_count) ... ok
test_head_fingerprint_detects_update (tests_lm.test_v05_c145_material_alignment_intervention.V05C145MaterialAlignmentTests.test_head_fingerprint_detects_update) ... ok
test_identical_mask_rejected (tests_lm.test_v05_c145_material_alignment_intervention.V05C145MaterialAlignmentTests.test_identical_mask_rejected) ... ok
test_main_spec_is_not_mutating (tests_lm.test_v05_c145_material_alignment_intervention.V05C145MaterialAlignmentTests.test_main_spec_is_not_mutating) ... ok
test_mask_axis_order (tests_lm.test_v05_c145_material_alignment_intervention.V05C145MaterialAlignmentTests.test_mask_axis_order) ... ok
test_metrics_counts_material_involvement (tests_lm.test_v05_c145_material_alignment_intervention.V05C145MaterialAlignmentTests.test_metrics_counts_material_involvement) ... ok
test_objective_material_zero_vs_one_differs (tests_lm.test_v05_c145_material_alignment_intervention.V05C145MaterialAlignmentTests.test_objective_material_zero_vs_one_differs) ... M:\asobiba\fold\tests_lm\test_v05_c145_material_alignment_intervention.py:74: UserWarning: Converting a tensor with requires_grad=True to a scalar may lead to unexpected behavior.
Consider using tensor.detach() first. (Triggered internally at C:\actions-runner\_work\pytorch\pytorch\pytorch\torch\csrc\autograd\generated\python_variable_methods.cpp:837.)
  self.assertNotEqual(float(a),float(b))
ok
test_pair_counts_rescue_and_regression (tests_lm.test_v05_c145_material_alignment_intervention.V05C145MaterialAlignmentTests.test_pair_counts_rescue_and_regression) ... ok
test_seed_set_is_fresh (tests_lm.test_v05_c145_material_alignment_intervention.V05C145MaterialAlignmentTests.test_seed_set_is_fresh) ... ok
test_audit_rejects_invalid_index_and_inconsistent_margin (tests_lm.test_v05_c146_all_factor_alignment.V05C146AllFactorAlignmentTests.test_audit_rejects_invalid_index_and_inconsistent_margin) ... ok
test_conflicting_factor_alias_is_rejected (tests_lm.test_v05_c146_all_factor_alignment.V05C146AllFactorAlignmentTests.test_conflicting_factor_alias_is_rejected) ... ok
test_control_has_no_shape_loss_graph (tests_lm.test_v05_c146_all_factor_alignment.V05C146AllFactorAlignmentTests.test_control_has_no_shape_loss_graph) ... ok
test_control_updates_match_explicit_c145_treatment_arithmetic (tests_lm.test_v05_c146_all_factor_alignment.V05C146AllFactorAlignmentTests.test_control_updates_match_explicit_c145_treatment_arithmetic) ... ok
test_full_synthetic_prerequisite_recomputes_accepted_aggregates (tests_lm.test_v05_c146_all_factor_alignment.V05C146AllFactorAlignmentTests.test_full_synthetic_prerequisite_recomputes_accepted_aggregates) ... ok
test_group_metrics_preserve_overlapping_original_group (tests_lm.test_v05_c146_all_factor_alignment.V05C146AllFactorAlignmentTests.test_group_metrics_preserve_overlapping_original_group) ... ok
test_invalid_weight_and_nonfinite_loss_rejected (tests_lm.test_v05_c146_all_factor_alignment.V05C146AllFactorAlignmentTests.test_invalid_weight_and_nonfinite_loss_rejected) ... ok
test_malformed_and_empty_training_rejected (tests_lm.test_v05_c146_all_factor_alignment.V05C146AllFactorAlignmentTests.test_malformed_and_empty_training_rejected) ... ok
test_manifest_checks_lf_and_crlf_bytes_without_semantic_fallback (tests_lm.test_v05_c146_all_factor_alignment.V05C146AllFactorAlignmentTests.test_manifest_checks_lf_and_crlf_bytes_without_semantic_fallback) ... ok
test_masks_include_overlapping_factor_counts (tests_lm.test_v05_c146_all_factor_alignment.V05C146AllFactorAlignmentTests.test_masks_include_overlapping_factor_counts) ... ok
test_paired_counts_distinguish_rescue_and_new_error (tests_lm.test_v05_c146_all_factor_alignment.V05C146AllFactorAlignmentTests.test_paired_counts_distinguish_rescue_and_new_error) ... ok
test_paired_models_start_equal_but_auxiliary_changes_updates (tests_lm.test_v05_c146_all_factor_alignment.V05C146AllFactorAlignmentTests.test_paired_models_start_equal_but_auxiliary_changes_updates) ... ok
test_pass_requires_correct_and_strictly_positive_finite_margin (tests_lm.test_v05_c146_all_factor_alignment.V05C146AllFactorAlignmentTests.test_pass_requires_correct_and_strictly_positive_finite_margin) ... ok
test_prerequisite_rejects_console_only_or_wrong_commit (tests_lm.test_v05_c146_all_factor_alignment.V05C146AllFactorAlignmentTests.test_prerequisite_rejects_console_only_or_wrong_commit) ... ok
test_prerequisite_rejects_duplicate_seed_and_false_full_pass_count (tests_lm.test_v05_c146_all_factor_alignment.V05C146AllFactorAlignmentTests.test_prerequisite_rejects_duplicate_seed_and_false_full_pass_count) ... ok
test_prerequisite_rejects_modified_case (tests_lm.test_v05_c146_all_factor_alignment.V05C146AllFactorAlignmentTests.test_prerequisite_rejects_modified_case) ... ok
test_seed_set_is_fresh_and_configuration_fixed (tests_lm.test_v05_c146_all_factor_alignment.V05C146AllFactorAlignmentTests.test_seed_set_is_fresh_and_configuration_fixed) ... ok
test_shape_one_objective_is_exact_weighted_sum (tests_lm.test_v05_c146_all_factor_alignment.V05C146AllFactorAlignmentTests.test_shape_one_objective_is_exact_weighted_sum) ... ok
test_specs_preserve_hyphenated_shape_expression_and_source (tests_lm.test_v05_c146_all_factor_alignment.V05C146AllFactorAlignmentTests.test_specs_preserve_hyphenated_shape_expression_and_source) ... ok
test_training_uses_no_validation_or_heldout_fields (tests_lm.test_v05_c146_all_factor_alignment.V05C146AllFactorAlignmentTests.test_training_uses_no_validation_or_heldout_fields) ... ok
test_checkpoint_is_reconstructed_frozen_with_exact_fingerprint (tests_lm.test_v05_c147_composition_order.V05C147CompositionOrderTests.test_checkpoint_is_reconstructed_frozen_with_exact_fingerprint) ... ok
test_checkpoint_wrong_name_hash_vocabulary_and_weights_rejected (tests_lm.test_v05_c147_composition_order.V05C147CompositionOrderTests.test_checkpoint_wrong_name_hash_vocabulary_and_weights_rejected) ... ok
test_compose_does_not_mutate_head_or_texts (tests_lm.test_v05_c147_composition_order.V05C147CompositionOrderTests.test_compose_does_not_mutate_head_or_texts) ... ok
test_compose_uses_one_unique_unit_encoding_batch (tests_lm.test_v05_c147_composition_order.V05C147CompositionOrderTests.test_compose_uses_one_unique_unit_encoding_batch) ... ok
test_composition_equals_normalized_sum_of_unit_encodings (tests_lm.test_v05_c147_composition_order.V05C147CompositionOrderTests.test_composition_equals_normalized_sum_of_unit_encodings) ... ok
test_empty_units_and_undefined_normalization_rejected (tests_lm.test_v05_c147_composition_order.V05C147CompositionOrderTests.test_empty_units_and_undefined_normalization_rejected) ... ok
test_error_details_include_query_target_and_both_predictions (tests_lm.test_v05_c147_composition_order.V05C147CompositionOrderTests.test_error_details_include_query_target_and_both_predictions) ... ok
test_hyphenated_expression_is_passed_intact_to_feature_function (tests_lm.test_v05_c147_composition_order.V05C147CompositionOrderTests.test_hyphenated_expression_is_passed_intact_to_feature_function) ... ok
test_labels_cannot_change_predictions (tests_lm.test_v05_c147_composition_order.V05C147CompositionOrderTests.test_labels_cannot_change_predictions) ... ok
test_no_typed_factor_or_expected_label_in_encoder_interface (tests_lm.test_v05_c147_composition_order.V05C147CompositionOrderTests.test_no_typed_factor_or_expected_label_in_encoder_interface) ... ok
test_pair_does_not_hide_new_errors (tests_lm.test_v05_c147_composition_order.V05C147CompositionOrderTests.test_pair_does_not_hide_new_errors) ... ok
test_rank_rejects_nan_shapes_and_invalid_indices (tests_lm.test_v05_c147_composition_order.V05C147CompositionOrderTests.test_rank_rejects_nan_shapes_and_invalid_indices) ... ok
test_rejects_wrong_prerequisite_before_auditing (tests_lm.test_v05_c147_composition_order.V05C147CompositionOrderTests.test_rejects_wrong_prerequisite_before_auditing) ... ok
test_replay_rejects_rank_score_and_numeric_changes (tests_lm.test_v05_c147_composition_order.V05C147CompositionOrderTests.test_replay_rejects_rank_score_and_numeric_changes) ... ok
test_single_expression_matches_original_encoder (tests_lm.test_v05_c147_composition_order.V05C147CompositionOrderTests.test_single_expression_matches_original_encoder) ... ok
test_source_seed_set_includes_all_successes_and_failures (tests_lm.test_v05_c147_composition_order.V05C147CompositionOrderTests.test_source_seed_set_includes_all_successes_and_failures) ... ok
test_strict_positive_margin_gate_and_ties (tests_lm.test_v05_c147_composition_order.V05C147CompositionOrderTests.test_strict_positive_margin_gate_and_ties) ... ok
test_unit_order_is_invariant_and_repetitions_preserved (tests_lm.test_v05_c147_composition_order.V05C147CompositionOrderTests.test_unit_order_is_invariant_and_repetitions_preserved) ... ok
test_bad_steps_and_nonfinite_losses_rejected (tests_lm.test_v05_c148_train_consistent_composition.V05C148TrainConsistentCompositionTests.test_bad_steps_and_nonfinite_losses_rejected) ... ok
test_checkpoint_contains_composition_metadata_and_loads_safely (tests_lm.test_v05_c148_train_consistent_composition.V05C148TrainConsistentCompositionTests.test_checkpoint_contains_composition_metadata_and_loads_safely) ... ok
test_composition_matches_c147_normalized_sum_formula (tests_lm.test_v05_c148_train_consistent_composition.V05C148TrainConsistentCompositionTests.test_composition_matches_c147_normalized_sum_formula) ... ok
test_empty_or_invalid_text_is_rejected (tests_lm.test_v05_c148_train_consistent_composition.V05C148TrainConsistentCompositionTests.test_empty_or_invalid_text_is_rejected) ... ok
test_encoder_has_no_labels_or_factor_slot_interface (tests_lm.test_v05_c148_train_consistent_composition.V05C148TrainConsistentCompositionTests.test_encoder_has_no_labels_or_factor_slot_interface) ... ok
test_evaluation_does_not_mutate_head (tests_lm.test_v05_c148_train_consistent_composition.V05C148TrainConsistentCompositionTests.test_evaluation_does_not_mutate_head) ... ok
test_fresh_seed_set_does_not_reuse_recent_experiments (tests_lm.test_v05_c148_train_consistent_composition.V05C148TrainConsistentCompositionTests.test_fresh_seed_set_does_not_reuse_recent_experiments) ... ok
test_gradient_matches_double_precision_finite_difference (tests_lm.test_v05_c148_train_consistent_composition.V05C148TrainConsistentCompositionTests.test_gradient_matches_double_precision_finite_difference) ... ok
test_multiple_steps_recompute_learned_vectors (tests_lm.test_v05_c148_train_consistent_composition.V05C148TrainConsistentCompositionTests.test_multiple_steps_recompute_learned_vectors) ... ok
test_only_main_term_changes_between_objectives (tests_lm.test_v05_c148_train_consistent_composition.V05C148TrainConsistentCompositionTests.test_only_main_term_changes_between_objectives) ... ok
test_padding_does_not_contribute_vectors (tests_lm.test_v05_c148_train_consistent_composition.V05C148TrainConsistentCompositionTests.test_padding_does_not_contribute_vectors) ... ok
test_paired_initial_state_same_updates_differ (tests_lm.test_v05_c148_train_consistent_composition.V05C148TrainConsistentCompositionTests.test_paired_initial_state_same_updates_differ) ... ok
test_permutation_invariance_and_repetition_weight (tests_lm.test_v05_c148_train_consistent_composition.V05C148TrainConsistentCompositionTests.test_permutation_invariance_and_repetition_weight) ... ok
test_pooled_control_objective_is_c146_arithmetic (tests_lm.test_v05_c148_train_consistent_composition.V05C148TrainConsistentCompositionTests.test_pooled_control_objective_is_c146_arithmetic) ... ok
test_pooled_control_updates_equal_reference (tests_lm.test_v05_c148_train_consistent_composition.V05C148TrainConsistentCompositionTests.test_pooled_control_updates_equal_reference) ... ok
test_preparation_keeps_input_and_only_caches_features (tests_lm.test_v05_c148_train_consistent_composition.V05C148TrainConsistentCompositionTests.test_preparation_keeps_input_and_only_caches_features) ... ok
test_preparation_rejects_nonfinite_features (tests_lm.test_v05_c148_train_consistent_composition.V05C148TrainConsistentCompositionTests.test_preparation_rejects_nonfinite_features) ... ok
test_prior_rejects_changed_predictions_pair_or_fit (tests_lm.test_v05_c148_train_consistent_composition.V05C148TrainConsistentCompositionTests.test_prior_rejects_changed_predictions_pair_or_fit) ... ok
test_prior_rejects_wrong_identity_summary_only_and_seed_duplicates (tests_lm.test_v05_c148_train_consistent_composition.V05C148TrainConsistentCompositionTests.test_prior_rejects_wrong_identity_summary_only_and_seed_duplicates) ... ok
test_single_unit_matches_shared_encoder (tests_lm.test_v05_c148_train_consistent_composition.V05C148TrainConsistentCompositionTests.test_single_unit_matches_shared_encoder) ... ok
test_strict_gate_rejects_ties_errors_and_nonfinite_margin (tests_lm.test_v05_c148_train_consistent_composition.V05C148TrainConsistentCompositionTests.test_strict_gate_rejects_ties_errors_and_nonfinite_margin) ... ok
test_synthetic_full_prior_reaggregation (tests_lm.test_v05_c148_train_consistent_composition.V05C148TrainConsistentCompositionTests.test_synthetic_full_prior_reaggregation) ... ok
test_units_sort_without_dropping_hyphens_or_repetitions (tests_lm.test_v05_c148_train_consistent_composition.V05C148TrainConsistentCompositionTests.test_units_sort_without_dropping_hyphens_or_repetitions) ... ok
test_unregistered_mode_and_zero_sum_are_rejected (tests_lm.test_v05_c148_train_consistent_composition.V05C148TrainConsistentCompositionTests.test_unregistered_mode_and_zero_sum_are_rejected) ... ok
test_accounting_does_not_mutate_or_backpropagate (tests_lm.test_v05_c149_margin_accounting.V05C149MarginAccountingTests.test_accounting_does_not_mutate_or_backpropagate) ... ok
test_checkpoint_metadata_and_byte_tamper_rejected (tests_lm.test_v05_c149_margin_accounting.V05C149MarginAccountingTests.test_checkpoint_metadata_and_byte_tamper_rejected) ... ok
test_common_factor_permutation_preserves_partition (tests_lm.test_v05_c149_margin_accounting.V05C149MarginAccountingTests.test_common_factor_permutation_preserves_partition) ... ok
test_console_only_prerequisite_cannot_be_replayed (tests_lm.test_v05_c149_margin_accounting.V05C149MarginAccountingTests.test_console_only_prerequisite_cannot_be_replayed) ... ok
test_diagonal_only_orthogonal_example (tests_lm.test_v05_c149_margin_accounting.V05C149MarginAccountingTests.test_diagonal_only_orthogonal_example) ... ok
test_dot_matrices_and_norms_are_saved (tests_lm.test_v05_c149_margin_accounting.V05C149MarginAccountingTests.test_dot_matrices_and_norms_are_saved) ... ok
test_equal_candidate_norms_have_zero_norm_term (tests_lm.test_v05_c149_margin_accounting.V05C149MarginAccountingTests.test_equal_candidate_norms_have_zero_norm_term) ... ok
test_expected_rival_swap_negates_all_contributions (tests_lm.test_v05_c149_margin_accounting.V05C149MarginAccountingTests.test_expected_rival_swap_negates_all_contributions) ... ok
test_float32_unit_inputs_accumulate_in_float64 (tests_lm.test_v05_c149_margin_accounting.V05C149MarginAccountingTests.test_float32_unit_inputs_accumulate_in_float64) ... ok
test_nonfinite_and_shape_mismatch_rejected (tests_lm.test_v05_c149_margin_accounting.V05C149MarginAccountingTests.test_nonfinite_and_shape_mismatch_rejected) ... ok
test_norm_term_matches_registered_symmetric_formula (tests_lm.test_v05_c149_margin_accounting.V05C149MarginAccountingTests.test_norm_term_matches_registered_symmetric_formula) ... ok
test_query_only_permutation_changes_partition_not_total (tests_lm.test_v05_c149_margin_accounting.V05C149MarginAccountingTests.test_query_only_permutation_changes_partition_not_total) ... ok
test_reconstruction_matches_direct_normalized_sum_cosine (tests_lm.test_v05_c149_margin_accounting.V05C149MarginAccountingTests.test_reconstruction_matches_direct_normalized_sum_cosine) ... ok
test_reuses_all_source_seeds_and_both_arms (tests_lm.test_v05_c149_margin_accounting.V05C149MarginAccountingTests.test_reuses_all_source_seeds_and_both_arms) ... ok
test_safe_checkpoint_reconstruction_and_frozen_weights (tests_lm.test_v05_c149_margin_accounting.V05C149MarginAccountingTests.test_safe_checkpoint_reconstruction_and_frozen_weights) ... ok
test_summary_counts_overlapping_adverse_terms (tests_lm.test_v05_c149_margin_accounting.V05C149MarginAccountingTests.test_summary_counts_overlapping_adverse_terms) ... ok
test_summary_null_error_means_for_perfect_source (tests_lm.test_v05_c149_margin_accounting.V05C149MarginAccountingTests.test_summary_null_error_means_for_perfect_source) ... ok
test_wrong_prerequisite_rejected_before_auditor (tests_lm.test_v05_c149_margin_accounting.V05C149MarginAccountingTests.test_wrong_prerequisite_rejected_before_auditor) ... ok
test_zero_sum_and_nonunit_inputs_are_rejected (tests_lm.test_v05_c149_margin_accounting.V05C149MarginAccountingTests.test_zero_sum_and_nonunit_inputs_are_rejected) ... ok
test_ambiguous_alias_across_axes_is_rejected (tests_lm.test_v05_c150_global_negatives.V05C150GlobalNegativesTests.test_ambiguous_alias_across_axes_is_rejected) ... ok
test_audit_rejects_case_mismatch_and_accounting_drift (tests_lm.test_v05_c150_global_negatives.V05C150GlobalNegativesTests.test_audit_rejects_case_mismatch_and_accounting_drift) ... ok
test_audit_rejects_console_only_and_wrong_identity (tests_lm.test_v05_c150_global_negatives.V05C150GlobalNegativesTests.test_audit_rejects_console_only_and_wrong_identity) ... ok
test_candidate_build_does_not_mutate_training_specs (tests_lm.test_v05_c150_global_negatives.V05C150GlobalNegativesTests.test_candidate_build_does_not_mutate_training_specs) ... ok
test_candidate_order_is_deterministic (tests_lm.test_v05_c150_global_negatives.V05C150GlobalNegativesTests.test_candidate_order_is_deterministic) ... ok
test_checkpoint_contains_scope_metadata_and_safe_weights (tests_lm.test_v05_c150_global_negatives.V05C150GlobalNegativesTests.test_checkpoint_contains_scope_metadata_and_safe_weights) ... ok
test_control_optimizer_matches_explicit_reference_arithmetic (tests_lm.test_v05_c150_global_negatives.V05C150GlobalNegativesTests.test_control_optimizer_matches_explicit_reference_arithmetic) ... ok
test_duplicate_canonical_names_are_rejected (tests_lm.test_v05_c150_global_negatives.V05C150GlobalNegativesTests.test_duplicate_canonical_names_are_rejected) ... ok
test_fresh_seeds_and_no_validation_interface (tests_lm.test_v05_c150_global_negatives.V05C150GlobalNegativesTests.test_fresh_seeds_and_no_validation_interface) ... ok
test_full_synthetic_audit_reaggregation (tests_lm.test_v05_c150_global_negatives.V05C150GlobalNegativesTests.test_full_synthetic_audit_reaggregation) ... ok
test_global_candidates_include_all_other_axes (tests_lm.test_v05_c150_global_negatives.V05C150GlobalNegativesTests.test_global_candidates_include_all_other_axes) ... ok
test_global_pool_preserves_positive_pairs (tests_lm.test_v05_c150_global_negatives.V05C150GlobalNegativesTests.test_global_pool_preserves_positive_pairs) ... ok
test_invalid_labels_and_empty_pairs_are_rejected (tests_lm.test_v05_c150_global_negatives.V05C150GlobalNegativesTests.test_invalid_labels_and_empty_pairs_are_rejected) ... ok
test_main_loss_is_identical_and_only_auxiliary_candidates_change (tests_lm.test_v05_c150_global_negatives.V05C150GlobalNegativesTests.test_main_loss_is_identical_and_only_auxiliary_candidates_change) ... ok
test_paired_weights_equal_before_training_but_not_after (tests_lm.test_v05_c150_global_negatives.V05C150GlobalNegativesTests.test_paired_weights_equal_before_training_but_not_after) ... ok
test_scope_and_factor_set_are_validated (tests_lm.test_v05_c150_global_negatives.V05C150GlobalNegativesTests.test_scope_and_factor_set_are_validated) ... ok
test_strict_perfect_gate (tests_lm.test_v05_c150_global_negatives.V05C150GlobalNegativesTests.test_strict_perfect_gate) ... ok
test_sum_of_three_means_has_no_factor_of_three_weight_drop (tests_lm.test_v05_c150_global_negatives.V05C150GlobalNegativesTests.test_sum_of_three_means_has_no_factor_of_three_weight_drop) ... ok
test_training_bad_steps_and_nonfinite_objective_rejected (tests_lm.test_v05_c150_global_negatives.V05C150GlobalNegativesTests.test_training_bad_steps_and_nonfinite_objective_rejected) ... ok
test_within_factor_spec_is_unchanged (tests_lm.test_v05_c150_global_negatives.V05C150GlobalNegativesTests.test_within_factor_spec_is_unchanged) ... ok
test_alias_slot_order_is_preserved_not_sorted (tests_lm.test_v05_c151_cross_split.V05C151CrossSplitTests.test_alias_slot_order_is_preserved_not_sorted) ... ok
test_all_training_queries_decode_to_their_declared_descriptor (tests_lm.test_v05_c151_cross_split.V05C151CrossSplitTests.test_all_training_queries_decode_to_their_declared_descriptor) ... ok
test_checkpoint_metadata_and_safe_reconstruction (tests_lm.test_v05_c151_cross_split.V05C151CrossSplitTests.test_checkpoint_metadata_and_safe_reconstruction) ... ok
test_conflicting_alias_schedule_rejected (tests_lm.test_v05_c151_cross_split.V05C151CrossSplitTests.test_conflicting_alias_schedule_rejected) ... ok
test_cross_axis_alias_overlap_rejected (tests_lm.test_v05_c151_cross_split.V05C151CrossSplitTests.test_cross_axis_alias_overlap_rejected) ... ok
test_duplicate_source_record_rejected (tests_lm.test_v05_c151_cross_split.V05C151CrossSplitTests.test_duplicate_source_record_rejected) ... ok
test_empty_and_malformed_source_rejected (tests_lm.test_v05_c151_cross_split.V05C151CrossSplitTests.test_empty_and_malformed_source_rejected) ... ok
test_empty_partition_rejected (tests_lm.test_v05_c151_cross_split.V05C151CrossSplitTests.test_empty_partition_rejected) ... ok
test_every_split_contains_all_36_aliases (tests_lm.test_v05_c151_cross_split.V05C151CrossSplitTests.test_every_split_contains_all_36_aliases) ... ok
test_four_splits_have_balanced_marginals (tests_lm.test_v05_c151_cross_split.V05C151CrossSplitTests.test_four_splits_have_balanced_marginals) ... ok
test_new_training_strings_do_not_overlap_old_training_strings (tests_lm.test_v05_c151_cross_split.V05C151CrossSplitTests.test_new_training_strings_do_not_overlap_old_training_strings) ... ok
test_partition_uses_current_split_not_legacy_bucket (tests_lm.test_v05_c151_cross_split.V05C151CrossSplitTests.test_partition_uses_current_split_not_legacy_bucket) ... ok
test_plan_is_deterministic (tests_lm.test_v05_c151_cross_split.V05C151CrossSplitTests.test_plan_is_deterministic) ... ok
test_plan_matches_preregistered_sha (tests_lm.test_v05_c151_cross_split.V05C151CrossSplitTests.test_plan_matches_preregistered_sha) ... ok
test_seeds_are_partitioned_once_and_fresh (tests_lm.test_v05_c151_cross_split.V05C151CrossSplitTests.test_seeds_are_partitioned_once_and_fresh) ... ok
test_serialization_canonical_and_nan_rejected (tests_lm.test_v05_c151_cross_split.V05C151CrossSplitTests.test_serialization_canonical_and_nan_rejected) ... ok
test_source_is_not_mutated (tests_lm.test_v05_c151_cross_split.V05C151CrossSplitTests.test_source_is_not_mutated) ... ok
test_splits_are_mutually_disjoint_and_exclude_original_training (tests_lm.test_v05_c151_cross_split.V05C151CrossSplitTests.test_splits_are_mutually_disjoint_and_exclude_original_training) ... ok
test_strict_gate_rejects_errors_ties_and_nonfinite (tests_lm.test_v05_c151_cross_split.V05C151CrossSplitTests.test_strict_gate_rejects_errors_ties_and_nonfinite) ... ok
test_training_rows_contain_no_evaluation_fields (tests_lm.test_v05_c151_cross_split.V05C151CrossSplitTests.test_training_rows_contain_no_evaluation_fields) ... ok
test_valid_identity_with_missing_config_rejected (tests_lm.test_v05_c151_cross_split.V05C151CrossSplitTests.test_valid_identity_with_missing_config_rejected) ... ok
test_validation_and_heldout_fields_do_not_change_plan (tests_lm.test_v05_c151_cross_split.V05C151CrossSplitTests.test_validation_and_heldout_fields_do_not_change_plan) ... ok
test_wrong_prior_rejected_before_auditor (tests_lm.test_v05_c151_cross_split.V05C151CrossSplitTests.test_wrong_prior_rejected_before_auditor) ... ok
test_catalog_excludes_evidence_values_and_queries (tests_lm.test_v05_c152_persisted_bridge.V05C152PersistedBridgeTests.test_catalog_excludes_evidence_values_and_queries) ... ok
test_catalog_positions_move_but_identity_signatures_and_payloads_do_not (tests_lm.test_v05_c152_persisted_bridge.V05C152PersistedBridgeTests.test_catalog_positions_move_but_identity_signatures_and_payloads_do_not) ... ok
test_catalog_record_handle_mismatch_is_rejected (tests_lm.test_v05_c152_persisted_bridge.V05C152PersistedBridgeTests.test_catalog_record_handle_mismatch_is_rejected) ... ok
test_checkpoint_filename_or_parent_traversal_cannot_redirect (tests_lm.test_v05_c152_persisted_bridge.V05C152PersistedBridgeTests.test_checkpoint_filename_or_parent_traversal_cannot_redirect) ... ok
test_checkpoint_reconstructed_frozen_without_parameter_change (tests_lm.test_v05_c152_persisted_bridge.V05C152PersistedBridgeTests.test_checkpoint_reconstructed_frozen_without_parameter_change) ... ok
test_checkpoint_tampering_is_rejected (tests_lm.test_v05_c152_persisted_bridge.V05C152PersistedBridgeTests.test_checkpoint_tampering_is_rejected) ... ok
test_checkpoint_wrong_metadata_or_vocabulary_rejected (tests_lm.test_v05_c152_persisted_bridge.V05C152PersistedBridgeTests.test_checkpoint_wrong_metadata_or_vocabulary_rejected) ... ok
test_existing_snapshot_directory_is_not_overwritten (tests_lm.test_v05_c152_persisted_bridge.V05C152PersistedBridgeTests.test_existing_snapshot_directory_is_not_overwritten) ... ok
test_fetch_interface_has_no_ground_truth_parameter (tests_lm.test_v05_c152_persisted_bridge.V05C152PersistedBridgeTests.test_fetch_interface_has_no_ground_truth_parameter) ... ok
test_full64_actual_adapter_respects_each_handle_in_both_orderings (tests_lm.test_v05_c152_persisted_bridge.V05C152PersistedBridgeTests.test_full64_actual_adapter_respects_each_handle_in_both_orderings) ... ok
test_malformed_duplicate_or_empty_descriptors_rejected (tests_lm.test_v05_c152_persisted_bridge.V05C152PersistedBridgeTests.test_malformed_duplicate_or_empty_descriptors_rejected) ... ok
test_metrics_separate_provenance_from_semantic_correctness (tests_lm.test_v05_c152_persisted_bridge.V05C152PersistedBridgeTests.test_metrics_separate_provenance_from_semantic_correctness) ... ok
test_missing_requested_record_is_not_replaced_by_a_different_record (tests_lm.test_v05_c152_persisted_bridge.V05C152PersistedBridgeTests.test_missing_requested_record_is_not_replaced_by_a_different_record) ... ok
test_naive_position_as_address_negative_control_is_detected (tests_lm.test_v05_c152_persisted_bridge.V05C152PersistedBridgeTests.test_naive_position_as_address_negative_control_is_detected) ... ok
test_prior_header_rejects_wrong_experiment (tests_lm.test_v05_c152_persisted_bridge.V05C152PersistedBridgeTests.test_prior_header_rejects_wrong_experiment) ... ok
test_replay_checks_predictions_rival_and_margins (tests_lm.test_v05_c152_persisted_bridge.V05C152PersistedBridgeTests.test_replay_checks_predictions_rival_and_margins) ... ok
test_same_boolean_payload_with_wrong_key_is_not_accepted (tests_lm.test_v05_c152_persisted_bridge.V05C152PersistedBridgeTests.test_same_boolean_payload_with_wrong_key_is_not_accepted) ... ok
test_scope_reuses_both_arms_and_all_source_seeds (tests_lm.test_v05_c152_persisted_bridge.V05C152PersistedBridgeTests.test_scope_reuses_both_arms_and_all_source_seeds) ... ok
test_snapshot_generation_is_deterministic_and_does_not_mutate (tests_lm.test_v05_c152_persisted_bridge.V05C152PersistedBridgeTests.test_snapshot_generation_is_deterministic_and_does_not_mutate) ... ok
test_strict_gate_keeps_baseline_errors_but_requires_global_correctness (tests_lm.test_v05_c152_persisted_bridge.V05C152PersistedBridgeTests.test_strict_gate_keeps_baseline_errors_but_requires_global_correctness) ... ok
test_tampered_catalog_source_hash_is_rejected (tests_lm.test_v05_c152_persisted_bridge.V05C152PersistedBridgeTests.test_tampered_catalog_source_hash_is_rejected) ... ok
test_wrong_provenance_fields_rejected (tests_lm.test_v05_c152_persisted_bridge.V05C152PersistedBridgeTests.test_wrong_provenance_fields_rejected) ... ok
test_wrong_schema_produces_no_evidence (tests_lm.test_v05_c152_persisted_bridge.V05C152PersistedBridgeTests.test_wrong_schema_produces_no_evidence) ... ok
test_zero_payload_is_real_evidence_not_a_miss (tests_lm.test_v05_c152_persisted_bridge.V05C152PersistedBridgeTests.test_zero_payload_is_real_evidence_not_a_miss) ... ok
test_actual_adapter_to_inbox_over_64_records_and_two_storage_orders (tests_lm.test_v05_c153_evidence_admission.V05C153EvidenceAdmissionTests.test_actual_adapter_to_inbox_over_64_records_and_two_storage_orders) ... ok
test_duplicate_preserves_exact_state_object (tests_lm.test_v05_c153_evidence_admission.V05C153EvidenceAdmissionTests.test_duplicate_preserves_exact_state_object) ... ok
test_entry_and_state_are_immutable (tests_lm.test_v05_c153_evidence_admission.V05C153EvidenceAdmissionTests.test_entry_and_state_are_immutable) ... ok
test_gate_requires_all_rejections_commits_and_preserved_semantic_errors (tests_lm.test_v05_c153_evidence_admission.V05C153EvidenceAdmissionTests.test_gate_requires_all_rejections_commits_and_preserved_semantic_errors) ... ok
test_header_accepts_registered_identity (tests_lm.test_v05_c153_evidence_admission.V05C153EvidenceAdmissionTests.test_header_accepts_registered_identity) ... ok
test_header_rejects_wrong_id_console_only_duplicate_or_wrong_order (tests_lm.test_v05_c153_evidence_admission.V05C153EvidenceAdmissionTests.test_header_rejects_wrong_id_console_only_duplicate_or_wrong_order) ... ok
test_invalid_payload_type_or_value_is_rejected (tests_lm.test_v05_c153_evidence_admission.V05C153EvidenceAdmissionTests.test_invalid_payload_type_or_value_is_rejected) ... ok
test_missing_delivery_is_not_a_zero_payload (tests_lm.test_v05_c153_evidence_admission.V05C153EvidenceAdmissionTests.test_missing_delivery_is_not_a_zero_payload) ... ok
test_no_semantic_truth_interface (tests_lm.test_v05_c153_evidence_admission.V05C153EvidenceAdmissionTests.test_no_semantic_truth_interface) ... ok
test_one_and_full_provenance_are_committed (tests_lm.test_v05_c153_evidence_admission.V05C153EvidenceAdmissionTests.test_one_and_full_provenance_are_committed) ... ok
test_rejection_does_not_consume_request_and_valid_retry_works (tests_lm.test_v05_c153_evidence_admission.V05C153EvidenceAdmissionTests.test_rejection_does_not_consume_request_and_valid_retry_works) ... ok
test_same_record_is_allowed_in_distinct_requests (tests_lm.test_v05_c153_evidence_admission.V05C153EvidenceAdmissionTests.test_same_record_is_allowed_in_distinct_requests) ... ok
test_scan_accounting_must_match_declared_exact_reference (tests_lm.test_v05_c153_evidence_admission.V05C153EvidenceAdmissionTests.test_scan_accounting_must_match_declared_exact_reference) ... ok
test_seven_step_protocol_preserves_initial_state (tests_lm.test_v05_c153_evidence_admission.V05C153EvidenceAdmissionTests.test_seven_step_protocol_preserves_initial_state) ... ok
test_snapshot_serializes_actual_entries_and_claims (tests_lm.test_v05_c153_evidence_admission.V05C153EvidenceAdmissionTests.test_snapshot_serializes_actual_entries_and_claims) ... ok
test_stale_epoch_or_provider_generation_does_not_write (tests_lm.test_v05_c153_evidence_admission.V05C153EvidenceAdmissionTests.test_stale_epoch_or_provider_generation_does_not_write) ... ok
test_stats_provenance_is_also_checked (tests_lm.test_v05_c153_evidence_admission.V05C153EvidenceAdmissionTests.test_stats_provenance_is_also_checked) ... ok
test_trace_requires_full_manifest_before_reaggregation (tests_lm.test_v05_c153_evidence_admission.V05C153EvidenceAdmissionTests.test_trace_requires_full_manifest_before_reaggregation) ... ok
test_unexpected_real_miss_fails_protocol_not_false_success (tests_lm.test_v05_c153_evidence_admission.V05C153EvidenceAdmissionTests.test_unexpected_real_miss_fails_protocol_not_false_success) ... ok
test_wrong_domain_schema_or_operation_is_rejected (tests_lm.test_v05_c153_evidence_admission.V05C153EvidenceAdmissionTests.test_wrong_domain_schema_or_operation_is_rejected) ... ok
test_wrong_key_with_same_bit_is_rejected (tests_lm.test_v05_c153_evidence_admission.V05C153EvidenceAdmissionTests.test_wrong_key_with_same_bit_is_rejected) ... ok
test_wrong_scope_and_request_do_not_write (tests_lm.test_v05_c153_evidence_admission.V05C153EvidenceAdmissionTests.test_wrong_scope_and_request_do_not_write) ... ok
test_wrong_source_hash_fingerprint_or_path_is_rejected (tests_lm.test_v05_c153_evidence_admission.V05C153EvidenceAdmissionTests.test_wrong_source_hash_fingerprint_or_path_is_rejected) ... ok
test_zero_is_committed_as_evidence (tests_lm.test_v05_c153_evidence_admission.V05C153EvidenceAdmissionTests.test_zero_is_committed_as_evidence) ... ok
test_budget_is_hard_and_evidence_time_must_match (tests_lm.test_v05_state.V05StateTests.test_budget_is_hard_and_evidence_time_must_match) ... ok
test_evidence_state_accepts_observation_and_rejects_hypothesis (tests_lm.test_v05_state.V05StateTests.test_evidence_state_accepts_observation_and_rejects_hypothesis) ... ok
test_evidence_state_rejects_duplicate_and_future_provenance (tests_lm.test_v05_state.V05StateTests.test_evidence_state_rejects_duplicate_and_future_provenance) ... ok
test_internal_step_preserves_evidence_time_revision_and_provenance (tests_lm.test_v05_state.V05StateTests.test_internal_step_preserves_evidence_time_revision_and_provenance) ... ok
test_working_slots_are_float64_copied_and_read_only (tests_lm.test_v05_state.V05StateTests.test_working_slots_are_float64_copied_and_read_only) ... ok
test_distinct_records_coexist (tests_lm.test_v05_c154_evidence_state_projection.V05C154EvidenceStateProjectionTests.test_distinct_records_coexist) ... ok
test_entry_uses_record_key_and_observed_provenance (tests_lm.test_v05_c154_evidence_state_projection.V05C154EvidenceStateProjectionTests.test_entry_uses_record_key_and_observed_provenance) ... ok
test_exact_duplicate_is_idempotent (tests_lm.test_v05_c154_evidence_state_projection.V05C154EvidenceStateProjectionTests.test_exact_duplicate_is_idempotent) ... ok
test_future_provenance_uses_actual_evidence_state_guard (tests_lm.test_v05_c154_evidence_state_projection.V05C154EvidenceStateProjectionTests.test_future_provenance_uses_actual_evidence_state_guard) ... ok
test_gate_requires_all_registered_totals (tests_lm.test_v05_c154_evidence_state_projection.V05C154EvidenceStateProjectionTests.test_gate_requires_all_registered_totals) ... ok
test_header_requires_full_accepted_c153 (tests_lm.test_v05_c154_evidence_state_projection.V05C154EvidenceStateProjectionTests.test_header_requires_full_accepted_c153) ... ok
test_invalid_payload_is_rejected (tests_lm.test_v05_c154_evidence_state_projection.V05C154EvidenceStateProjectionTests.test_invalid_payload_is_rejected) ... ok
test_new_observation_is_added (tests_lm.test_v05_c154_evidence_state_projection.V05C154EvidenceStateProjectionTests.test_new_observation_is_added) ... ok
test_projection_preserves_state_clock (tests_lm.test_v05_c154_evidence_state_projection.V05C154EvidenceStateProjectionTests.test_projection_preserves_state_clock) ... ok
test_same_id_conflicting_provenance_is_rejected (tests_lm.test_v05_c154_evidence_state_projection.V05C154EvidenceStateProjectionTests.test_same_id_conflicting_provenance_is_rejected) ... ok
test_source_binding_is_deterministic (tests_lm.test_v05_c154_evidence_state_projection.V05C154EvidenceStateProjectionTests.test_source_binding_is_deterministic) ... ok
test_source_id_requires_complete_binding (tests_lm.test_v05_c154_evidence_state_projection.V05C154EvidenceStateProjectionTests.test_source_id_requires_complete_binding) ... ok
test_actual_exact_search_miss_returns_none_without_fallback (tests_lm.test_v05_c155_payload_dereference.V05C155PayloadDereferenceTests.test_actual_exact_search_miss_returns_none_without_fallback) ... ok
test_bad_measured_outcome_is_false_not_invalid_exception (tests_lm.test_v05_c155_payload_dereference.V05C155PayloadDereferenceTests.test_bad_measured_outcome_is_false_not_invalid_exception) ... ok
test_bool_nan_and_out_of_range_payloads_are_not_valid_bits (tests_lm.test_v05_c155_payload_dereference.V05C155PayloadDereferenceTests.test_bool_nan_and_out_of_range_payloads_are_not_valid_bits) ... ok
test_clock_mismatch_rejects_without_retrieval (tests_lm.test_v05_c155_payload_dereference.V05C155PayloadDereferenceTests.test_clock_mismatch_rejects_without_retrieval) ... ok
test_corrupt_handle_key_does_not_retarget_reference (tests_lm.test_v05_c155_payload_dereference.V05C155PayloadDereferenceTests.test_corrupt_handle_key_does_not_retarget_reference) ... ok
test_cost_mismatch_is_explicit_not_silent_fallback (tests_lm.test_v05_c155_payload_dereference.V05C155PayloadDereferenceTests.test_cost_mismatch_is_explicit_not_silent_fallback) ... ok
test_duplicate_reads_preserve_state_clock_and_file_bytes (tests_lm.test_v05_c155_payload_dereference.V05C155PayloadDereferenceTests.test_duplicate_reads_preserve_state_clock_and_file_bytes) ... ok
test_gate_requires_counts_behavior_and_value_zero_coverage (tests_lm.test_v05_c155_payload_dereference.V05C155PayloadDereferenceTests.test_gate_requires_counts_behavior_and_value_zero_coverage) ... ok
test_missing_binding_returns_no_payload_and_no_retrieval (tests_lm.test_v05_c155_payload_dereference.V05C155PayloadDereferenceTests.test_missing_binding_returns_no_payload_and_no_retrieval) ... ok
test_missing_source_metadata_is_invalid_input (tests_lm.test_v05_c155_payload_dereference.V05C155PayloadDereferenceTests.test_missing_source_metadata_is_invalid_input) ... ok
test_non_observed_reference_is_not_resolved (tests_lm.test_v05_c155_payload_dereference.V05C155PayloadDereferenceTests.test_non_observed_reference_is_not_resolved) ... ok
test_real_adapter_resolves_all64_and_zero_is_not_missing (tests_lm.test_v05_c155_payload_dereference.V05C155PayloadDereferenceTests.test_real_adapter_resolves_all64_and_zero_is_not_missing) ... ok
test_registry_handles_are_readonly_and_have_no_expected_values (tests_lm.test_v05_c155_payload_dereference.V05C155PayloadDereferenceTests.test_registry_handles_are_readonly_and_have_no_expected_values) ... ok
test_reversed_storage_resolves_same_values_under_different_source (tests_lm.test_v05_c155_payload_dereference.V05C155PayloadDereferenceTests.test_reversed_storage_resolves_same_values_under_different_source) ... ok
test_safe_artifact_paths_reject_parent_windows_and_absolute_paths (tests_lm.test_v05_c155_payload_dereference.V05C155PayloadDereferenceTests.test_safe_artifact_paths_reject_parent_windows_and_absolute_paths) ... ok
test_source_byte_mutation_is_rejected (tests_lm.test_v05_c155_payload_dereference.V05C155PayloadDereferenceTests.test_source_byte_mutation_is_rejected) ... ok
test_source_hash_and_index_fingerprint_are_pinned (tests_lm.test_v05_c155_payload_dereference.V05C155PayloadDereferenceTests.test_source_hash_and_index_fingerprint_are_pinned) ... ok
test_source_id_matches_exact_c154_formula (tests_lm.test_v05_c155_payload_dereference.V05C155PayloadDereferenceTests.test_source_id_matches_exact_c154_formula) ... ok
test_state_json_roundtrip_uses_real_v5_contract (tests_lm.test_v05_c155_payload_dereference.V05C155PayloadDereferenceTests.test_state_json_roundtrip_uses_real_v5_contract) ... ok
test_stream_index_requires_all_unique_source_identities (tests_lm.test_v05_c155_payload_dereference.V05C155PayloadDereferenceTests.test_stream_index_requires_all_unique_source_identities) ... ok
test_unbound_record_is_not_real_world_absence_or_zero (tests_lm.test_v05_c155_payload_dereference.V05C155PayloadDereferenceTests.test_unbound_record_is_not_real_world_absence_or_zero) ... ok
test_wrong_domain_schema_operations_are_rejected (tests_lm.test_v05_c155_payload_dereference.V05C155PayloadDereferenceTests.test_wrong_domain_schema_operations_are_rejected) ... ok
test_wrong_evidence_or_stats_provenance_is_rejected (tests_lm.test_v05_c155_payload_dereference.V05C155PayloadDereferenceTests.test_wrong_evidence_or_stats_provenance_is_rejected) ... ok
test_wrong_key_with_same_zero_is_rejected (tests_lm.test_v05_c155_payload_dereference.V05C155PayloadDereferenceTests.test_wrong_key_with_same_zero_is_rejected) ... ok
test_wrong_snapshot_is_rejected_before_payload_read (tests_lm.test_v05_c155_payload_dereference.V05C155PayloadDereferenceTests.test_wrong_snapshot_is_rejected_before_payload_read) ... ok
test_behavioral_mismatch_is_false_not_invalid_exception (tests_lm.test_v05_c156_request_reobservation.V05C156RequestReobservationTests.test_behavioral_mismatch_is_false_not_invalid_exception) ... ok
test_control_inputs_preserve_data_channels_and_do_not_mutate_views (tests_lm.test_v05_c156_request_reobservation.V05C156RequestReobservationTests.test_control_inputs_preserve_data_channels_and_do_not_mutate_views) ... ok
test_exhausted_budget_rejects_before_dereference (tests_lm.test_v05_c156_request_reobservation.V05C156RequestReobservationTests.test_exhausted_budget_rejects_before_dereference) ... ok
test_gate_requires_all_cases_costs_state_and_both_bit_values (tests_lm.test_v05_c156_request_reobservation.V05C156RequestReobservationTests.test_gate_requires_all_cases_costs_state_and_both_bit_values) ... ok
test_invalid_bit_types_and_nonfinite_values_are_not_exposed (tests_lm.test_v05_c156_request_reobservation.V05C156RequestReobservationTests.test_invalid_bit_types_and_nonfinite_values_are_not_exposed) ... ok
test_invalid_shape_and_clock_reject_before_dereference (tests_lm.test_v05_c156_request_reobservation.V05C156RequestReobservationTests.test_invalid_shape_and_clock_reject_before_dereference) ... ok
test_missing_ref_does_not_read_other_available_ref (tests_lm.test_v05_c156_request_reobservation.V05C156RequestReobservationTests.test_missing_ref_does_not_read_other_available_ref) ... ok
test_no_ground_truth_parameter_in_read_or_control_interface (tests_lm.test_v05_c156_request_reobservation.V05C156RequestReobservationTests.test_no_ground_truth_parameter_in_read_or_control_interface) ... ok
test_one_internal_step_is_consumed_not_acquisition_budget (tests_lm.test_v05_c156_request_reobservation.V05C156RequestReobservationTests.test_one_internal_step_is_consumed_not_acquisition_budget) ... ok
test_other_working_channels_and_old_object_unchanged (tests_lm.test_v05_c156_request_reobservation.V05C156RequestReobservationTests.test_other_working_channels_and_old_object_unchanged) ... ok
test_prerequisite_rejects_console_extract_and_wrong_gate (tests_lm.test_v05_c156_request_reobservation.V05C156RequestReobservationTests.test_prerequisite_rejects_console_extract_and_wrong_gate) ... ok
test_request_binding_is_frozen_and_rejects_invalid_scope (tests_lm.test_v05_c156_request_reobservation.V05C156RequestReobservationTests.test_request_binding_is_frozen_and_rejects_invalid_scope) ... ok
test_request_scope_and_selected_ref_not_replaced_by_other_key (tests_lm.test_v05_c156_request_reobservation.V05C156RequestReobservationTests.test_request_scope_and_selected_ref_not_replaced_by_other_key) ... ok
test_resolution_failure_clears_old_payload_and_presence (tests_lm.test_v05_c156_request_reobservation.V05C156RequestReobservationTests.test_resolution_failure_clears_old_payload_and_presence) ... ok
test_same_key_wrong_provenance_does_not_read (tests_lm.test_v05_c156_request_reobservation.V05C156RequestReobservationTests.test_same_key_wrong_provenance_does_not_read) ... ok
test_signed_control_inputs_distinguish_zero_from_unresolved (tests_lm.test_v05_c156_request_reobservation.V05C156RequestReobservationTests.test_signed_control_inputs_distinguish_zero_from_unresolved) ... ok
test_source_digest_is_deterministic_and_requires_complete_fields (tests_lm.test_v05_c156_request_reobservation.V05C156RequestReobservationTests.test_source_digest_is_deterministic_and_requires_complete_fields) ... ok
test_state_clock_and_object_identity_preserved (tests_lm.test_v05_c156_request_reobservation.V05C156RequestReobservationTests.test_state_clock_and_object_identity_preserved) ... ok
test_success_without_evidence_or_inconsistent_payload_rejected (tests_lm.test_v05_c156_request_reobservation.V05C156RequestReobservationTests.test_success_without_evidence_or_inconsistent_payload_rejected) ... ok
test_valid_one_is_present_and_overwrites_stale_zero (tests_lm.test_v05_c156_request_reobservation.V05C156RequestReobservationTests.test_valid_one_is_present_and_overwrites_stale_zero) ... ok
test_valid_zero_is_present_and_overwrites_stale_one (tests_lm.test_v05_c156_request_reobservation.V05C156RequestReobservationTests.test_valid_zero_is_present_and_overwrites_stale_one) ... ok
test_wrong_domain_schema_or_operations_are_rejected (tests_lm.test_v05_c156_request_reobservation.V05C156RequestReobservationTests.test_wrong_domain_schema_or_operations_are_rejected) ... ok
test_wrong_resolved_key_with_same_bit_is_rejected (tests_lm.test_v05_c156_request_reobservation.V05C156RequestReobservationTests.test_wrong_resolved_key_with_same_bit_is_rejected) ... ok
test_wrong_resolved_source_is_rejected (tests_lm.test_v05_c156_request_reobservation.V05C156RequestReobservationTests.test_wrong_resolved_source_is_rejected) ... ok
test_actual_production_router_batches_match_single_forward (tests_lm.test_v05_c157_controller_bridge.V05C157ControllerBridgeTests.test_actual_production_router_batches_match_single_forward) ... ok
test_all_source_views_are_scored_not_unique_pattern_cached (tests_lm.test_v05_c157_controller_bridge.V05C157ControllerBridgeTests.test_all_source_views_are_scored_not_unique_pattern_cached) ... ok
test_assessment_labels_cannot_modify_logits (tests_lm.test_v05_c157_controller_bridge.V05C157ControllerBridgeTests.test_assessment_labels_cannot_modify_logits) ... ok
test_assessment_tie_has_nonpositive_margin_even_with_correct_argmax (tests_lm.test_v05_c157_controller_bridge.V05C157ControllerBridgeTests.test_assessment_tie_has_nonpositive_margin_even_with_correct_argmax) ... ok
test_assessment_uses_presence_not_payload_truthiness (tests_lm.test_v05_c157_controller_bridge.V05C157ControllerBridgeTests.test_assessment_uses_presence_not_payload_truthiness) ... ok
test_checkpoint_is_weights_only_reconstructible (tests_lm.test_v05_c157_controller_bridge.V05C157ControllerBridgeTests.test_checkpoint_is_weights_only_reconstructible) ... ok
test_context_is_explicit_and_independent_of_evidence_value (tests_lm.test_v05_c157_controller_bridge.V05C157ControllerBridgeTests.test_context_is_explicit_and_independent_of_evidence_value) ... ok
test_fingerprint_detects_changed_controller_weights (tests_lm.test_v05_c157_controller_bridge.V05C157ControllerBridgeTests.test_fingerprint_detects_changed_controller_weights) ... ok
test_fresh_router_seeds_are_not_source_or_previous_router_seeds (tests_lm.test_v05_c157_controller_bridge.V05C157ControllerBridgeTests.test_fresh_router_seeds_are_not_source_or_previous_router_seeds) ... ok
test_full_trace_decoding_keeps_zero_one_and_none_distinct (tests_lm.test_v05_c157_controller_bridge.V05C157ControllerBridgeTests.test_full_trace_decoding_keeps_zero_one_and_none_distinct) ... ok
test_gate_counts_and_strict_margins_are_not_relaxed (tests_lm.test_v05_c157_controller_bridge.V05C157ControllerBridgeTests.test_gate_counts_and_strict_margins_are_not_relaxed) ... ok
test_header_accepts_exact_full_source_profile (tests_lm.test_v05_c157_controller_bridge.V05C157ControllerBridgeTests.test_header_accepts_exact_full_source_profile) ... ok
test_header_rejects_console_only_wrong_commit_and_duplicate_stream (tests_lm.test_v05_c157_controller_bridge.V05C157ControllerBridgeTests.test_header_rejects_console_only_wrong_commit_and_duplicate_stream) ... ok
test_invalid_input_shape_dtype_mode_and_nan_are_rejected (tests_lm.test_v05_c157_controller_bridge.V05C157ControllerBridgeTests.test_invalid_input_shape_dtype_mode_and_nan_are_rejected) ... ok
test_reference_training_wrapper_freezes_without_validation_selection (tests_lm.test_v05_c157_controller_bridge.V05C157ControllerBridgeTests.test_reference_training_wrapper_freezes_without_validation_selection) ... ok
test_reference_wrapper_rejects_nonfinite_training (tests_lm.test_v05_c157_controller_bridge.V05C157ControllerBridgeTests.test_reference_wrapper_rejects_nonfinite_training) ... ok
test_router_inputs_preserve_source_and_no_oracle_interface (tests_lm.test_v05_c157_controller_bridge.V05C157ControllerBridgeTests.test_router_inputs_preserve_source_and_no_oracle_interface) ... ok
test_safe_file_rejects_directory_escape (tests_lm.test_v05_c157_controller_bridge.V05C157ControllerBridgeTests.test_safe_file_rejects_directory_escape) ... ok
test_scorer_does_not_override_wrong_raw_model_decisions (tests_lm.test_v05_c157_controller_bridge.V05C157ControllerBridgeTests.test_scorer_does_not_override_wrong_raw_model_decisions) ... ok
test_scorer_rejects_nonfinite_or_wrong_shaped_output (tests_lm.test_v05_c157_controller_bridge.V05C157ControllerBridgeTests.test_scorer_rejects_nonfinite_or_wrong_shaped_output) ... ok
test_trace_decoding_does_not_mutate_records (tests_lm.test_v05_c157_controller_bridge.V05C157ControllerBridgeTests.test_trace_decoding_does_not_mutate_records) ... ok
test_trace_loader_requires_exact_hash_and_size (tests_lm.test_v05_c157_controller_bridge.V05C157ControllerBridgeTests.test_trace_loader_requires_exact_hash_and_size) ... ok
test_trace_rejects_bool_as_resolved_payload (tests_lm.test_v05_c157_controller_bridge.V05C157ControllerBridgeTests.test_trace_rejects_bool_as_resolved_payload) ... ok
test_trace_rejects_changed_raw_signed_budget_and_cost (tests_lm.test_v05_c157_controller_bridge.V05C157ControllerBridgeTests.test_trace_rejects_changed_raw_signed_budget_and_cost) ... ok
test_trace_rejects_missing_or_reordered_scenarios (tests_lm.test_v05_c157_controller_bridge.V05C157ControllerBridgeTests.test_trace_rejects_missing_or_reordered_scenarios) ... ok
test_trace_rejects_nonobserved_or_future_reference (tests_lm.test_v05_c157_controller_bridge.V05C157ControllerBridgeTests.test_trace_rejects_nonobserved_or_future_reference) ... ok
test_trace_rejects_stale_payload_in_unresolved_view (tests_lm.test_v05_c157_controller_bridge.V05C157ControllerBridgeTests.test_trace_rejects_stale_payload_in_unresolved_view) ... ok
test_trace_rejects_wrong_scope_and_duplicate_request (tests_lm.test_v05_c157_controller_bridge.V05C157ControllerBridgeTests.test_trace_rejects_wrong_scope_and_duplicate_request) ... ok
test_actual_production_controller_forward_matches_decision (tests_lm.test_v05_c158_live_recovery.V05C158LiveRecoveryTests.test_actual_production_controller_forward_matches_decision) ... ok
test_bad_meter_scan_field_is_rejected (tests_lm.test_v05_c158_live_recovery.V05C158LiveRecoveryTests.test_bad_meter_scan_field_is_rejected) ... ok
test_bound_request_mismatch_is_invalid_before_callbacks (tests_lm.test_v05_c158_live_recovery.V05C158LiveRecoveryTests.test_bound_request_mismatch_is_invalid_before_callbacks) ... ok
test_checkpoint_tamper_and_unsafe_names_rejected (tests_lm.test_v05_c158_live_recovery.V05C158LiveRecoveryTests.test_checkpoint_tamper_and_unsafe_names_rejected) ... ok
test_checkpoint_wrong_config_is_rejected_after_rehash (tests_lm.test_v05_c158_live_recovery.V05C158LiveRecoveryTests.test_checkpoint_wrong_config_is_rejected_after_rehash) ... ok
test_cold_one_acquires_publishes_rereads_then_answers (tests_lm.test_v05_c158_live_recovery.V05C158LiveRecoveryTests.test_cold_one_acquires_publishes_rereads_then_answers) ... ok
test_cold_zero_acquires_publishes_rereads_then_answers (tests_lm.test_v05_c158_live_recovery.V05C158LiveRecoveryTests.test_cold_zero_acquires_publishes_rereads_then_answers) ... ok
test_corrupt_live_read_is_valid_failed_measurement (tests_lm.test_v05_c158_live_recovery.V05C158LiveRecoveryTests.test_corrupt_live_read_is_valid_failed_measurement) ... ok
test_cycle_has_no_expected_value_or_scenario_interface (tests_lm.test_v05_c158_live_recovery.V05C158LiveRecoveryTests.test_cycle_has_no_expected_value_or_scenario_interface) ... ok
test_exhausted_budget_makes_no_fetch (tests_lm.test_v05_c158_live_recovery.V05C158LiveRecoveryTests.test_exhausted_budget_makes_no_fetch) ... ok
test_gate_requires_every_registered_count_and_both_values (tests_lm.test_v05_c158_live_recovery.V05C158LiveRecoveryTests.test_gate_requires_every_registered_count_and_both_values) ... ok
test_header_rejects_counts_seeds_and_margins (tests_lm.test_v05_c158_live_recovery.V05C158LiveRecoveryTests.test_header_rejects_counts_seeds_and_margins) ... ok
test_header_validates_exact_c157_profile (tests_lm.test_v05_c158_live_recovery.V05C158LiveRecoveryTests.test_header_validates_exact_c157_profile) ... ok
test_measured_cost_mismatch_does_not_become_invalid (tests_lm.test_v05_c158_live_recovery.V05C158LiveRecoveryTests.test_measured_cost_mismatch_does_not_become_invalid) ... ok
test_meter_counts_underlying_calls_and_delegates_identity (tests_lm.test_v05_c158_live_recovery.V05C158LiveRecoveryTests.test_meter_counts_underlying_calls_and_delegates_identity) ... ok
test_minimum_internal_budget_checked_before_read (tests_lm.test_v05_c158_live_recovery.V05C158LiveRecoveryTests.test_minimum_internal_budget_checked_before_read) ... ok
test_missing_delivery_discards_real_response_without_false_payload (tests_lm.test_v05_c158_live_recovery.V05C158LiveRecoveryTests.test_missing_delivery_discards_real_response_without_false_payload) ... ok
test_no_formal_seeds_are_trained_by_this_experiment (tests_lm.test_v05_c158_live_recovery.V05C158LiveRecoveryTests.test_no_formal_seeds_are_trained_by_this_experiment) ... ok
test_nonfinite_controller_output_is_execution_error (tests_lm.test_v05_c158_live_recovery.V05C158LiveRecoveryTests.test_nonfinite_controller_output_is_execution_error) ... ok
test_other_action_does_not_trigger_retrieval (tests_lm.test_v05_c158_live_recovery.V05C158LiveRecoveryTests.test_other_action_does_not_trigger_retrieval) ... ok
test_permission_denial_keeps_budget_and_makes_no_fetch (tests_lm.test_v05_c158_live_recovery.V05C158LiveRecoveryTests.test_permission_denial_keeps_budget_and_makes_no_fetch) ... ok
test_permission_does_not_accept_integer_as_boolean (tests_lm.test_v05_c158_live_recovery.V05C158LiveRecoveryTests.test_permission_does_not_accept_integer_as_boolean) ... ok
test_plan_conflicting_record_value_is_invalid (tests_lm.test_v05_c158_live_recovery.V05C158LiveRecoveryTests.test_plan_conflicting_record_value_is_invalid) ... ok
test_plan_is_identity_only_deterministic_and_covers_both_snapshots (tests_lm.test_v05_c158_live_recovery.V05C158LiveRecoveryTests.test_plan_is_identity_only_deterministic_and_covers_both_snapshots) ... ok
test_projection_failure_does_not_partially_publish_inbox (tests_lm.test_v05_c158_live_recovery.V05C158LiveRecoveryTests.test_projection_failure_does_not_partially_publish_inbox) ... ok
test_repeated_retrieve_is_bounded_and_never_reexecutes (tests_lm.test_v05_c158_live_recovery.V05C158LiveRecoveryTests.test_repeated_retrieve_is_bounded_and_never_reexecutes) ... ok
test_safe_file_blocks_windows_and_posix_escape (tests_lm.test_v05_c158_live_recovery.V05C158LiveRecoveryTests.test_safe_file_blocks_windows_and_posix_escape) ... ok
test_saved_router_is_frozen_and_weights_identical (tests_lm.test_v05_c158_live_recovery.V05C158LiveRecoveryTests.test_saved_router_is_frozen_and_weights_identical) ... ok
test_state_and_working_inputs_stay_immutable (tests_lm.test_v05_c158_live_recovery.V05C158LiveRecoveryTests.test_state_and_working_inputs_stay_immutable) ... ok
test_tied_logits_fail_strict_margin (tests_lm.test_v05_c158_live_recovery.V05C158LiveRecoveryTests.test_tied_logits_fail_strict_margin) ... ok
test_warm_one_answers_without_acquisition (tests_lm.test_v05_c158_live_recovery.V05C158LiveRecoveryTests.test_warm_one_answers_without_acquisition) ... ok
test_warm_zero_answers_without_acquisition (tests_lm.test_v05_c158_live_recovery.V05C158LiveRecoveryTests.test_warm_zero_answers_without_acquisition) ... ok
test_wrong_answer_is_retained_as_valid_behavioral_failure (tests_lm.test_v05_c158_live_recovery.V05C158LiveRecoveryTests.test_wrong_answer_is_retained_as_valid_behavioral_failure) ... ok
test_wrong_projected_identity_is_not_adopted (tests_lm.test_v05_c158_live_recovery.V05C158LiveRecoveryTests.test_wrong_projected_identity_is_not_adopted) ... ok
test_wrong_stop_is_not_overridden (tests_lm.test_v05_c158_live_recovery.V05C158LiveRecoveryTests.test_wrong_stop_is_not_overridden) ... ok
test_all_registered_fault_variants_are_rejected (tests_lm.test_v05_c159_terminal_result.V05C159TerminalResultTests.test_all_registered_fault_variants_are_rejected) ... ok
test_bool_and_non_bit_values_rejected (tests_lm.test_v05_c159_terminal_result.V05C159TerminalResultTests.test_bool_and_non_bit_values_rejected) ... ok
test_bound_request_and_source_digest_validation (tests_lm.test_v05_c159_terminal_result.V05C159TerminalResultTests.test_bound_request_and_source_digest_validation) ... ok
test_budget_exhaustion_has_no_answer (tests_lm.test_v05_c159_terminal_result.V05C159TerminalResultTests.test_budget_exhaustion_has_no_answer) ... ok
test_changed_final_working_rejected (tests_lm.test_v05_c159_terminal_result.V05C159TerminalResultTests.test_changed_final_working_rejected) ... ok
test_clock_mismatch_rejected (tests_lm.test_v05_c159_terminal_result.V05C159TerminalResultTests.test_clock_mismatch_rejected) ... ok
test_cold_recovered_value_emits_answer (tests_lm.test_v05_c159_terminal_result.V05C159TerminalResultTests.test_cold_recovered_value_emits_answer) ... ok
test_duplicate_record_ids_rejected (tests_lm.test_v05_c159_terminal_result.V05C159TerminalResultTests.test_duplicate_record_ids_rejected) ... ok
test_emitter_does_not_mutate_or_consume_source (tests_lm.test_v05_c159_terminal_result.V05C159TerminalResultTests.test_emitter_does_not_mutate_or_consume_source) ... ok
test_emitter_interface_has_no_scenario_or_expected_value (tests_lm.test_v05_c159_terminal_result.V05C159TerminalResultTests.test_emitter_interface_has_no_scenario_or_expected_value) ... ok
test_final_value_disagreement_rejected (tests_lm.test_v05_c159_terminal_result.V05C159TerminalResultTests.test_final_value_disagreement_rejected) ... ok
test_forced_answer_without_presence_rejected (tests_lm.test_v05_c159_terminal_result.V05C159TerminalResultTests.test_forced_answer_without_presence_rejected) ... ok
test_gate_keeps_exact_counts_and_zero_failures (tests_lm.test_v05_c159_terminal_result.V05C159TerminalResultTests.test_gate_keeps_exact_counts_and_zero_failures) ... ok
test_hypothesis_cannot_be_output_as_observation (tests_lm.test_v05_c159_terminal_result.V05C159TerminalResultTests.test_hypothesis_cannot_be_output_as_observation) ... ok
test_json_roundtrip_preserves_zero_and_none (tests_lm.test_v05_c159_terminal_result.V05C159TerminalResultTests.test_json_roundtrip_preserves_zero_and_none) ... ok
test_last_step_value_disagreement_rejected (tests_lm.test_v05_c159_terminal_result.V05C159TerminalResultTests.test_last_step_value_disagreement_rejected) ... ok
test_malformed_terminal_returns_rejected_not_payload (tests_lm.test_v05_c159_terminal_result.V05C159TerminalResultTests.test_malformed_terminal_returns_rejected_not_payload) ... ok
test_missing_delivery_returns_none_without_fetched_payload (tests_lm.test_v05_c159_terminal_result.V05C159TerminalResultTests.test_missing_delivery_returns_none_without_fetched_payload) ... ok
test_missing_final_state_reference_rejected (tests_lm.test_v05_c159_terminal_result.V05C159TerminalResultTests.test_missing_final_state_reference_rejected) ... ok
test_nonfinite_or_wrong_width_working_rejected (tests_lm.test_v05_c159_terminal_result.V05C159TerminalResultTests.test_nonfinite_or_wrong_width_working_rejected) ... ok
test_one_is_copied_from_final_working (tests_lm.test_v05_c159_terminal_result.V05C159TerminalResultTests.test_one_is_copied_from_final_working) ... ok
test_other_present_record_cannot_replace_selected_reference (tests_lm.test_v05_c159_terminal_result.V05C159TerminalResultTests.test_other_present_record_cannot_replace_selected_reference) ... ok
test_output_and_binding_are_immutable (tests_lm.test_v05_c159_terminal_result.V05C159TerminalResultTests.test_output_and_binding_are_immutable) ... ok
test_permission_denied_reason_comes_from_runtime (tests_lm.test_v05_c159_terminal_result.V05C159TerminalResultTests.test_permission_denied_reason_comes_from_runtime) ... ok
test_safe_paths_reject_windows_and_posix_escapes (tests_lm.test_v05_c159_terminal_result.V05C159TerminalResultTests.test_safe_paths_reject_windows_and_posix_escapes) ... ok
test_source_header_rejects_wrong_identity (tests_lm.test_v05_c159_terminal_result.V05C159TerminalResultTests.test_source_header_rejects_wrong_identity) ... ok
test_source_row_rejects_changed_id_action_value_margin_or_cost (tests_lm.test_v05_c159_terminal_result.V05C159TerminalResultTests.test_source_row_rejects_changed_id_action_value_margin_or_cost) ... ok
test_terminal_action_mismatch_and_other_actions_rejected (tests_lm.test_v05_c159_terminal_result.V05C159TerminalResultTests.test_terminal_action_mismatch_and_other_actions_rejected) ... ok
test_unresolved_stale_value_is_not_zero_answer (tests_lm.test_v05_c159_terminal_result.V05C159TerminalResultTests.test_unresolved_stale_value_is_not_zero_answer) ... ok
test_valid_source_rows_reaggregate_all_scenarios (tests_lm.test_v05_c159_terminal_result.V05C159TerminalResultTests.test_valid_source_rows_reaggregate_all_scenarios) ... ok
test_wrong_provenance_with_same_payload_rejected (tests_lm.test_v05_c159_terminal_result.V05C159TerminalResultTests.test_wrong_provenance_with_same_payload_rejected) ... ok
test_wrong_request_rejected_for_both_terminal_types (tests_lm.test_v05_c159_terminal_result.V05C159TerminalResultTests.test_wrong_request_rejected_for_both_terminal_types) ... ok
test_zero_is_answered_not_unresolved (tests_lm.test_v05_c159_terminal_result.V05C159TerminalResultTests.test_zero_is_answered_not_unresolved) ... ok
test_absent_selected_reference_is_invalid_fixture (tests_lm.test_v05_c160_live_query_result.V05C160LiveQueryResultTests.test_absent_selected_reference_is_invalid_fixture) ... ok
test_all6528_source_emissions_are_validated (tests_lm.test_v05_c160_live_query_result.V05C160LiveQueryResultTests.test_all6528_source_emissions_are_validated) ... ok
test_ancestor_missing_and_ambiguous_are_invalid (tests_lm.test_v05_c160_live_query_result.V05C160LiveQueryResultTests.test_ancestor_missing_and_ambiguous_are_invalid) ... ok
test_ancestor_selects_summary_by_hash_not_iteration_order (tests_lm.test_v05_c160_live_query_result.V05C160LiveQueryResultTests.test_ancestor_selects_summary_by_hash_not_iteration_order) ... ok
test_boolean_or_none_is_not_a_valid_answered_integer (tests_lm.test_v05_c160_live_query_result.V05C160LiveQueryResultTests.test_boolean_or_none_is_not_a_valid_answered_integer) ... ok
test_compact_trace_keeps_all_actions_but_not_repeated_full_state (tests_lm.test_v05_c160_live_query_result.V05C160LiveQueryResultTests.test_compact_trace_keeps_all_actions_but_not_repeated_full_state) ... ok
test_cycle_receives_request_binding_and_actual_callback_objects (tests_lm.test_v05_c160_live_query_result.V05C160LiveQueryResultTests.test_cycle_receives_request_binding_and_actual_callback_objects) ... ok
test_emitter_mutation_is_measured_not_hidden (tests_lm.test_v05_c160_live_query_result.V05C160LiveQueryResultTests.test_emitter_mutation_is_measured_not_hidden) ... ok
test_evaluator_cannot_change_output (tests_lm.test_v05_c160_live_query_result.V05C160LiveQueryResultTests.test_evaluator_cannot_change_output) ... ok
test_file_hash_changes_with_bytes (tests_lm.test_v05_c160_live_query_result.V05C160LiveQueryResultTests.test_file_hash_changes_with_bytes) ... ok
test_gate_accepts_known_control_errors_without_repair (tests_lm.test_v05_c160_live_query_result.V05C160LiveQueryResultTests.test_gate_accepts_known_control_errors_without_repair) ... ok
test_gate_rejects_oracle_repair_of_control_errors (tests_lm.test_v05_c160_live_query_result.V05C160LiveQueryResultTests.test_gate_rejects_oracle_repair_of_control_errors) ... ok
test_gate_rejects_semantic_errors_in_global_arm (tests_lm.test_v05_c160_live_query_result.V05C160LiveQueryResultTests.test_gate_rejects_semantic_errors_in_global_arm) ... ok
test_gate_rejects_tie_or_nonfinite_controller_margin (tests_lm.test_v05_c160_live_query_result.V05C160LiveQueryResultTests.test_gate_rejects_tie_or_nonfinite_controller_margin) ... ok
test_gate_rejects_wrong_cost_mutation_and_missing_replay (tests_lm.test_v05_c160_live_query_result.V05C160LiveQueryResultTests.test_gate_rejects_wrong_cost_mutation_and_missing_replay) ... ok
test_gate_requires_all_router_coverage (tests_lm.test_v05_c160_live_query_result.V05C160LiveQueryResultTests.test_gate_requires_all_router_coverage) ... ok
test_header_accepts_registered_profile (tests_lm.test_v05_c160_live_query_result.V05C160LiveQueryResultTests.test_header_accepts_registered_profile) ... ok
test_header_rejects_changed_execution_scope_or_reasons (tests_lm.test_v05_c160_live_query_result.V05C160LiveQueryResultTests.test_header_rejects_changed_execution_scope_or_reasons) ... ok
test_header_rejects_missing_or_reordered_routers (tests_lm.test_v05_c160_live_query_result.V05C160LiveQueryResultTests.test_header_rejects_missing_or_reordered_routers) ... ok
test_header_rejects_wrong_identity_or_claim (tests_lm.test_v05_c160_live_query_result.V05C160LiveQueryResultTests.test_header_rejects_wrong_identity_or_claim) ... ok
test_inconsistent_output_with_matching_hash_is_still_invalid (tests_lm.test_v05_c160_live_query_result.V05C160LiveQueryResultTests.test_inconsistent_output_with_matching_hash_is_still_invalid) ... ok
test_json_is_deterministic_and_nan_is_rejected (tests_lm.test_v05_c160_live_query_result.V05C160LiveQueryResultTests.test_json_is_deterministic_and_nan_is_rejected) ... ok
test_live_selector_runs_all_queries_against_64_candidates (tests_lm.test_v05_c160_live_query_result.V05C160LiveQueryResultTests.test_live_selector_runs_all_queries_against_64_candidates) ... ok
test_metered_cost_is_independent_of_output_status (tests_lm.test_v05_c160_live_query_result.V05C160LiveQueryResultTests.test_metered_cost_is_independent_of_output_status) ... ok
test_nonfinite_live_scores_are_invalid (tests_lm.test_v05_c160_live_query_result.V05C160LiveQueryResultTests.test_nonfinite_live_scores_are_invalid) ... ok
test_rejected_output_is_not_replaced_by_answer (tests_lm.test_v05_c160_live_query_result.V05C160LiveQueryResultTests.test_rejected_output_is_not_replaced_by_answer) ... ok
test_reordered_catalog_changes_position_not_identity (tests_lm.test_v05_c160_live_query_result.V05C160LiveQueryResultTests.test_reordered_catalog_changes_position_not_identity) ... ok
test_router_schedule_is_balanced_and_identity_only (tests_lm.test_v05_c160_live_query_result.V05C160LiveQueryResultTests.test_router_schedule_is_balanced_and_identity_only) ... ok
test_router_schedule_rejects_bool_and_out_of_range (tests_lm.test_v05_c160_live_query_result.V05C160LiveQueryResultTests.test_router_schedule_rejects_bool_and_out_of_range) ... ok
test_same_bit_wrong_record_is_semantically_wrong_but_binding_valid (tests_lm.test_v05_c160_live_query_result.V05C160LiveQueryResultTests.test_same_bit_wrong_record_is_semantically_wrong_but_binding_valid) ... ok
test_selected_reference_only_removed_from_cold_state (tests_lm.test_v05_c160_live_query_result.V05C160LiveQueryResultTests.test_selected_reference_only_removed_from_cold_state) ... ok
test_selector_has_no_expected_label_or_value_parameter (tests_lm.test_v05_c160_live_query_result.V05C160LiveQueryResultTests.test_selector_has_no_expected_label_or_value_parameter) ... ok
test_source_output_tamper_is_invalid (tests_lm.test_v05_c160_live_query_result.V05C160LiveQueryResultTests.test_source_output_tamper_is_invalid) ... ok
test_stale_bit_rejects_boolean_and_nonbit (tests_lm.test_v05_c160_live_query_result.V05C160LiveQueryResultTests.test_stale_bit_rejects_boolean_and_nonbit) ... ok
test_stale_state_and_fixed_budgets_do_not_use_expected_payload (tests_lm.test_v05_c160_live_query_result.V05C160LiveQueryResultTests.test_stale_state_and_fixed_budgets_do_not_use_expected_payload) ... ok
test_wrong_query_count_is_invalid_before_encoding (tests_lm.test_v05_c160_live_query_result.V05C160LiveQueryResultTests.test_wrong_query_count_is_invalid_before_encoding) ... ok
test_wrong_scope_source_clock_or_key_is_not_bound (tests_lm.test_v05_c160_live_query_result.V05C160LiveQueryResultTests.test_wrong_scope_source_clock_or_key_is_not_bound) ... ok
test_zero_and_one_are_observed_answers (tests_lm.test_v05_c160_live_query_result.V05C160LiveQueryResultTests.test_zero_and_one_are_observed_answers) ... ok
test_analyze_rows_accepts_single_post_cycle_rejection (tests_lm.test_v05_c161_failure_localization.V05C161FailureLocalizationTests.test_analyze_rows_accepts_single_post_cycle_rejection) ... ok
test_analyze_rows_marks_cycle_failure_as_valid_negative_pattern (tests_lm.test_v05_c161_failure_localization.V05C161FailureLocalizationTests.test_analyze_rows_marks_cycle_failure_as_valid_negative_pattern) ... ok
test_analyze_rows_marks_multiple_terminal_reasons_as_negative (tests_lm.test_v05_c161_failure_localization.V05C161FailureLocalizationTests.test_analyze_rows_marks_multiple_terminal_reasons_as_negative) ... ok
test_analyze_rows_rejects_router_schedule_drift (tests_lm.test_v05_c161_failure_localization.V05C161FailureLocalizationTests.test_analyze_rows_rejects_router_schedule_drift) ... ok
test_analyze_rows_rejects_trace_hash_tamper (tests_lm.test_v05_c161_failure_localization.V05C161FailureLocalizationTests.test_analyze_rows_rejects_trace_hash_tamper) ... ok
test_blob_is_deterministic_and_rejects_nan (tests_lm.test_v05_c161_failure_localization.V05C161FailureLocalizationTests.test_blob_is_deterministic_and_rejects_nan) ... ok
test_run_rejects_wrong_c160_summary_hash_before_analysis (tests_lm.test_v05_c161_failure_localization.V05C161FailureLocalizationTests.test_run_rejects_wrong_c160_summary_hash_before_analysis) ... ok
test_safe_child_rejects_escape_and_windows_path (tests_lm.test_v05_c161_failure_localization.V05C161FailureLocalizationTests.test_safe_child_rejects_escape_and_windows_path) ... ok
test_validate_c160_report_accepts_registered_profile (tests_lm.test_v05_c161_failure_localization.V05C161FailureLocalizationTests.test_validate_c160_report_accepts_registered_profile) ... ok
test_validate_c160_report_rejects_aggregate_drift (tests_lm.test_v05_c161_failure_localization.V05C161FailureLocalizationTests.test_validate_c160_report_rejects_aggregate_drift) ... ok
test_validate_c160_report_rejects_stream_identity_drift (tests_lm.test_v05_c161_failure_localization.V05C161FailureLocalizationTests.test_validate_c160_report_rejects_stream_identity_drift) ... ok
test_validate_c160_report_rejects_wrong_identity_or_status (tests_lm.test_v05_c161_failure_localization.V05C161FailureLocalizationTests.test_validate_c160_report_rejects_wrong_identity_or_status) ... ok
test_all_six_guards_remain_effective_for_both_bits (tests_lm.test_v05_c162_evidence_container.V05C162EvidenceContainerTests.test_all_six_guards_remain_effective_for_both_bits) ... ok
test_blob_rejects_nonfinite (tests_lm.test_v05_c162_evidence_container.V05C162EvidenceContainerTests.test_blob_rejects_nonfinite) ... ok
test_bound_output_rejects_bool_wrong_key_and_value (tests_lm.test_v05_c162_evidence_container.V05C162EvidenceContainerTests.test_bound_output_rejects_bool_wrong_key_and_value) ... ok
test_cold_restore_preserves_source_but_appends_selected (tests_lm.test_v05_c162_evidence_container.V05C162EvidenceContainerTests.test_cold_restore_preserves_source_but_appends_selected) ... ok
test_decode_rejects_extra_fields_and_wrong_container (tests_lm.test_v05_c162_evidence_container.V05C162EvidenceContainerTests.test_decode_rejects_extra_fields_and_wrong_container) ... ok
test_decode_rejects_hypothesis_and_duplicate (tests_lm.test_v05_c162_evidence_container.V05C162EvidenceContainerTests.test_decode_rejects_hypothesis_and_duplicate) ... ok
test_decode_roundtrip_uses_actual_core_state (tests_lm.test_v05_c162_evidence_container.V05C162EvidenceContainerTests.test_decode_roundtrip_uses_actual_core_state) ... ok
test_fault_probes_do_not_mutate_source (tests_lm.test_v05_c162_evidence_container.V05C162EvidenceContainerTests.test_fault_probes_do_not_mutate_source) ... ok
test_gate_accepts_only_full_registered_profile (tests_lm.test_v05_c162_evidence_container.V05C162EvidenceContainerTests.test_gate_accepts_only_full_registered_profile) ... ok
test_gate_preserves_known_control_errors (tests_lm.test_v05_c162_evidence_container.V05C162EvidenceContainerTests.test_gate_preserves_known_control_errors) ... ok
test_gate_rejects_guard_and_mutation_failure (tests_lm.test_v05_c162_evidence_container.V05C162EvidenceContainerTests.test_gate_rejects_guard_and_mutation_failure) ... ok
test_json_roundtrip_erases_tuple_difference (tests_lm.test_v05_c162_evidence_container.V05C162EvidenceContainerTests.test_json_roundtrip_erases_tuple_difference) ... ok
test_list_only_changes_one_container (tests_lm.test_v05_c162_evidence_container.V05C162EvidenceContainerTests.test_list_only_changes_one_container) ... ok
test_list_only_does_not_silently_accept_arbitrary_containers (tests_lm.test_v05_c162_evidence_container.V05C162EvidenceContainerTests.test_list_only_does_not_silently_accept_arbitrary_containers) ... ok
test_locate_requires_unique_hash_bound_source (tests_lm.test_v05_c162_evidence_container.V05C162EvidenceContainerTests.test_locate_requires_unique_hash_bound_source) ... ok
test_measured_rejection_is_retained_as_negative (tests_lm.test_v05_c162_evidence_container.V05C162EvidenceContainerTests.test_measured_rejection_is_retained_as_negative) ... ok
test_missing_selected_reference_is_invalid (tests_lm.test_v05_c162_evidence_container.V05C162EvidenceContainerTests.test_missing_selected_reference_is_invalid) ... ok
test_mutation_is_measured_not_hidden (tests_lm.test_v05_c162_evidence_container.V05C162EvidenceContainerTests.test_mutation_is_measured_not_hidden) ... ok
test_pair_has_no_semantic_target_interface (tests_lm.test_v05_c162_evidence_container.V05C162EvidenceContainerTests.test_pair_has_no_semantic_target_interface) ... ok
test_pair_preserves_inputs (tests_lm.test_v05_c162_evidence_container.V05C162EvidenceContainerTests.test_pair_preserves_inputs) ... ok
test_protected_bytes_are_rechecked_at_end (tests_lm.test_v05_c162_evidence_container.V05C162EvidenceContainerTests.test_protected_bytes_are_rechecked_at_end) ... ok
test_real_state_asdict_retains_tuple (tests_lm.test_v05_c162_evidence_container.V05C162EvidenceContainerTests.test_real_state_asdict_retains_tuple) ... ok
test_reconstruct_rejects_wrong_reference_count (tests_lm.test_v05_c162_evidence_container.V05C162EvidenceContainerTests.test_reconstruct_rejects_wrong_reference_count) ... ok
test_reconstruct_requires_exact_digest_and_reference_order (tests_lm.test_v05_c162_evidence_container.V05C162EvidenceContainerTests.test_reconstruct_requires_exact_digest_and_reference_order) ... ok
test_safe_child_rejects_escape (tests_lm.test_v05_c162_evidence_container.V05C162EvidenceContainerTests.test_safe_child_rejects_escape) ... ok
test_stream_identity_rejects_duplicate_or_missing (tests_lm.test_v05_c162_evidence_container.V05C162EvidenceContainerTests.test_stream_identity_rejects_duplicate_or_missing) ... ok
test_unchanged_emitter_rejects_native_but_accepts_list_one (tests_lm.test_v05_c162_evidence_container.V05C162EvidenceContainerTests.test_unchanged_emitter_rejects_native_but_accepts_list_one) ... ok
test_unchanged_emitter_rejects_native_but_accepts_list_zero (tests_lm.test_v05_c162_evidence_container.V05C162EvidenceContainerTests.test_unchanged_emitter_rejects_native_but_accepts_list_zero) ... ok
test_wrong_saved_native_output_is_not_accepted (tests_lm.test_v05_c162_evidence_container.V05C162EvidenceContainerTests.test_wrong_saved_native_output_is_not_accepted) ... ok
test_small_synthetic_full_loader_run_saves_valid_negative_and_preserves_inputs (tests_lm.test_v05_c162_evidence_container.V05C162OfflineRunTests.test_small_synthetic_full_loader_run_saves_valid_negative_and_preserves_inputs)
48 streams x 3 rows: loader/writer test, not the 82,944-row formal run. ... ok
test_adapted_guard_rejection_is_not_replaced_by_native (tests_lm.test_v05_c163_live_container_bridge.V05C163LiveContainerBridgeTests.test_adapted_guard_rejection_is_not_replaced_by_native) ... ok
test_all_six_guards_through_native_adapter (tests_lm.test_v05_c163_live_container_bridge.V05C163LiveContainerBridgeTests.test_all_six_guards_through_native_adapter) ... ok
test_audit_records_native_and_adapted_calls_separately (tests_lm.test_v05_c163_live_container_bridge.V05C163LiveContainerBridgeTests.test_audit_records_native_and_adapted_calls_separately) ... ok
test_bad_terminal_is_delegated_to_old_emitter (tests_lm.test_v05_c163_live_container_bridge.V05C163LiveContainerBridgeTests.test_bad_terminal_is_delegated_to_old_emitter) ... ok
test_boolean_value_is_not_coerced_into_bit (tests_lm.test_v05_c163_live_container_bridge.V05C163LiveContainerBridgeTests.test_boolean_value_is_not_coerced_into_bit) ... ok
test_finite_ungrounded_result_remains_rejected (tests_lm.test_v05_c163_live_container_bridge.V05C163LiveContainerBridgeTests.test_finite_ungrounded_result_remains_rejected) ... ok
test_gate_accepts_full_registered_profile (tests_lm.test_v05_c163_live_container_bridge.V05C163LiveContainerBridgeTests.test_gate_accepts_full_registered_profile) ... ok
test_gate_does_not_repair_known_semantic_errors (tests_lm.test_v05_c163_live_container_bridge.V05C163LiveContainerBridgeTests.test_gate_does_not_repair_known_semantic_errors) ... ok
test_gate_rejects_dropped_episode (tests_lm.test_v05_c163_live_container_bridge.V05C163LiveContainerBridgeTests.test_gate_rejects_dropped_episode) ... ok
test_gate_rejects_guard_mutation_or_missing_native_control (tests_lm.test_v05_c163_live_container_bridge.V05C163LiveContainerBridgeTests.test_gate_rejects_guard_mutation_or_missing_native_control) ... ok
test_gate_rejects_tie_nonfinite_or_wrong_values (tests_lm.test_v05_c163_live_container_bridge.V05C163LiveContainerBridgeTests.test_gate_rejects_tie_nonfinite_or_wrong_values) ... ok
test_gate_rejects_wrong_cost_or_router_coverage (tests_lm.test_v05_c163_live_container_bridge.V05C163LiveContainerBridgeTests.test_gate_rejects_wrong_cost_or_router_coverage) ... ok
test_gate_requires_historical_source_preservation (tests_lm.test_v05_c163_live_container_bridge.V05C163LiveContainerBridgeTests.test_gate_requires_historical_source_preservation) ... ok
test_guard_controls_preserve_native_source (tests_lm.test_v05_c163_live_container_bridge.V05C163LiveContainerBridgeTests.test_guard_controls_preserve_native_source) ... ok
test_guard_selection_is_once_per_source_key_not_per_bit (tests_lm.test_v05_c163_live_container_bridge.V05C163LiveContainerBridgeTests.test_guard_selection_is_once_per_source_key_not_per_bit) ... ok
test_list_input_is_not_rewritten (tests_lm.test_v05_c163_live_container_bridge.V05C163LiveContainerBridgeTests.test_list_input_is_not_rewritten) ... ok
test_measured_input_mutation_is_not_hidden (tests_lm.test_v05_c163_live_container_bridge.V05C163LiveContainerBridgeTests.test_measured_input_mutation_is_not_hidden) ... ok
test_missing_or_bad_container_is_not_repaired (tests_lm.test_v05_c163_live_container_bridge.V05C163LiveContainerBridgeTests.test_missing_or_bad_container_is_not_repaired) ... ok
test_missing_payload_probe_is_saved_not_invalid (tests_lm.test_v05_c163_live_container_bridge.V05C163LiveContainerBridgeTests.test_missing_payload_probe_is_saved_not_invalid) ... ok
test_native_control_rejects_but_live_one_is_answered (tests_lm.test_v05_c163_live_container_bridge.V05C163LiveContainerBridgeTests.test_native_control_rejects_but_live_one_is_answered) ... ok
test_native_control_rejects_but_live_zero_is_answered (tests_lm.test_v05_c163_live_container_bridge.V05C163LiveContainerBridgeTests.test_native_control_rejects_but_live_zero_is_answered) ... ok
test_native_execute_selected_wires_actual_state_to_new_adapter (tests_lm.test_v05_c163_live_container_bridge.V05C163LiveContainerBridgeTests.test_native_execute_selected_wires_actual_state_to_new_adapter) ... ok
test_normalizer_has_no_label_value_or_scope_interface (tests_lm.test_v05_c163_live_container_bridge.V05C163LiveContainerBridgeTests.test_normalizer_has_no_label_value_or_scope_interface) ... ok
test_only_native_observations_container_changes (tests_lm.test_v05_c163_live_container_bridge.V05C163LiveContainerBridgeTests.test_only_native_observations_container_changes) ... ok
test_reference_provenance_is_not_corrected (tests_lm.test_v05_c163_live_container_bridge.V05C163LiveContainerBridgeTests.test_reference_provenance_is_not_corrected) ... ok
test_wrong_request_still_rejected (tests_lm.test_v05_c163_live_container_bridge.V05C163LiveContainerBridgeTests.test_wrong_request_still_rejected) ... ok
test_delivery_wrapper_forwards_every_nontransport_argument (tests_lm.test_v05_c164_live_missing_delivery.V05C164LiveMissingDeliveryTests.test_delivery_wrapper_forwards_every_nontransport_argument) ... ok
test_gate_accepts_only_complete_profile (tests_lm.test_v05_c164_live_missing_delivery.V05C164LiveMissingDeliveryTests.test_gate_accepts_only_complete_profile) ... ok
test_gate_does_not_count_unresolved_as_semantic_accuracy (tests_lm.test_v05_c164_live_missing_delivery.V05C164LiveMissingDeliveryTests.test_gate_does_not_count_unresolved_as_semantic_accuracy) ... ok
test_gate_preserves_known_semantic_errors (tests_lm.test_v05_c164_live_missing_delivery.V05C164LiveMissingDeliveryTests.test_gate_preserves_known_semantic_errors) ... ok
test_gate_rejects_guard_failure_and_source_mutation (tests_lm.test_v05_c164_live_missing_delivery.V05C164LiveMissingDeliveryTests.test_gate_rejects_guard_failure_and_source_mutation) ... ok
test_gate_rejects_missing_branch_publication (tests_lm.test_v05_c164_live_missing_delivery.V05C164LiveMissingDeliveryTests.test_gate_rejects_missing_branch_publication) ... ok
test_gate_rejects_nonpositive_or_nonfinite_margin (tests_lm.test_v05_c164_live_missing_delivery.V05C164LiveMissingDeliveryTests.test_gate_rejects_nonpositive_or_nonfinite_margin) ... ok
test_gate_rejects_router_or_raw_action_imbalance (tests_lm.test_v05_c164_live_missing_delivery.V05C164LiveMissingDeliveryTests.test_gate_rejects_router_or_raw_action_imbalance) ... ok
test_gate_rejects_unresolved_payload_contract_failure (tests_lm.test_v05_c164_live_missing_delivery.V05C164LiveMissingDeliveryTests.test_gate_rejects_unresolved_payload_contract_failure) ... ok
test_gate_rejects_wrong_calls_and_meter_disagreement (tests_lm.test_v05_c164_live_missing_delivery.V05C164LiveMissingDeliveryTests.test_gate_rejects_wrong_calls_and_meter_disagreement) ... ok
test_missing_branch_fetches_once_but_never_publishes_or_rereads (tests_lm.test_v05_c164_live_missing_delivery.V05C164LiveMissingDeliveryTests.test_missing_branch_fetches_once_but_never_publishes_or_rereads) ... ok
test_missing_branch_native_control_still_rejects (tests_lm.test_v05_c164_live_missing_delivery.V05C164LiveMissingDeliveryTests.test_missing_branch_native_control_still_rejects) ... ok
test_missing_delivery_keeps_envelope_and_drops_only_evidence (tests_lm.test_v05_c164_live_missing_delivery.V05C164LiveMissingDeliveryTests.test_missing_delivery_keeps_envelope_and_drops_only_evidence) ... ok
test_missing_delivery_zero_and_one_stop_without_payload (tests_lm.test_v05_c164_live_missing_delivery.V05C164LiveMissingDeliveryTests.test_missing_delivery_zero_and_one_stop_without_payload) ... ok
test_parent_rejects_wrong_identity_before_source_use (tests_lm.test_v05_c164_live_missing_delivery.V05C164LiveMissingDeliveryTests.test_parent_rejects_wrong_identity_before_source_use) ... ok
test_present_delivery_returns_exact_object (tests_lm.test_v05_c164_live_missing_delivery.V05C164LiveMissingDeliveryTests.test_present_delivery_returns_exact_object) ... ok
test_recovered_zero_and_one_use_actual_cycle_and_adapter (tests_lm.test_v05_c164_live_missing_delivery.V05C164LiveMissingDeliveryTests.test_recovered_zero_and_one_use_actual_cycle_and_adapter) ... ok
test_semantic_same_bit_wrong_record_is_not_repaired (tests_lm.test_v05_c164_live_missing_delivery.V05C164LiveMissingDeliveryTests.test_semantic_same_bit_wrong_record_is_not_repaired) ... ok
test_transport_interface_has_no_expected_value_or_condition (tests_lm.test_v05_c164_live_missing_delivery.V05C164LiveMissingDeliveryTests.test_transport_interface_has_no_expected_value_or_condition) ... ok
test_unknown_evaluator_condition_rejected (tests_lm.test_v05_c164_live_missing_delivery.V05C164LiveMissingDeliveryTests.test_unknown_evaluator_condition_rejected) ... ok
test_unresolved_contract_accepts_none_not_zero_or_false (tests_lm.test_v05_c164_live_missing_delivery.V05C164LiveMissingDeliveryTests.test_unresolved_contract_accepts_none_not_zero_or_false) ... ok
test_unresolved_wrong_identity_reason_or_metadata_is_rejected (tests_lm.test_v05_c164_live_missing_delivery.V05C164LiveMissingDeliveryTests.test_unresolved_wrong_identity_reason_or_metadata_is_rejected) ... ok
test_wrapper_rejects_noncallable_transport (tests_lm.test_v05_c164_live_missing_delivery.V05C164LiveMissingDeliveryTests.test_wrapper_rejects_noncallable_transport) ... ok
test_wrong_controller_answer_is_not_overridden (tests_lm.test_v05_c164_live_missing_delivery.V05C164LiveMissingDeliveryTests.test_wrong_controller_answer_is_not_overridden) ... ok
test_allowed_wrapper_forwards_every_nonpermission_argument (tests_lm.test_v05_c165_live_permission_denied.V05C165LivePermissionDeniedTests.test_allowed_wrapper_forwards_every_nonpermission_argument) ... ok
test_denied_wrapper_substitutes_false_permission_only (tests_lm.test_v05_c165_live_permission_denied.V05C165LivePermissionDeniedTests.test_denied_wrapper_substitutes_false_permission_only) ... ok
test_gate_accepts_complete_profile (tests_lm.test_v05_c165_live_permission_denied.V05C165LivePermissionDeniedTests.test_gate_accepts_complete_profile) ... ok
test_gate_does_not_count_unresolved_as_semantic_accuracy (tests_lm.test_v05_c165_live_permission_denied.V05C165LivePermissionDeniedTests.test_gate_does_not_count_unresolved_as_semantic_accuracy) ... ok
test_gate_preserves_known_semantic_errors (tests_lm.test_v05_c165_live_permission_denied.V05C165LivePermissionDeniedTests.test_gate_preserves_known_semantic_errors) ... ok
test_gate_rejects_denied_acquisition (tests_lm.test_v05_c165_live_permission_denied.V05C165LivePermissionDeniedTests.test_gate_rejects_denied_acquisition) ... ok
test_gate_rejects_denied_publication (tests_lm.test_v05_c165_live_permission_denied.V05C165LivePermissionDeniedTests.test_gate_rejects_denied_publication) ... ok
test_gate_rejects_denied_retrieval (tests_lm.test_v05_c165_live_permission_denied.V05C165LivePermissionDeniedTests.test_gate_rejects_denied_retrieval) ... ok
test_gate_rejects_dropped_episode (tests_lm.test_v05_c165_live_permission_denied.V05C165LivePermissionDeniedTests.test_gate_rejects_dropped_episode) ... ok
test_gate_rejects_guard_failure_and_source_mutation (tests_lm.test_v05_c165_live_permission_denied.V05C165LivePermissionDeniedTests.test_gate_rejects_guard_failure_and_source_mutation) ... ok
test_gate_rejects_nonpositive_or_nonfinite_margin (tests_lm.test_v05_c165_live_permission_denied.V05C165LivePermissionDeniedTests.test_gate_rejects_nonpositive_or_nonfinite_margin) ... ok
test_gate_rejects_permission_or_budget_preservation_failure (tests_lm.test_v05_c165_live_permission_denied.V05C165LivePermissionDeniedTests.test_gate_rejects_permission_or_budget_preservation_failure) ... ok
test_gate_rejects_router_or_raw_action_imbalance (tests_lm.test_v05_c165_live_permission_denied.V05C165LivePermissionDeniedTests.test_gate_rejects_router_or_raw_action_imbalance) ... ok
test_gate_rejects_wrong_calls_and_meter_disagreement (tests_lm.test_v05_c165_live_permission_denied.V05C165LivePermissionDeniedTests.test_gate_rejects_wrong_calls_and_meter_disagreement) ... ok
test_parent_rejects_wrong_identity_before_source_use (tests_lm.test_v05_c165_live_permission_denied.V05C165LivePermissionDeniedTests.test_parent_rejects_wrong_identity_before_source_use) ... ok
test_permission_denied_native_control_still_rejects (tests_lm.test_v05_c165_live_permission_denied.V05C165LivePermissionDeniedTests.test_permission_denied_native_control_still_rejects) ... ok
test_permission_denied_never_fetches_publishes_or_rereads (tests_lm.test_v05_c165_live_permission_denied.V05C165LivePermissionDeniedTests.test_permission_denied_never_fetches_publishes_or_rereads) ... ok
test_permission_denied_zero_and_one_stop_without_payload (tests_lm.test_v05_c165_live_permission_denied.V05C165LivePermissionDeniedTests.test_permission_denied_zero_and_one_stop_without_payload) ... ok
test_permission_interface_has_no_expected_value_or_semantic_target (tests_lm.test_v05_c165_live_permission_denied.V05C165LivePermissionDeniedTests.test_permission_interface_has_no_expected_value_or_semantic_target) ... ok
test_permission_wrapper_rejects_nonboolean_condition (tests_lm.test_v05_c165_live_permission_denied.V05C165LivePermissionDeniedTests.test_permission_wrapper_rejects_nonboolean_condition) ... ok
test_permission_wrapper_requires_unchanged_base_permission (tests_lm.test_v05_c165_live_permission_denied.V05C165LivePermissionDeniedTests.test_permission_wrapper_requires_unchanged_base_permission) ... ok
test_recovered_zero_and_one_use_actual_cycle_and_adapter (tests_lm.test_v05_c165_live_permission_denied.V05C165LivePermissionDeniedTests.test_recovered_zero_and_one_use_actual_cycle_and_adapter) ... ok
test_semantic_same_bit_wrong_record_is_not_repaired (tests_lm.test_v05_c165_live_permission_denied.V05C165LivePermissionDeniedTests.test_semantic_same_bit_wrong_record_is_not_repaired) ... ok
test_unknown_evaluator_condition_rejected (tests_lm.test_v05_c165_live_permission_denied.V05C165LivePermissionDeniedTests.test_unknown_evaluator_condition_rejected) ... ok
test_unresolved_contract_accepts_none_not_zero_or_false (tests_lm.test_v05_c165_live_permission_denied.V05C165LivePermissionDeniedTests.test_unresolved_contract_accepts_none_not_zero_or_false) ... ok
test_unresolved_wrong_identity_reason_or_metadata_is_rejected (tests_lm.test_v05_c165_live_permission_denied.V05C165LivePermissionDeniedTests.test_unresolved_wrong_identity_reason_or_metadata_is_rejected) ... ok
test_wrong_controller_answer_is_not_overridden (tests_lm.test_v05_c165_live_permission_denied.V05C165LivePermissionDeniedTests.test_wrong_controller_answer_is_not_overridden) ... ok
test_actual_initial_budget_is_returned_and_internal_steps_are_paid (tests_lm.test_v05_c166_live_budget_exhausted.V05C166LiveBudgetExhaustedTests.test_actual_initial_budget_is_returned_and_internal_steps_are_paid) ... ok
test_budget_audit_detects_initial_budget_and_later_fetch (tests_lm.test_v05_c166_live_budget_exhausted.V05C166LiveBudgetExhaustedTests.test_budget_audit_detects_initial_budget_and_later_fetch) ... ok
test_exhausted_cycle_never_fetches_admits_publishes_or_rereads (tests_lm.test_v05_c166_live_budget_exhausted.V05C166LiveBudgetExhaustedTests.test_exhausted_cycle_never_fetches_admits_publishes_or_rereads) ... ok
test_exhausted_zero_and_one_stop_without_payload (tests_lm.test_v05_c166_live_budget_exhausted.V05C166LiveBudgetExhaustedTests.test_exhausted_zero_and_one_stop_without_payload) ... ok
test_exhaustion_is_not_permission_denial (tests_lm.test_v05_c166_live_budget_exhausted.V05C166LiveBudgetExhaustedTests.test_exhaustion_is_not_permission_denial) ... ok
test_factory_constructs_actual_budget_with_one_or_zero (tests_lm.test_v05_c166_live_budget_exhausted.V05C166LiveBudgetExhaustedTests.test_factory_constructs_actual_budget_with_one_or_zero) ... ok
test_factory_has_no_target_or_permission_input (tests_lm.test_v05_c166_live_budget_exhausted.V05C166LiveBudgetExhaustedTests.test_factory_has_no_target_or_permission_input) ... ok
test_factory_preserves_every_other_api_object (tests_lm.test_v05_c166_live_budget_exhausted.V05C166LiveBudgetExhaustedTests.test_factory_preserves_every_other_api_object) ... ok
test_factory_rejects_base_budget_drift (tests_lm.test_v05_c166_live_budget_exhausted.V05C166LiveBudgetExhaustedTests.test_factory_rejects_base_budget_drift) ... ok
test_factory_rejects_unregistered_and_boolean_allowances (tests_lm.test_v05_c166_live_budget_exhausted.V05C166LiveBudgetExhaustedTests.test_factory_rejects_unregistered_and_boolean_allowances) ... ok
test_gate_accepts_complete_profile (tests_lm.test_v05_c166_live_budget_exhausted.V05C166LiveBudgetExhaustedTests.test_gate_accepts_complete_profile) ... ok
test_gate_does_not_score_unresolved_as_semantic_accuracy (tests_lm.test_v05_c166_live_budget_exhausted.V05C166LiveBudgetExhaustedTests.test_gate_does_not_score_unresolved_as_semantic_accuracy) ... ok
test_gate_preserves_known_semantic_errors (tests_lm.test_v05_c166_live_budget_exhausted.V05C166LiveBudgetExhaustedTests.test_gate_preserves_known_semantic_errors) ... ok
test_gate_rejects_budget_and_authority_audit_failures (tests_lm.test_v05_c166_live_budget_exhausted.V05C166LiveBudgetExhaustedTests.test_gate_rejects_budget_and_authority_audit_failures) ... ok
test_gate_rejects_coverage_and_extra_condition (tests_lm.test_v05_c166_live_budget_exhausted.V05C166LiveBudgetExhaustedTests.test_gate_rejects_coverage_and_extra_condition) ... ok
test_gate_rejects_exhausted_acquisition_publication_or_read (tests_lm.test_v05_c166_live_budget_exhausted.V05C166LiveBudgetExhaustedTests.test_gate_rejects_exhausted_acquisition_publication_or_read) ... ok
test_gate_rejects_guard_source_mutation_and_wrong_reason (tests_lm.test_v05_c166_live_budget_exhausted.V05C166LiveBudgetExhaustedTests.test_gate_rejects_guard_source_mutation_and_wrong_reason) ... ok
test_gate_rejects_meter_disagreement (tests_lm.test_v05_c166_live_budget_exhausted.V05C166LiveBudgetExhaustedTests.test_gate_rejects_meter_disagreement) ... ok
test_gate_rejects_nonpositive_and_nonfinite_margins (tests_lm.test_v05_c166_live_budget_exhausted.V05C166LiveBudgetExhaustedTests.test_gate_rejects_nonpositive_and_nonfinite_margins) ... ok
test_gate_rejects_router_and_action_imbalance (tests_lm.test_v05_c166_live_budget_exhausted.V05C166LiveBudgetExhaustedTests.test_gate_rejects_router_and_action_imbalance) ... ok
test_gate_rejects_unresolved_payload_contract_failure (tests_lm.test_v05_c166_live_budget_exhausted.V05C166LiveBudgetExhaustedTests.test_gate_rejects_unresolved_payload_contract_failure) ... ok
test_internal_debit_preserves_zero_acquisition_allowance (tests_lm.test_v05_c166_live_budget_exhausted.V05C166LiveBudgetExhaustedTests.test_internal_debit_preserves_zero_acquisition_allowance) ... ok
test_native_control_keeps_original_container_rejection (tests_lm.test_v05_c166_live_budget_exhausted.V05C166LiveBudgetExhaustedTests.test_native_control_keeps_original_container_rejection) ... ok
test_parent_rejects_wrong_identity_before_source_use (tests_lm.test_v05_c166_live_budget_exhausted.V05C166LiveBudgetExhaustedTests.test_parent_rejects_wrong_identity_before_source_use) ... ok
test_recovered_zero_and_one_use_actual_cycle (tests_lm.test_v05_c166_live_budget_exhausted.V05C166LiveBudgetExhaustedTests.test_recovered_zero_and_one_use_actual_cycle) ... ok
test_same_bit_wrong_record_is_not_semantically_correct (tests_lm.test_v05_c166_live_budget_exhausted.V05C166LiveBudgetExhaustedTests.test_same_bit_wrong_record_is_not_semantically_correct) ... ok
test_unknown_evaluator_condition_is_rejected (tests_lm.test_v05_c166_live_budget_exhausted.V05C166LiveBudgetExhaustedTests.test_unknown_evaluator_condition_is_rejected) ... ok
test_unresolved_identity_reason_and_metadata_are_checked (tests_lm.test_v05_c166_live_budget_exhausted.V05C166LiveBudgetExhaustedTests.test_unresolved_identity_reason_and_metadata_are_checked) ... ok
test_unresolved_requires_none_not_zero_or_false (tests_lm.test_v05_c166_live_budget_exhausted.V05C166LiveBudgetExhaustedTests.test_unresolved_requires_none_not_zero_or_false) ... ok
test_wrong_controller_answer_is_not_overridden (tests_lm.test_v05_c166_live_budget_exhausted.V05C166LiveBudgetExhaustedTests.test_wrong_controller_answer_is_not_overridden) ... ok
test_cold_wrapper_forwards_original_state_and_other_arguments (tests_lm.test_v05_c167_live_warm_reference.V05C167LiveWarmReferenceTests.test_cold_wrapper_forwards_original_state_and_other_arguments) ... ok
test_cold_zero_and_one_keep_original_recovery_contract (tests_lm.test_v05_c167_live_warm_reference.V05C167LiveWarmReferenceTests.test_cold_zero_and_one_keep_original_recovery_contract) ... ok
test_gate_accepts_only_complete_profile (tests_lm.test_v05_c167_live_warm_reference.V05C167LiveWarmReferenceTests.test_gate_accepts_only_complete_profile) ... ok
test_gate_checks_actual_initial_state_and_unchanged_warm_state (tests_lm.test_v05_c167_live_warm_reference.V05C167LiveWarmReferenceTests.test_gate_checks_actual_initial_state_and_unchanged_warm_state) ... ok
test_gate_preserves_known_semantic_errors_in_both_conditions (tests_lm.test_v05_c167_live_warm_reference.V05C167LiveWarmReferenceTests.test_gate_preserves_known_semantic_errors_in_both_conditions) ... ok
test_gate_rejects_extra_or_missing_condition (tests_lm.test_v05_c167_live_warm_reference.V05C167LiveWarmReferenceTests.test_gate_rejects_extra_or_missing_condition) ... ok
test_gate_rejects_guard_mutation_and_source_failure (tests_lm.test_v05_c167_live_warm_reference.V05C167LiveWarmReferenceTests.test_gate_rejects_guard_mutation_and_source_failure) ... ok
test_gate_rejects_nonpositive_nonfinite_and_boolean_margin (tests_lm.test_v05_c167_live_warm_reference.V05C167LiveWarmReferenceTests.test_gate_rejects_nonpositive_nonfinite_and_boolean_margin) ... ok
test_gate_rejects_raw_action_and_router_imbalance (tests_lm.test_v05_c167_live_warm_reference.V05C167LiveWarmReferenceTests.test_gate_rejects_raw_action_and_router_imbalance) ... ok
test_gate_rejects_warm_acquisition_and_publication (tests_lm.test_v05_c167_live_warm_reference.V05C167LiveWarmReferenceTests.test_gate_rejects_warm_acquisition_and_publication) ... ok
test_gate_rejects_warm_extra_decision_or_budget_audit_failure (tests_lm.test_v05_c167_live_warm_reference.V05C167LiveWarmReferenceTests.test_gate_rejects_warm_extra_decision_or_budget_audit_failure) ... ok
test_gate_rejects_zero_one_distribution_and_pair_mismatch (tests_lm.test_v05_c167_live_warm_reference.V05C167LiveWarmReferenceTests.test_gate_rejects_zero_one_distribution_and_pair_mismatch) ... ok
test_gate_requires_paid_warm_read_and_independent_meter (tests_lm.test_v05_c167_live_warm_reference.V05C167LiveWarmReferenceTests.test_gate_requires_paid_warm_read_and_independent_meter) ... ok
test_native_control_still_rejects_on_warm_result (tests_lm.test_v05_c167_live_warm_reference.V05C167LiveWarmReferenceTests.test_native_control_still_rejects_on_warm_result) ... ok
test_pair_check_requires_distinct_requests_and_matching_identity (tests_lm.test_v05_c167_live_warm_reference.V05C167LiveWarmReferenceTests.test_pair_check_requires_distinct_requests_and_matching_identity) ... ok
test_parent_rejects_wrong_identity_before_use (tests_lm.test_v05_c167_live_warm_reference.V05C167LiveWarmReferenceTests.test_parent_rejects_wrong_identity_before_use) ... ok
test_same_bit_wrong_record_is_still_semantically_wrong (tests_lm.test_v05_c167_live_warm_reference.V05C167LiveWarmReferenceTests.test_same_bit_wrong_record_is_still_semantically_wrong) ... ok
test_state_digest_is_deterministic_and_membership_sensitive (tests_lm.test_v05_c167_live_warm_reference.V05C167LiveWarmReferenceTests.test_state_digest_is_deterministic_and_membership_sensitive) ... ok
test_warm_audit_detects_reacquisition_or_state_change (tests_lm.test_v05_c167_live_warm_reference.V05C167LiveWarmReferenceTests.test_warm_audit_detects_reacquisition_or_state_change) ... ok
test_warm_keeps_acquisition_budget_and_pays_internal_step (tests_lm.test_v05_c167_live_warm_reference.V05C167LiveWarmReferenceTests.test_warm_keeps_acquisition_budget_and_pays_internal_step) ... ok
test_warm_reads_once_without_fetch_admission_or_publication (tests_lm.test_v05_c167_live_warm_reference.V05C167LiveWarmReferenceTests.test_warm_reads_once_without_fetch_admission_or_publication) ... ok
test_warm_state_not_built_from_cold_final_state (tests_lm.test_v05_c167_live_warm_reference.V05C167LiveWarmReferenceTests.test_warm_state_not_built_from_cold_final_state) ... ok
test_warm_wrapper_changes_only_state_and_preserves_order (tests_lm.test_v05_c167_live_warm_reference.V05C167LiveWarmReferenceTests.test_warm_wrapper_changes_only_state_and_preserves_order) ... ok
test_warm_zero_and_one_answer_after_one_real_cycle_decision (tests_lm.test_v05_c167_live_warm_reference.V05C167LiveWarmReferenceTests.test_warm_zero_and_one_answer_after_one_real_cycle_decision) ... ok
test_wrapper_interface_has_no_payload_target_or_action (tests_lm.test_v05_c167_live_warm_reference.V05C167LiveWarmReferenceTests.test_wrapper_interface_has_no_payload_target_or_action) ... ok
test_wrapper_records_actual_initial_digest_and_count (tests_lm.test_v05_c167_live_warm_reference.V05C167LiveWarmReferenceTests.test_wrapper_records_actual_initial_digest_and_count) ... ok
test_wrapper_rejects_base_state_or_clock_drift (tests_lm.test_v05_c167_live_warm_reference.V05C167LiveWarmReferenceTests.test_wrapper_rejects_base_state_or_clock_drift) ... ok
test_wrapper_rejects_missing_source_reference (tests_lm.test_v05_c167_live_warm_reference.V05C167LiveWarmReferenceTests.test_wrapper_rejects_missing_source_reference) ... ok
test_wrapper_rejects_nonboolean_presence (tests_lm.test_v05_c167_live_warm_reference.V05C167LiveWarmReferenceTests.test_wrapper_rejects_nonboolean_presence) ... ok
test_wrong_controller_stop_is_not_overridden (tests_lm.test_v05_c167_live_warm_reference.V05C167LiveWarmReferenceTests.test_wrong_controller_stop_is_not_overridden) ... ok
test_actual_availability_context_is_distinct (tests_lm.test_v05_c168_necessity_observability.C168SourceIntegrationTests.test_actual_availability_context_is_distinct) ... ok
test_actual_capture_clears_stale_zero_and_one (tests_lm.test_v05_c168_necessity_observability.C168SourceIntegrationTests.test_actual_capture_clears_stale_zero_and_one) ... ok
test_actual_capture_preserves_external_clock_and_pays_one_internal_step (tests_lm.test_v05_c168_necessity_observability.C168SourceIntegrationTests.test_actual_capture_preserves_external_clock_and_pays_one_internal_step) ... ok
test_actual_capture_stops_before_forward_and_retrieval (tests_lm.test_v05_c168_necessity_observability.C168SourceIntegrationTests.test_actual_capture_stops_before_forward_and_retrieval) ... ok
test_bit_rejects_bool_none_and_float (tests_lm.test_v05_c168_necessity_observability.C168UnitTests.test_bit_rejects_bool_none_and_float) ... ok
test_capture_interface_excludes_task_and_evaluator (tests_lm.test_v05_c168_necessity_observability.C168UnitTests.test_capture_interface_excludes_task_and_evaluator) ... ok
test_changed_parent_hash_is_rejected_before_read (tests_lm.test_v05_c168_necessity_observability.C168UnitTests.test_changed_parent_hash_is_rejected_before_read) ... ok
test_class_lower_bound_uses_minority_not_pair_count (tests_lm.test_v05_c168_necessity_observability.C168UnitTests.test_class_lower_bound_uses_minority_not_pair_count) ... ok
test_collision_is_retained_as_finite_result (tests_lm.test_v05_c168_necessity_observability.C168UnitTests.test_collision_is_retained_as_finite_result) ... ok
test_fixed_output_is_not_an_observed_b (tests_lm.test_v05_c168_necessity_observability.C168UnitTests.test_fixed_output_is_not_an_observed_b) ... ok
test_labels_and_ids_do_not_enter_input_equivalence (tests_lm.test_v05_c168_necessity_observability.C168UnitTests.test_labels_and_ids_do_not_enter_input_equivalence) ... ok
test_malformed_labels_and_duplicate_ids_are_rejected (tests_lm.test_v05_c168_necessity_observability.C168UnitTests.test_malformed_labels_and_duplicate_ids_are_rejected) ... ok
test_manifest_does_not_contain_hidden_values_or_labels (tests_lm.test_v05_c168_necessity_observability.C168UnitTests.test_manifest_does_not_contain_hidden_values_or_labels) ... ok
test_manifest_has_eight_challenges_four_controls (tests_lm.test_v05_c168_necessity_observability.C168UnitTests.test_manifest_has_eight_challenges_four_controls) ... ok
test_manifest_is_deterministic_and_independent (tests_lm.test_v05_c168_necessity_observability.C168UnitTests.test_manifest_is_deterministic_and_independent) ... ok
test_nan_is_not_silently_serialized (tests_lm.test_v05_c168_necessity_observability.C168UnitTests.test_nan_is_not_silently_serialized) ... ok
test_necessity_changes_with_operator (tests_lm.test_v05_c168_necessity_observability.C168UnitTests.test_necessity_changes_with_operator) ... ok
test_reordering_rows_does_not_change_analysis (tests_lm.test_v05_c168_necessity_observability.C168UnitTests.test_reordering_rows_does_not_change_analysis) ... ok
test_runtime_availability_is_part_of_equivalence (tests_lm.test_v05_c168_necessity_observability.C168UnitTests.test_runtime_availability_is_part_of_equivalence) ... ok
test_separable_inputs_have_zero_lower_bound (tests_lm.test_v05_c168_necessity_observability.C168UnitTests.test_separable_inputs_have_zero_lower_bound) ... ok
test_stale_bit_is_fully_crossed_not_a_proxy_for_known_a (tests_lm.test_v05_c168_necessity_observability.C168UnitTests.test_stale_bit_is_fully_crossed_not_a_proxy_for_known_a) ... ok
test_truth_table_and (tests_lm.test_v05_c168_necessity_observability.C168UnitTests.test_truth_table_and) ... ok
test_truth_table_or (tests_lm.test_v05_c168_necessity_observability.C168UnitTests.test_truth_table_or) ... ok
test_unregistered_operator_is_rejected (tests_lm.test_v05_c168_necessity_observability.C168UnitTests.test_unregistered_operator_is_rejected) ... ok
test_actual_context_and_runtime_authority_are_separate (tests_lm.test_v05_c169_interface_batch.C169IntegrationTests.test_actual_context_and_runtime_authority_are_separate) ... ok
test_actual_cycle_all_six_scripted_action_dispatches (tests_lm.test_v05_c169_interface_batch.C169IntegrationTests.test_actual_cycle_all_six_scripted_action_dispatches) ... ok
test_actual_emitter_observed_bit_and_mismatch_controls (tests_lm.test_v05_c169_interface_batch.C169IntegrationTests.test_actual_emitter_observed_bit_and_mismatch_controls) ... ok
test_actual_feature_prefix_ignores_tail (tests_lm.test_v05_c169_interface_batch.C169IntegrationTests.test_actual_feature_prefix_ignores_tail) ... ok
test_actual_feature_prefix_mean_loses_slot_order (tests_lm.test_v05_c169_interface_batch.C169IntegrationTests.test_actual_feature_prefix_mean_loses_slot_order) ... ok
test_actual_feature_prefix_reads_control_channels (tests_lm.test_v05_c169_interface_batch.C169IntegrationTests.test_actual_feature_prefix_reads_control_channels) ... ok
test_actual_reobservation_preserves_dependency_and_clears_stale (tests_lm.test_v05_c169_interface_batch.C169IntegrationTests.test_actual_reobservation_preserves_dependency_and_clears_stale) ... ok
test_actual_reobservation_probes_keep_reasons_but_collapse_missing_features (tests_lm.test_v05_c169_interface_batch.C169IntegrationTests.test_actual_reobservation_probes_keep_reasons_but_collapse_missing_features) ... ok
test_aggregation_preserves_section_data (tests_lm.test_v05_c169_interface_batch.C169UnitTests.test_aggregation_preserves_section_data) ... ok
test_all_boundary_sections_are_ready_only_without_gaps (tests_lm.test_v05_c169_interface_batch.C169UnitTests.test_all_boundary_sections_are_ready_only_without_gaps) ... ok
test_finite_violation_is_distinct_from_gap (tests_lm.test_v05_c169_interface_batch.C169UnitTests.test_finite_violation_is_distinct_from_gap) ... ok
test_incomplete_reordered_or_duplicate_sections_are_invalid (tests_lm.test_v05_c169_interface_batch.C169UnitTests.test_incomplete_reordered_or_duplicate_sections_are_invalid) ... ok
test_manifest_fixes_zero_learned_work (tests_lm.test_v05_c169_interface_batch.C169UnitTests.test_manifest_fixes_zero_learned_work) ... ok
test_manifest_has_exact_six_sections (tests_lm.test_v05_c169_interface_batch.C169UnitTests.test_manifest_has_exact_six_sections) ... ok
test_manifest_is_canonical_and_contains_no_hidden_answers (tests_lm.test_v05_c169_interface_batch.C169UnitTests.test_manifest_is_canonical_and_contains_no_hidden_answers) ... ok
test_manifest_returns_independent_objects (tests_lm.test_v05_c169_interface_batch.C169UnitTests.test_manifest_returns_independent_objects) ... ok
test_nonfinite_data_is_not_serialized (tests_lm.test_v05_c169_interface_batch.C169UnitTests.test_nonfinite_data_is_not_serialized) ... ok
test_parent_accepts_registered_negative_metadata (tests_lm.test_v05_c169_interface_batch.C169UnitTests.test_parent_accepts_registered_negative_metadata) ... ok
test_parent_hash_checked_before_json (tests_lm.test_v05_c169_interface_batch.C169UnitTests.test_parent_hash_checked_before_json) ... ok
test_parent_rejects_pass_wrong_scope_and_console_extract (tests_lm.test_v05_c169_interface_batch.C169UnitTests.test_parent_rejects_pass_wrong_scope_and_console_extract) ... ok
test_registered_counts_do_not_call_scripted_policy_learned (tests_lm.test_v05_c169_interface_batch.C169UnitTests.test_registered_counts_do_not_call_scripted_policy_learned) ... ok
test_regression_appends_only_current_module (tests_lm.test_v05_c169_interface_batch.C169UnitTests.test_regression_appends_only_current_module) ... ok
test_section_reports_finite_failure_before_boundary_label (tests_lm.test_v05_c169_interface_batch.C169UnitTests.test_section_reports_finite_failure_before_boundary_label) ... ok
test_single_gap_is_not_averaged_away (tests_lm.test_v05_c169_interface_batch.C169UnitTests.test_single_gap_is_not_averaged_away) ... ok
test_01_roundtrip (tests_lm.test_v05_c170_structured_task_input.StructuredInputTests.test_01_roundtrip) ... ok
test_02_zero_not_unknown (tests_lm.test_v05_c170_structured_task_input.StructuredInputTests.test_02_zero_not_unknown) ... ok
test_03_tree_roles_are_not_pooled (tests_lm.test_v05_c170_structured_task_input.StructuredInputTests.test_03_tree_roles_are_not_pooled) ... ok
test_04_leaf_negation_survives (tests_lm.test_v05_c170_structured_task_input.StructuredInputTests.test_04_leaf_negation_survives) ... ok
test_05_repeated_fact_occurrences_preserved (tests_lm.test_v05_c170_structured_task_input.StructuredInputTests.test_05_repeated_fact_occurrences_preserved) ... ok
test_06_disconnected_nodes_rejected (tests_lm.test_v05_c170_structured_task_input.StructuredInputTests.test_06_disconnected_nodes_rejected) ... ok
test_07_unknown_fact_and_forward_children_rejected (tests_lm.test_v05_c170_structured_task_input.StructuredInputTests.test_07_unknown_fact_and_forward_children_rejected) ... ok
test_08_observed_bit_is_not_boolean_or_float (tests_lm.test_v05_c170_structured_task_input.StructuredInputTests.test_08_observed_bit_is_not_boolean_or_float) ... ok
test_09_unusable_payloads_rejected (tests_lm.test_v05_c170_structured_task_input.StructuredInputTests.test_09_unusable_payloads_rejected) ... ok
test_10_unobserved_support_rejected (tests_lm.test_v05_c170_structured_task_input.StructuredInputTests.test_10_unobserved_support_rejected) ... ok
test_11_conflict_retains_two_distinct_identities (tests_lm.test_v05_c170_structured_task_input.StructuredInputTests.test_11_conflict_retains_two_distinct_identities) ... ok
test_12_duplicate_fact_ids_rejected (tests_lm.test_v05_c170_structured_task_input.StructuredInputTests.test_12_duplicate_fact_ids_rejected) ... ok
test_13_mutable_containers_rejected (tests_lm.test_v05_c170_structured_task_input.StructuredInputTests.test_13_mutable_containers_rejected) ... ok
test_14_bounds_fail_closed (tests_lm.test_v05_c170_structured_task_input.StructuredInputTests.test_14_bounds_fail_closed) ... ok
test_15_resource_flags_are_explicit_booleans (tests_lm.test_v05_c170_structured_task_input.StructuredInputTests.test_15_resource_flags_are_explicit_booleans) ... ok
test_16_no_oracle_arguments (tests_lm.test_v05_c170_structured_task_input.StructuredInputTests.test_16_no_oracle_arguments) ... ok
test_17_unknown_payload_placeholder_rejected (tests_lm.test_v05_c170_structured_task_input.StructuredInputTests.test_17_unknown_payload_placeholder_rejected) ... ok
test_18_nonzero_padding_rejected (tests_lm.test_v05_c170_structured_task_input.StructuredInputTests.test_18_nonzero_padding_rejected) ... ok
test_19_boolean_feature_rejected (tests_lm.test_v05_c170_structured_task_input.StructuredInputTests.test_19_boolean_feature_rejected) ... ok
test_20_status_codes_checked (tests_lm.test_v05_c170_structured_task_input.StructuredInputTests.test_20_status_codes_checked) ... ok
test_21_schema_mismatch_rejected (tests_lm.test_v05_c170_structured_task_input.StructuredInputTests.test_21_schema_mismatch_rejected) ... ok
test_22_binding_count_checked (tests_lm.test_v05_c170_structured_task_input.StructuredInputTests.test_22_binding_count_checked) ... ok
test_23_integer_range_exact_for_float32 (tests_lm.test_v05_c170_structured_task_input.StructuredInputTests.test_23_integer_range_exact_for_float32) ... ok
test_24_actual_consumer_receives_complete_vector (tests_lm.test_v05_c170_structured_task_input.StructuredInputTests.test_24_actual_consumer_receives_complete_vector) ... ok
test_25_legacy_consumer_not_silently_adapted (tests_lm.test_v05_c170_structured_task_input.StructuredInputTests.test_25_legacy_consumer_not_silently_adapted) ... ok
test_26_packet_and_view_immutable (tests_lm.test_v05_c170_structured_task_input.StructuredInputTests.test_26_packet_and_view_immutable) ... ok
test_27_bindings_are_separate_from_numeric_task (tests_lm.test_v05_c170_structured_task_input.StructuredInputTests.test_27_bindings_are_separate_from_numeric_task) ... ok
test_28_all_runtime_outcomes_roundtrip (tests_lm.test_v05_c170_structured_task_input.StructuredInputTests.test_28_all_runtime_outcomes_roundtrip) ... ok
test_29_scope_binding_rejected (tests_lm.test_v05_c170_structured_task_input.StructuredInputTests.test_29_scope_binding_rejected) ... ok
test_30_plan_is_deterministic_and_label_free (tests_lm.test_v05_c170_structured_task_input.StructuredInputTests.test_30_plan_is_deterministic_and_label_free) ... ok
test_31_template_assignment_counts (tests_lm.test_v05_c170_structured_task_input.StructuredInputTests.test_31_template_assignment_counts) ... ok
test_32_operator_and_known_fact_reach_numeric_input (tests_lm.test_v05_c170_structured_task_input.StructuredInputTests.test_32_operator_and_known_fact_reach_numeric_input) ... ok
test_33_resource_grid_complete (tests_lm.test_v05_c170_structured_task_input.StructuredInputTests.test_33_resource_grid_complete) ... ok
test_34_status_grid_complete_and_safe (tests_lm.test_v05_c170_structured_task_input.StructuredInputTests.test_34_status_grid_complete_and_safe) ... ok
test_35_all_registered_malformed_controls (tests_lm.test_v05_c170_structured_task_input.StructuredInputTests.test_35_all_registered_malformed_controls) ... ok
test_36_gate_rejects_collisions_coverage_and_missing_guards (tests_lm.test_v05_c170_structured_task_input.StructuredInputTests.test_36_gate_rejects_collisions_coverage_and_missing_guards) ... ok
test_01_observed_zero_leaf (tests_lm.test_v05_c171_derived_result.DerivedResultTests.test_01_observed_zero_leaf) ... ok
test_02_observed_one_leaf (tests_lm.test_v05_c171_derived_result.DerivedResultTests.test_02_observed_one_leaf) ... ok
test_03_leaf_negation (tests_lm.test_v05_c171_derived_result.DerivedResultTests.test_03_leaf_negation) ... ok
test_04_and_both (tests_lm.test_v05_c171_derived_result.DerivedResultTests.test_04_and_both) ... ok
test_05_or_both (tests_lm.test_v05_c171_derived_result.DerivedResultTests.test_05_or_both) ... ok
test_06_and_left_short (tests_lm.test_v05_c171_derived_result.DerivedResultTests.test_06_and_left_short) ... ok
test_07_and_right_short (tests_lm.test_v05_c171_derived_result.DerivedResultTests.test_07_and_right_short) ... ok
test_08_or_left_short (tests_lm.test_v05_c171_derived_result.DerivedResultTests.test_08_or_left_short) ... ok
test_09_or_right_short (tests_lm.test_v05_c171_derived_result.DerivedResultTests.test_09_or_right_short) ... ok
test_10_unknown_is_not_observation (tests_lm.test_v05_c171_derived_result.DerivedResultTests.test_10_unknown_is_not_observation) ... ok
test_11_nested_proof (tests_lm.test_v05_c171_derived_result.DerivedResultTests.test_11_nested_proof) ... ok
test_12_repeated_fact_uses_one_support (tests_lm.test_v05_c171_derived_result.DerivedResultTests.test_12_repeated_fact_uses_one_support) ... ok
test_13_malformed_grid (tests_lm.test_v05_c171_derived_result.DerivedResultTests.test_13_malformed_grid) ... ok
test_14_unusable_support_statuses (tests_lm.test_v05_c171_derived_result.DerivedResultTests.test_14_unusable_support_statuses) ... ok
test_15_changed_current_views_reject (tests_lm.test_v05_c171_derived_result.DerivedResultTests.test_15_changed_current_views_reject) ... ok
test_16_resources_are_not_evidence (tests_lm.test_v05_c171_derived_result.DerivedResultTests.test_16_resources_are_not_evidence) ... ok
test_17_verification_capacity (tests_lm.test_v05_c171_derived_result.DerivedResultTests.test_17_verification_capacity) ... ok
test_18_noncanonical_node_order (tests_lm.test_v05_c171_derived_result.DerivedResultTests.test_18_noncanonical_node_order) ... ok
test_19_wrong_branch_premise (tests_lm.test_v05_c171_derived_result.DerivedResultTests.test_19_wrong_branch_premise) ... ok
test_20_leaf_value_disagreement (tests_lm.test_v05_c171_derived_result.DerivedResultTests.test_20_leaf_value_disagreement) ... ok
test_21_unused_proof_step (tests_lm.test_v05_c171_derived_result.DerivedResultTests.test_21_unused_proof_step) ... ok
test_22_unused_support (tests_lm.test_v05_c171_derived_result.DerivedResultTests.test_22_unused_support) ... ok
test_23_noncanonical_support_order (tests_lm.test_v05_c171_derived_result.DerivedResultTests.test_23_noncanonical_support_order) ... ok
test_24_invalid_capacity_is_configuration_error (tests_lm.test_v05_c171_derived_result.DerivedResultTests.test_24_invalid_capacity_is_configuration_error) ... ok
test_25_invalid_current_view_is_not_a_candidate_error (tests_lm.test_v05_c171_derived_result.DerivedResultTests.test_25_invalid_current_view_is_not_a_candidate_error) ... ok
test_26_unobserved_leaf_no_proof (tests_lm.test_v05_c171_derived_result.DerivedResultTests.test_26_unobserved_leaf_no_proof) ... ok
test_27_local_proofs_are_not_complete_boolean_solver (tests_lm.test_v05_c171_derived_result.DerivedResultTests.test_27_local_proofs_are_not_complete_boolean_solver) ... ok
test_28_arbitrary_candidate_mapping_rejected (tests_lm.test_v05_c171_derived_result.DerivedResultTests.test_28_arbitrary_candidate_mapping_rejected) ... ok
test_29_immutable_objects (tests_lm.test_v05_c171_derived_result.DerivedResultTests.test_29_immutable_objects) ... ok
test_30_serialization_preserves_zero_none (tests_lm.test_v05_c171_derived_result.DerivedResultTests.test_30_serialization_preserves_zero_none) ... ok
test_31_template_assignment_scope (tests_lm.test_v05_c171_derived_result.DerivedResultTests.test_31_template_assignment_scope) ... ok
test_32_manifest_hash_and_count (tests_lm.test_v05_c171_derived_result.DerivedResultTests.test_32_manifest_hash_and_count) ... ok
test_33_gate_does_not_mask_failures (tests_lm.test_v05_c171_derived_result.DerivedResultTests.test_33_gate_does_not_mask_failures) ... ok
test_34_no_oracle_argument (tests_lm.test_v05_c171_derived_result.DerivedResultTests.test_34_no_oracle_argument) ... ok
test_35_reversed_ast_child_order_supported (tests_lm.test_v05_c171_derived_result.DerivedResultTests.test_35_reversed_ast_child_order_supported) ... ok
test_36_root_rule_cannot_prove_from_noncontrolling_value (tests_lm.test_v05_c171_derived_result.DerivedResultTests.test_36_root_rule_cannot_prove_from_noncontrolling_value) ... ok
test_01_names_are_not_legacy_indices (tests_lm.test_v05_c172_action_runtime.ActionRuntimeTests.test_01_names_are_not_legacy_indices) ... ok
test_02_stage_is_unverified_without_solver (tests_lm.test_v05_c172_action_runtime.ActionRuntimeTests.test_02_stage_is_unverified_without_solver) ... ok
test_03_answer_accepts_valid_zero_and_one (tests_lm.test_v05_c172_action_runtime.ActionRuntimeTests.test_03_answer_accepts_valid_zero_and_one) ... ok
test_04_answer_rejects_wrong_conclusion (tests_lm.test_v05_c172_action_runtime.ActionRuntimeTests.test_04_answer_rejects_wrong_conclusion) ... ok
test_05_unprepared_answer_is_not_fabricated (tests_lm.test_v05_c172_action_runtime.ActionRuntimeTests.test_05_unprepared_answer_is_not_fabricated) ... ok
test_06_stop_at_zero_internal (tests_lm.test_v05_c172_action_runtime.ActionRuntimeTests.test_06_stop_at_zero_internal) ... ok
test_07_all_external_actions_reserve_not_observe (tests_lm.test_v05_c172_action_runtime.ActionRuntimeTests.test_07_all_external_actions_reserve_not_observe) ... ok
test_08_permission_denial_before_availability (tests_lm.test_v05_c172_action_runtime.ActionRuntimeTests.test_08_permission_denial_before_availability) ... ok
test_09_unavailable_provider (tests_lm.test_v05_c172_action_runtime.ActionRuntimeTests.test_09_unavailable_provider) ... ok
test_10_acquisition_budget_zero (tests_lm.test_v05_c172_action_runtime.ActionRuntimeTests.test_10_acquisition_budget_zero) ... ok
test_11_internal_budget_zero (tests_lm.test_v05_c172_action_runtime.ActionRuntimeTests.test_11_internal_budget_zero) ... ok
test_12_known_fact_is_not_reacquired (tests_lm.test_v05_c172_action_runtime.ActionRuntimeTests.test_12_known_fact_is_not_reacquired) ... ok
test_13_exact_proposal_replay_is_stale (tests_lm.test_v05_c172_action_runtime.ActionRuntimeTests.test_13_exact_proposal_replay_is_stale) ... ok
test_14_pending_blocks_fresh_duplicate (tests_lm.test_v05_c172_action_runtime.ActionRuntimeTests.test_14_pending_blocks_fresh_duplicate) ... ok
test_15_pending_blocks_cross_tool (tests_lm.test_v05_c172_action_runtime.ActionRuntimeTests.test_15_pending_blocks_cross_tool) ... ok
test_16_pending_blocks_compute (tests_lm.test_v05_c172_action_runtime.ActionRuntimeTests.test_16_pending_blocks_compute) ... ok
test_17_stop_cancels_without_refund (tests_lm.test_v05_c172_action_runtime.ActionRuntimeTests.test_17_stop_cancels_without_refund) ... ok
test_18_closed_cannot_restart (tests_lm.test_v05_c172_action_runtime.ActionRuntimeTests.test_18_closed_cannot_restart) ... ok
test_19_state_binding_covers_resources (tests_lm.test_v05_c172_action_runtime.ActionRuntimeTests.test_19_state_binding_covers_resources) ... ok
test_20_state_binding_covers_evidence (tests_lm.test_v05_c172_action_runtime.ActionRuntimeTests.test_20_state_binding_covers_evidence) ... ok
test_21_state_binding_covers_expression (tests_lm.test_v05_c172_action_runtime.ActionRuntimeTests.test_21_state_binding_covers_expression) ... ok
test_22_scope_binding (tests_lm.test_v05_c172_action_runtime.ActionRuntimeTests.test_22_scope_binding) ... ok
test_23_numeric_target_type (tests_lm.test_v05_c172_action_runtime.ActionRuntimeTests.test_23_numeric_target_type) ... ok
test_24_malformed_proposals_no_state_change (tests_lm.test_v05_c172_action_runtime.ActionRuntimeTests.test_24_malformed_proposals_no_state_change) ... ok
test_25_immutable_candidate_container (tests_lm.test_v05_c172_action_runtime.ActionRuntimeTests.test_25_immutable_candidate_container) ... ok
test_26_noncanonical_current_view_is_configuration_error (tests_lm.test_v05_c172_action_runtime.ActionRuntimeTests.test_26_noncanonical_current_view_is_configuration_error) ... ok
test_27_verification_capacity_no_hidden_debit (tests_lm.test_v05_c172_action_runtime.ActionRuntimeTests.test_27_verification_capacity_no_hidden_debit) ... ok
test_28_exact_remaining_verification_budget (tests_lm.test_v05_c172_action_runtime.ActionRuntimeTests.test_28_exact_remaining_verification_budget) ... ok
test_29_explicit_capacity_remains_binding (tests_lm.test_v05_c172_action_runtime.ActionRuntimeTests.test_29_explicit_capacity_remains_binding) ... ok
test_30_verifier_configuration_types (tests_lm.test_v05_c172_action_runtime.ActionRuntimeTests.test_30_verifier_configuration_types) ... ok
test_31_version_bound (tests_lm.test_v05_c172_action_runtime.ActionRuntimeTests.test_31_version_bound) ... ok
test_32_internal_step_bound (tests_lm.test_v05_c172_action_runtime.ActionRuntimeTests.test_32_internal_step_bound) ... ok
test_33_readonly_inputs_and_bindings (tests_lm.test_v05_c172_action_runtime.ActionRuntimeTests.test_33_readonly_inputs_and_bindings) ... ok
test_34_output_json_zero_and_none (tests_lm.test_v05_c172_action_runtime.ActionRuntimeTests.test_34_output_json_zero_and_none) ... ok
test_35_manifest_counts_and_hash (tests_lm.test_v05_c172_action_runtime.ActionRuntimeTests.test_35_manifest_counts_and_hash) ... ok
test_36_gate_rejects_finite_failures (tests_lm.test_v05_c172_action_runtime.ActionRuntimeTests.test_36_gate_rejects_finite_failures) ... ok
test_37_no_oracle_or_provider_parameter (tests_lm.test_v05_c172_action_runtime.ActionRuntimeTests.test_37_no_oracle_or_provider_parameter) ... ok
test_38_stale_fixture_coverage (tests_lm.test_v05_c172_action_runtime.ActionRuntimeTests.test_38_stale_fixture_coverage) ... ok
test_39_unusable_fact_reservation_is_not_observation (tests_lm.test_v05_c172_action_runtime.ActionRuntimeTests.test_39_unusable_fact_reservation_is_not_observation) ... ok
test_40_staged_evidence_is_rechecked_at_answer (tests_lm.test_v05_c172_action_runtime.ActionRuntimeTests.test_40_staged_evidence_is_rechecked_at_answer) ... ok
test_01_zero_is_published (tests_lm.test_v05_c173_acquisition_lifecycle.C173Tests.test_01_zero_is_published) ... ok
test_02_one_is_published (tests_lm.test_v05_c173_acquisition_lifecycle.C173Tests.test_02_one_is_published) ... ok
test_03_all_named_tools_use_only_registered_callback (tests_lm.test_v05_c173_acquisition_lifecycle.C173Tests.test_03_all_named_tools_use_only_registered_callback) ... ok
test_04_epoch_and_other_facts_preserved (tests_lm.test_v05_c173_acquisition_lifecycle.C173Tests.test_04_epoch_and_other_facts_preserved) ... ok
test_05_reservation_not_charged_twice (tests_lm.test_v05_c173_acquisition_lifecycle.C173Tests.test_05_reservation_not_charged_twice) ... ok
test_06_duplicate_dispatch_does_not_read_again (tests_lm.test_v05_c173_acquisition_lifecycle.C173Tests.test_06_duplicate_dispatch_does_not_read_again) ... ok
test_07_permission_revocation_prevents_read (tests_lm.test_v05_c173_acquisition_lifecycle.C173Tests.test_07_permission_revocation_prevents_read) ... ok
test_08_availability_revocation_prevents_read (tests_lm.test_v05_c173_acquisition_lifecycle.C173Tests.test_08_availability_revocation_prevents_read) ... ok
test_09_zero_and_one_internal_budget_prevent_side_effect (tests_lm.test_v05_c173_acquisition_lifecycle.C173Tests.test_09_zero_and_one_internal_budget_prevent_side_effect) ... ok
test_10_stale_expression_clears_intent_without_io (tests_lm.test_v05_c173_acquisition_lifecycle.C173Tests.test_10_stale_expression_clears_intent_without_io) ... ok
test_11_stale_fact_is_detected (tests_lm.test_v05_c173_acquisition_lifecycle.C173Tests.test_11_stale_fact_is_detected) ... ok
test_12_wrong_intent_does_not_cancel_real_one (tests_lm.test_v05_c173_acquisition_lifecycle.C173Tests.test_12_wrong_intent_does_not_cancel_real_one) ... ok
test_13_stop_blocks_dispatch_without_refund (tests_lm.test_v05_c173_acquisition_lifecycle.C173Tests.test_13_stop_blocks_dispatch_without_refund) ... ok
test_14_missing_delivery_has_no_payload (tests_lm.test_v05_c173_acquisition_lifecycle.C173Tests.test_14_missing_delivery_has_no_payload) ... ok
test_15_delivery_bindings_reject_changed_fields (tests_lm.test_v05_c173_acquisition_lifecycle.C173Tests.test_15_delivery_bindings_reject_changed_fields) ... ok
test_16_payload_types_and_reference_reject (tests_lm.test_v05_c173_acquisition_lifecycle.C173Tests.test_16_payload_types_and_reference_reject) ... ok
test_17_valid_bit_flip_is_checked_against_source_witness (tests_lm.test_v05_c173_acquisition_lifecycle.C173Tests.test_17_valid_bit_flip_is_checked_against_source_witness) ... ok
test_18_false_missing_cannot_override_real_record (tests_lm.test_v05_c173_acquisition_lifecycle.C173Tests.test_18_false_missing_cannot_override_real_record) ... ok
test_19_provider_failure_closes_attempt_without_refund (tests_lm.test_v05_c173_acquisition_lifecycle.C173Tests.test_19_provider_failure_closes_attempt_without_refund) ... ok
test_20_unexpected_exception_consumes_attempt_then_propagates (tests_lm.test_v05_c173_acquisition_lifecycle.C173Tests.test_20_unexpected_exception_consumes_attempt_then_propagates) ... ok
test_21_source_hash_mismatch_rejected (tests_lm.test_v05_c173_acquisition_lifecycle.C173Tests.test_21_source_hash_mismatch_rejected) ... ok
test_22_malformed_sources_rejected (tests_lm.test_v05_c173_acquisition_lifecycle.C173Tests.test_22_malformed_sources_rejected) ... ok
test_23_oversized_read_is_bounded (tests_lm.test_v05_c173_acquisition_lifecycle.C173Tests.test_23_oversized_read_is_bounded) ... ok
test_24_missing_record_is_not_zero_or_nonexistence (tests_lm.test_v05_c173_acquisition_lifecycle.C173Tests.test_24_missing_record_is_not_zero_or_nonexistence) ... ok
test_25_source_witness_not_exposed_in_receipts_or_policy (tests_lm.test_v05_c173_acquisition_lifecycle.C173Tests.test_25_source_witness_not_exposed_in_receipts_or_policy) ... ok
test_26_admission_invalidates_staged_candidate (tests_lm.test_v05_c173_acquisition_lifecycle.C173Tests.test_26_admission_invalidates_staged_candidate) ... ok
test_27_old_proof_rejects_after_fact_update (tests_lm.test_v05_c173_acquisition_lifecycle.C173Tests.test_27_old_proof_rejects_after_fact_update) ... ok
test_28_new_proof_uses_actual_admitted_fact (tests_lm.test_v05_c173_acquisition_lifecycle.C173Tests.test_28_new_proof_uses_actual_admitted_fact) ... ok
test_29_reentrant_dispatch_and_action_cannot_execute (tests_lm.test_v05_c173_acquisition_lifecycle.C173Tests.test_29_reentrant_dispatch_and_action_cannot_execute) ... ok
test_30_replayed_delivery_cannot_populate_other_target (tests_lm.test_v05_c173_acquisition_lifecycle.C173Tests.test_30_replayed_delivery_cannot_populate_other_target) ... ok
test_31_dispatch_limit_is_hard (tests_lm.test_v05_c173_acquisition_lifecycle.C173Tests.test_31_dispatch_limit_is_hard) ... ok
test_32_refresh_cannot_refill_or_run_during_dispatch (tests_lm.test_v05_c173_acquisition_lifecycle.C173Tests.test_32_refresh_cannot_refill_or_run_during_dispatch) ... ok
test_33_missing_endpoint_and_epoch_fail_before_io (tests_lm.test_v05_c173_acquisition_lifecycle.C173Tests.test_33_missing_endpoint_and_epoch_fail_before_io) ... ok
test_34_strict_bindings_and_witness_shape (tests_lm.test_v05_c173_acquisition_lifecycle.C173Tests.test_34_strict_bindings_and_witness_shape) ... ok
test_35_manifest_and_group_totals_are_fixed (tests_lm.test_v05_c173_acquisition_lifecycle.C173Tests.test_35_manifest_and_group_totals_are_fixed) ... ok
test_36_gate_checks_every_deciding_count (tests_lm.test_v05_c173_acquisition_lifecycle.C173Tests.test_36_gate_checks_every_deciding_count) ... ok
test_01_exact_dependency_copy (tests_lm.test_v05_c174_learned_necessity.C174Tests.test_01_exact_dependency_copy) ... ok
test_02_registered_profile_and_data_hash (tests_lm.test_v05_c174_learned_necessity.C174Tests.test_02_registered_profile_and_data_hash) ... ok
test_03_structure_count_and_unique_syntax (tests_lm.test_v05_c174_learned_necessity.C174Tests.test_03_structure_count_and_unique_syntax) ... ok
test_04_all_shapes_are_valid_read_once (tests_lm.test_v05_c174_learned_necessity.C174Tests.test_04_all_shapes_are_valid_read_once) ... ok
test_05_hand_checked_necessity_cases (tests_lm.test_v05_c174_learned_necessity.C174Tests.test_05_hand_checked_necessity_cases) ... ok
test_06_all_observed_always_sufficient (tests_lm.test_v05_c174_learned_necessity.C174Tests.test_06_all_observed_always_sufficient) ... ok
test_07_all_unknown_read_once_needs_observation (tests_lm.test_v05_c174_learned_necessity.C174Tests.test_07_all_unknown_read_once_needs_observation) ... ok
test_08_variable_permutations_share_semantic_group (tests_lm.test_v05_c174_learned_necessity.C174Tests.test_08_variable_permutations_share_semantic_group) ... ok
test_09_train_eval_have_no_semantic_group_overlap (tests_lm.test_v05_c174_learned_necessity.C174Tests.test_09_train_eval_have_no_semantic_group_overlap) ... ok
test_10_known_development_groups_never_eval (tests_lm.test_v05_c174_learned_necessity.C174Tests.test_10_known_development_groups_never_eval) ... ok
test_11_every_template_assignment_stays_in_one_split (tests_lm.test_v05_c174_learned_necessity.C174Tests.test_11_every_template_assignment_stays_in_one_split) ... ok
test_12_no_unknown_value_in_features (tests_lm.test_v05_c174_learned_necessity.C174Tests.test_12_no_unknown_value_in_features) ... ok
test_13_model_parameter_count_and_raw_shape (tests_lm.test_v05_c174_learned_necessity.C174Tests.test_13_model_parameter_count_and_raw_shape) ... ok
test_14_bad_model_shape_or_dtype_is_rejected (tests_lm.test_v05_c174_learned_necessity.C174Tests.test_14_bad_model_shape_or_dtype_is_rejected) ... ok
test_15_packet_schema_is_checked (tests_lm.test_v05_c174_learned_necessity.C174Tests.test_15_packet_schema_is_checked) ... ok
test_16_numeric_input_excludes_opaque_binding_names (tests_lm.test_v05_c174_learned_necessity.C174Tests.test_16_numeric_input_excludes_opaque_binding_names) ... ok
test_17_ablation_changes_only_node_fields_and_preserves_input (tests_lm.test_v05_c174_learned_necessity.C174Tests.test_17_ablation_changes_only_node_fields_and_preserves_input) ... ok
test_18_operator_changes_reach_full_but_not_ablated_input (tests_lm.test_v05_c174_learned_necessity.C174Tests.test_18_operator_changes_reach_full_but_not_ablated_input) ... ok
test_19_fixed_scales_and_modes (tests_lm.test_v05_c174_learned_necessity.C174Tests.test_19_fixed_scales_and_modes) ... ok
test_20_fit_signature_has_train_inputs_only (tests_lm.test_v05_c174_learned_necessity.C174Tests.test_20_fit_signature_has_train_inputs_only) ... ok
test_21_tiny_train_is_deterministic_and_initial_preserved (tests_lm.test_v05_c174_learned_necessity.C174Tests.test_21_tiny_train_is_deterministic_and_initial_preserved) ... ok
test_22_paired_sampling_ignores_input_values (tests_lm.test_v05_c174_learned_necessity.C174Tests.test_22_paired_sampling_ignores_input_values) ... ok
test_23_invalid_training_input_rejected (tests_lm.test_v05_c174_learned_necessity.C174Tests.test_23_invalid_training_input_rejected) ... ok
test_24_checkpoint_roundtrip_weights_only (tests_lm.test_v05_c174_learned_necessity.C174Tests.test_24_checkpoint_roundtrip_weights_only) ... ok
test_25_prediction_has_no_state_or_label_mutation (tests_lm.test_v05_c174_learned_necessity.C174Tests.test_25_prediction_has_no_state_or_label_mutation) ... ok
test_26_macro_metric_keeps_function_groups_separate (tests_lm.test_v05_c174_learned_necessity.C174Tests.test_26_macro_metric_keeps_function_groups_separate) ... ok
test_27_class_collapse_has_chance_balanced_accuracy (tests_lm.test_v05_c174_learned_necessity.C174Tests.test_27_class_collapse_has_chance_balanced_accuracy) ... ok
test_28_gate_requires_each_seed_and_paired_controls (tests_lm.test_v05_c174_learned_necessity.C174Tests.test_28_gate_requires_each_seed_and_paired_controls) ... ok
test_29_gate_rejects_ties_or_one_class_collapse (tests_lm.test_v05_c174_learned_necessity.C174Tests.test_29_gate_rejects_ties_or_one_class_collapse) ... ok
test_30_manifest_is_frozen (tests_lm.test_v05_c174_learned_necessity.C174Tests.test_30_manifest_is_frozen) ... ok
test_31_npz_is_non_pickle_and_roundtrips (tests_lm.test_v05_c174_learned_necessity.C174Tests.test_31_npz_is_non_pickle_and_roundtrips) ... ok
test_32_confusion_denominators_and_wrong_shapes (tests_lm.test_v05_c174_learned_necessity.C174Tests.test_32_confusion_denominators_and_wrong_shapes) ... ok
test_01_only_syntax_fields_excluded (tests_lm.test_v05_c175_frozen_prediction_audit.C175Tests.test_01_only_syntax_fields_excluded) ... ok
test_02_facts_and_resources_are_retained (tests_lm.test_v05_c175_frozen_prediction_audit.C175Tests.test_02_facts_and_resources_are_retained) ... ok
test_03_majority_and_tie_zero (tests_lm.test_v05_c175_frozen_prediction_audit.C175Tests.test_03_majority_and_tie_zero) ... ok
test_04_reference_interface_has_only_train_inputs (tests_lm.test_v05_c175_frozen_prediction_audit.C175Tests.test_04_reference_interface_has_only_train_inputs) ... ok
test_05_unseen_key_has_no_fallback (tests_lm.test_v05_c175_frozen_prediction_audit.C175Tests.test_05_unseen_key_has_no_fallback) ... ok
test_06_reference_preserves_inputs (tests_lm.test_v05_c175_frozen_prediction_audit.C175Tests.test_06_reference_preserves_inputs) ... ok
test_07_single_class_strata_have_null_ba (tests_lm.test_v05_c175_frozen_prediction_audit.C175Tests.test_07_single_class_strata_have_null_ba) ... ok
test_08_group_mean_not_row_weighted (tests_lm.test_v05_c175_frozen_prediction_audit.C175Tests.test_08_group_mean_not_row_weighted) ... ok
test_09_metric_replay_checks_confusion (tests_lm.test_v05_c175_frozen_prediction_audit.C175Tests.test_09_metric_replay_checks_confusion) ... ok
test_10_invalid_metric_input_rejected (tests_lm.test_v05_c175_frozen_prediction_audit.C175Tests.test_10_invalid_metric_input_rejected) ... ok
test_11_constant_blind_prediction_cannot_solve_both (tests_lm.test_v05_c175_frozen_prediction_audit.C175Tests.test_11_constant_blind_prediction_cannot_solve_both) ... ok
test_12_counterfactual_counts_preserve_correlations (tests_lm.test_v05_c175_frozen_prediction_audit.C175Tests.test_12_counterfactual_counts_preserve_correlations) ... ok
test_13_gate_requires_each_seed_and_strict_gain (tests_lm.test_v05_c175_frozen_prediction_audit.C175Tests.test_13_gate_requires_each_seed_and_strict_gain) ... ok
test_14_manifest_fixed_and_zero_model_work (tests_lm.test_v05_c175_frozen_prediction_audit.C175Tests.test_14_manifest_fixed_and_zero_model_work) ... ok
test_15_safe_relative_paths (tests_lm.test_v05_c175_frozen_prediction_audit.C175Tests.test_15_safe_relative_paths) ... ok
test_16_duplicate_nonfinite_json_rejected (tests_lm.test_v05_c175_frozen_prediction_audit.C175Tests.test_16_duplicate_nonfinite_json_rejected) ... ok
test_17_npz_never_unpickles (tests_lm.test_v05_c175_frozen_prediction_audit.C175Tests.test_17_npz_never_unpickles) ... ok
test_18_real_standalone_git_paths_and_tamper (tests_lm.test_v05_c175_frozen_prediction_audit.C175Tests.test_18_real_standalone_git_paths_and_tamper) ... ok
test_19_parent_hash_checked_before_parse (tests_lm.test_v05_c175_frozen_prediction_audit.C175Tests.test_19_parent_hash_checked_before_parse) ... ok
test_20_artifact_hashes_and_exact_set (tests_lm.test_v05_c175_frozen_prediction_audit.C175Tests.test_20_artifact_hashes_and_exact_set) ... ok
test_01_missing_count_uses_only_presence (tests_lm.test_v05_c176_conditional_loss.C176Tests.test_01_missing_count_uses_only_presence) ... ok
test_02_bad_presence_schema (tests_lm.test_v05_c176_conditional_loss.C176Tests.test_02_bad_presence_schema) ... ok
test_03_zero_payload_is_not_missing (tests_lm.test_v05_c176_conditional_loss.C176Tests.test_03_zero_payload_is_not_missing) ... ok
test_04_exact_conditional_formula (tests_lm.test_v05_c176_conditional_loss.C176Tests.test_04_exact_conditional_formula) ... ok
test_05_each_stratum_mass_preserved (tests_lm.test_v05_c176_conditional_loss.C176Tests.test_05_each_stratum_mass_preserved) ... ok
test_06_mixed_classes_have_equal_total_weight (tests_lm.test_v05_c176_conditional_loss.C176Tests.test_06_mixed_classes_have_equal_total_weight) ... ok
test_07_pure_strata_keep_unit_weight (tests_lm.test_v05_c176_conditional_loss.C176Tests.test_07_pure_strata_keep_unit_weight) ... ok
test_08_absent_strata_do_not_invent_rows (tests_lm.test_v05_c176_conditional_loss.C176Tests.test_08_absent_strata_do_not_invent_rows) ... ok
test_09_row_permutation_equivariance (tests_lm.test_v05_c176_conditional_loss.C176Tests.test_09_row_permutation_equivariance) ... ok
test_10_bad_labels_or_counts (tests_lm.test_v05_c176_conditional_loss.C176Tests.test_10_bad_labels_or_counts) ... ok
test_11_bad_shapes_and_empty (tests_lm.test_v05_c176_conditional_loss.C176Tests.test_11_bad_shapes_and_empty) ... ok
test_12_training_arrays_immutable (tests_lm.test_v05_c176_conditional_loss.C176Tests.test_12_training_arrays_immutable) ... ok
test_13_registered_counts_mass (tests_lm.test_v05_c176_conditional_loss.C176Tests.test_13_registered_counts_mass) ... ok
test_14_unit_loss_matches_ordinary_ce (tests_lm.test_v05_c176_conditional_loss.C176Tests.test_14_unit_loss_matches_ordinary_ce) ... ok
test_15_divisor_is_batch_length_not_weight_sum (tests_lm.test_v05_c176_conditional_loss.C176Tests.test_15_divisor_is_batch_length_not_weight_sum) ... ok
test_16_weighted_gradient_matches_formula (tests_lm.test_v05_c176_conditional_loss.C176Tests.test_16_weighted_gradient_matches_formula) ... ok
test_17_nonpositive_and_nonfinite_weights_rejected (tests_lm.test_v05_c176_conditional_loss.C176Tests.test_17_nonpositive_and_nonfinite_weights_rejected) ... ok
test_18_bad_loss_labels_and_types (tests_lm.test_v05_c176_conditional_loss.C176Tests.test_18_bad_loss_labels_and_types) ... ok
test_19_toy_fit_deterministic (tests_lm.test_v05_c176_conditional_loss.C176Tests.test_19_toy_fit_deterministic) ... ok
test_20_fit_preserves_initial_and_inputs (tests_lm.test_v05_c176_conditional_loss.C176Tests.test_20_fit_preserves_initial_and_inputs) ... ok
test_21_pair_has_same_batches_with_different_weights (tests_lm.test_v05_c176_conditional_loss.C176Tests.test_21_pair_has_same_batches_with_different_weights) ... ok
test_22_weights_change_updates_not_capacity (tests_lm.test_v05_c176_conditional_loss.C176Tests.test_22_weights_change_updates_not_capacity) ... ok
test_23_fit_rejects_invalid_setup (tests_lm.test_v05_c176_conditional_loss.C176Tests.test_23_fit_rejects_invalid_setup) ... ok
test_24_gate_each_seed_and_pair_integrity (tests_lm.test_v05_c176_conditional_loss.C176Tests.test_24_gate_each_seed_and_pair_integrity) ... ok
test_25_gate_strict_target_improvement (tests_lm.test_v05_c176_conditional_loss.C176Tests.test_25_gate_strict_target_improvement) ... ok
test_26_gate_original_score_no_drop_and_no_class_collapse (tests_lm.test_v05_c176_conditional_loss.C176Tests.test_26_gate_original_score_no_drop_and_no_class_collapse) ... ok
test_27_regression_list_is_additive (tests_lm.test_v05_c176_conditional_loss.C176Tests.test_27_regression_list_is_additive) ... ok
test_28_manifest_and_workload_frozen (tests_lm.test_v05_c176_conditional_loss.C176Tests.test_28_manifest_and_workload_frozen) ... ok
test_01_perfect_order (tests_lm.test_v05_c177_frozen_score_order.C177Tests.test_01_perfect_order) ... ok
test_02_reverse_order (tests_lm.test_v05_c177_frozen_score_order.C177Tests.test_02_reverse_order) ... ok
test_03_ties_half_credit (tests_lm.test_v05_c177_frozen_score_order.C177Tests.test_03_ties_half_credit) ... ok
test_04_brute_force_agreement (tests_lm.test_v05_c177_frozen_score_order.C177Tests.test_04_brute_force_agreement) ... ok
test_05_permutation_invariance (tests_lm.test_v05_c177_frozen_score_order.C177Tests.test_05_permutation_invariance) ... ok
test_06_pure_class_auc_is_null (tests_lm.test_v05_c177_frozen_score_order.C177Tests.test_06_pure_class_auc_is_null) ... ok
test_07_empty_auc_is_null (tests_lm.test_v05_c177_frozen_score_order.C177Tests.test_07_empty_auc_is_null) ... ok
test_08_bad_labels (tests_lm.test_v05_c177_frozen_score_order.C177Tests.test_08_bad_labels) ... ok
test_09_bad_scores (tests_lm.test_v05_c177_frozen_score_order.C177Tests.test_09_bad_scores) ... ok
test_10_raw_argmax_and_no_mutation (tests_lm.test_v05_c177_frozen_score_order.C177Tests.test_10_raw_argmax_and_no_mutation) ... ok
test_11_stratum_constant_shift_preserves_order (tests_lm.test_v05_c177_frozen_score_order.C177Tests.test_11_stratum_constant_shift_preserves_order) ... ok
test_12_score_sign_has_declared_positive_class (tests_lm.test_v05_c177_frozen_score_order.C177Tests.test_12_score_sign_has_declared_positive_class) ... ok
test_13_grouped_pairs_do_not_cross_keys (tests_lm.test_v05_c177_frozen_score_order.C177Tests.test_13_grouped_pairs_do_not_cross_keys) ... ok
test_14_no_mixed_key_has_no_pairs (tests_lm.test_v05_c177_frozen_score_order.C177Tests.test_14_no_mixed_key_has_no_pairs) ... ok
test_15_grouped_ties_exact (tests_lm.test_v05_c177_frozen_score_order.C177Tests.test_15_grouped_ties_exact) ... ok
test_16_error_exchange_identities (tests_lm.test_v05_c177_frozen_score_order.C177Tests.test_16_error_exchange_identities) ... ok
test_17_error_exchange_additivity (tests_lm.test_v05_c177_frozen_score_order.C177Tests.test_17_error_exchange_additivity) ... ok
test_18_primary_equal_stratum_not_pair_weighted (tests_lm.test_v05_c177_frozen_score_order.C177Tests.test_18_primary_equal_stratum_not_pair_weighted) ... ok
test_19_primary_cannot_drop_pure_stratum (tests_lm.test_v05_c177_frozen_score_order.C177Tests.test_19_primary_cannot_drop_pure_stratum) ... ok
test_20_gate_strict_each_seed (tests_lm.test_v05_c177_frozen_score_order.C177Tests.test_20_gate_strict_each_seed) ... ok
test_21_missing_count_uses_presence_not_value (tests_lm.test_v05_c177_frozen_score_order.C177Tests.test_21_missing_count_uses_presence_not_value) ... ok
test_22_ordering_uses_all_declared_strata_and_groups (tests_lm.test_v05_c177_frozen_score_order.C177Tests.test_22_ordering_uses_all_declared_strata_and_groups) ... ok
test_23_manifest_and_no_learning_import (tests_lm.test_v05_c177_frozen_score_order.C177Tests.test_23_manifest_and_no_learning_import) ... ok
test_24_regression_list_appends_one_current_module (tests_lm.test_v05_c177_frozen_score_order.C177Tests.test_24_regression_list_appends_one_current_module) ... ok
test_01_control_is_exact_original_preparation (tests_lm.test_v05_c178_visible_leaf_binding.C178Tests.test_01_control_is_exact_original_preparation) ... ok
test_02_known_one_copied_to_correct_leaf (tests_lm.test_v05_c178_visible_leaf_binding.C178Tests.test_02_known_one_copied_to_correct_leaf) ... ok
test_03_zero_remains_known_not_missing (tests_lm.test_v05_c178_visible_leaf_binding.C178Tests.test_03_zero_remains_known_not_missing) ... ok
test_04_only_leaf_child_placeholders_change (tests_lm.test_v05_c178_visible_leaf_binding.C178Tests.test_04_only_leaf_child_placeholders_change) ... ok
test_05_internal_topology_stays_exact (tests_lm.test_v05_c178_visible_leaf_binding.C178Tests.test_05_internal_topology_stays_exact) ... ok
test_06_fact_indices_are_not_erased (tests_lm.test_v05_c178_visible_leaf_binding.C178Tests.test_06_fact_indices_are_not_erased) ... ok
test_07_negation_is_not_computed_by_adapter (tests_lm.test_v05_c178_visible_leaf_binding.C178Tests.test_07_negation_is_not_computed_by_adapter) ... ok
test_08_operator_change_does_not_change_copied_bit (tests_lm.test_v05_c178_visible_leaf_binding.C178Tests.test_08_operator_change_does_not_change_copied_bit) ... ok
test_09_binding_follows_fact_id_not_leaf_position (tests_lm.test_v05_c178_visible_leaf_binding.C178Tests.test_09_binding_follows_fact_id_not_leaf_position) ... ok
test_10_unknowns_do_not_get_guessed (tests_lm.test_v05_c178_visible_leaf_binding.C178Tests.test_10_unknowns_do_not_get_guessed) ... ok
test_11_unusable_status_no_payload (tests_lm.test_v05_c178_visible_leaf_binding.C178Tests.test_11_unusable_status_no_payload) ... ok
test_12_raw_input_not_mutated (tests_lm.test_v05_c178_visible_leaf_binding.C178Tests.test_12_raw_input_not_mutated) ... ok
test_13_fact_table_and_resources_unchanged (tests_lm.test_v05_c178_visible_leaf_binding.C178Tests.test_13_fact_table_and_resources_unchanged) ... ok
test_14_batch_permutation_equivariance (tests_lm.test_v05_c178_visible_leaf_binding.C178Tests.test_14_batch_permutation_equivariance) ... ok
test_15_shape_and_dtype_rejected (tests_lm.test_v05_c178_visible_leaf_binding.C178Tests.test_15_shape_and_dtype_rejected) ... ok
test_16_range_and_noncanonical_width_rejected (tests_lm.test_v05_c178_visible_leaf_binding.C178Tests.test_16_range_and_noncanonical_width_rejected) ... ok
test_17_masks_and_kinds_rejected (tests_lm.test_v05_c178_visible_leaf_binding.C178Tests.test_17_masks_and_kinds_rejected) ... ok
test_18_bad_fact_binding_rejected (tests_lm.test_v05_c178_visible_leaf_binding.C178Tests.test_18_bad_fact_binding_rejected) ... ok
test_19_nonzero_leaf_children_and_forward_links_rejected (tests_lm.test_v05_c178_visible_leaf_binding.C178Tests.test_19_nonzero_leaf_children_and_forward_links_rejected) ... ok
test_20_hidden_or_mistyped_payload_rejected (tests_lm.test_v05_c178_visible_leaf_binding.C178Tests.test_20_hidden_or_mistyped_payload_rejected) ... ok
test_21_runtime_fields_rejected (tests_lm.test_v05_c178_visible_leaf_binding.C178Tests.test_21_runtime_fields_rejected) ... ok
test_22_no_teacher_argument_or_new_packet (tests_lm.test_v05_c178_visible_leaf_binding.C178Tests.test_22_no_teacher_argument_or_new_packet) ... ok
test_23_capacity_and_forward_shape_unchanged (tests_lm.test_v05_c178_visible_leaf_binding.C178Tests.test_23_capacity_and_forward_shape_unchanged) ... ok
test_24_toy_training_preserves_pair_initial_and_batches (tests_lm.test_v05_c178_visible_leaf_binding.C178Tests.test_24_toy_training_preserves_pair_initial_and_batches) ... ok
test_25_checkpoint_representation_metadata_and_roundtrip (tests_lm.test_v05_c178_visible_leaf_binding.C178Tests.test_25_checkpoint_representation_metadata_and_roundtrip) ... ok
test_26_gate_all_seeds_and_pair_integrity (tests_lm.test_v05_c178_visible_leaf_binding.C178Tests.test_26_gate_all_seeds_and_pair_integrity) ... ok
test_27_gate_strict_primary_and_minority_improvements (tests_lm.test_v05_c178_visible_leaf_binding.C178Tests.test_27_gate_strict_primary_and_minority_improvements) ... ok
test_28_gate_original_score_and_recalls (tests_lm.test_v05_c178_visible_leaf_binding.C178Tests.test_28_gate_original_score_and_recalls) ... ok
test_29_nonfinite_gate_and_json_rejected (tests_lm.test_v05_c178_visible_leaf_binding.C178Tests.test_29_nonfinite_gate_and_json_rejected) ... ok
test_30_registered_manifest_and_no_extra_training (tests_lm.test_v05_c178_visible_leaf_binding.C178Tests.test_30_registered_manifest_and_no_extra_training) ... ok
test_31_regression_list_additive_and_unique (tests_lm.test_v05_c178_visible_leaf_binding.C178Tests.test_31_regression_list_additive_and_unique) ... ok
test_32_missing_historical_regression_list_fails_closed (tests_lm.test_v05_c178_visible_leaf_binding.C178Tests.test_32_missing_historical_regression_list_fails_closed) ... ok
test_01_parameter_count (tests_lm.test_v05_c179_shared_graph.C179Tests.test_01_parameter_count) ... ok
test_02_dense_mac_count (tests_lm.test_v05_c179_shared_graph.C179Tests.test_02_dense_mac_count) ... ok
test_03_pair_initial_weights (tests_lm.test_v05_c179_shared_graph.C179Tests.test_03_pair_initial_weights) ... ok
test_04_seed_validation (tests_lm.test_v05_c179_shared_graph.C179Tests.test_04_seed_validation) ... ok
test_05_routing_mode_is_explicit (tests_lm.test_v05_c179_shared_graph.C179Tests.test_05_routing_mode_is_explicit) ... ok
test_06_shape_dtype_nonfinite (tests_lm.test_v05_c179_shared_graph.C179Tests.test_06_shape_dtype_nonfinite) ... ok
test_07_bad_header_and_mask (tests_lm.test_v05_c179_shared_graph.C179Tests.test_07_bad_header_and_mask) ... ok
test_08_noncanonical_kind (tests_lm.test_v05_c179_shared_graph.C179Tests.test_08_noncanonical_kind) ... ok
test_09_leaf_links_are_zero_not_visible_bits (tests_lm.test_v05_c179_shared_graph.C179Tests.test_09_leaf_links_are_zero_not_visible_bits) ... ok
test_10_forward_pointer_rejected (tests_lm.test_v05_c179_shared_graph.C179Tests.test_10_forward_pointer_rejected) ... ok
test_11_noninteger_pointer_rejected (tests_lm.test_v05_c179_shared_graph.C179Tests.test_11_noninteger_pointer_rejected) ... ok
test_12_disconnected_tree_rejected (tests_lm.test_v05_c179_shared_graph.C179Tests.test_12_disconnected_tree_rejected) ... ok
test_13_both_arms_have_seven_cell_calls (tests_lm.test_v05_c179_shared_graph.C179Tests.test_13_both_arms_have_seven_cell_calls) ... ok
test_14_same_local_inputs_different_links (tests_lm.test_v05_c179_shared_graph.C179Tests.test_14_same_local_inputs_different_links) ... ok
test_15_child_values_match_selected_states (tests_lm.test_v05_c179_shared_graph.C179Tests.test_15_child_values_match_selected_states) ... ok
test_16_sequence_uses_previous_two (tests_lm.test_v05_c179_shared_graph.C179Tests.test_16_sequence_uses_previous_two) ... ok
test_17_gradient_through_graph (tests_lm.test_v05_c179_shared_graph.C179Tests.test_17_gradient_through_graph) ... ok
test_18_no_input_or_parameter_mutation_during_forward (tests_lm.test_v05_c179_shared_graph.C179Tests.test_18_no_input_or_parameter_mutation_during_forward) ... ok
test_19_batch_permutation (tests_lm.test_v05_c179_shared_graph.C179Tests.test_19_batch_permutation) ... ok
test_20_no_label_or_solver_forward_argument (tests_lm.test_v05_c179_shared_graph.C179Tests.test_20_no_label_or_solver_forward_argument) ... ok
test_21_toy_fit_pair_and_immutability (tests_lm.test_v05_c179_shared_graph.C179Tests.test_21_toy_fit_pair_and_immutability) ... ok
test_22_fit_rejects_bad_labels_and_workload (tests_lm.test_v05_c179_shared_graph.C179Tests.test_22_fit_rejects_bad_labels_and_workload) ... ok
test_23_predict_meter_raw_argmax (tests_lm.test_v05_c179_shared_graph.C179Tests.test_23_predict_meter_raw_argmax) ... ok
test_24_checkpoint_roundtrip_and_arm_binding (tests_lm.test_v05_c179_shared_graph.C179Tests.test_24_checkpoint_roundtrip_and_arm_binding) ... ok
test_25_gate_requires_all_seeds_and_integrity (tests_lm.test_v05_c179_shared_graph.C179Tests.test_25_gate_requires_all_seeds_and_integrity) ... ok
test_26_gate_strict_and_nondegradation (tests_lm.test_v05_c179_shared_graph.C179Tests.test_26_gate_strict_and_nondegradation) ... ok
test_27_gate_both_target_recalls_and_aggregate (tests_lm.test_v05_c179_shared_graph.C179Tests.test_27_gate_both_target_recalls_and_aggregate) ... ok
test_28_gate_nonfinite_and_serialization (tests_lm.test_v05_c179_shared_graph.C179Tests.test_28_gate_nonfinite_and_serialization) ... ok
test_29_manifest_budget_and_no_old_mlp_claim (tests_lm.test_v05_c179_shared_graph.C179Tests.test_29_manifest_budget_and_no_old_mlp_claim) ... ok
test_30_zero_weights_do_not_solve_logic (tests_lm.test_v05_c179_shared_graph.C179Tests.test_30_zero_weights_do_not_solve_logic) ... ok
test_31_checkpoint_metadata_and_tensor_hash (tests_lm.test_v05_c179_shared_graph.C179Tests.test_31_checkpoint_metadata_and_tensor_hash) ... ok
test_32_link_decoder_is_deterministic_and_immutable (tests_lm.test_v05_c179_shared_graph.C179Tests.test_32_link_decoder_is_deterministic_and_immutable) ... ok
test_01_explicit_condition (tests_lm.test_v05_c180_fact_bypass.FactBypassTests.test_01_explicit_condition) ... ok
test_02_direct_identity (tests_lm.test_v05_c180_fact_bypass.FactBypassTests.test_02_direct_identity) ... ok
test_03_only_fact_columns_masked (tests_lm.test_v05_c180_fact_bypass.FactBypassTests.test_03_only_fact_columns_masked) ... ok
test_04_root_retained (tests_lm.test_v05_c180_fact_bypass.FactBypassTests.test_04_root_retained) ... ok
test_05_header_runtime_retained (tests_lm.test_v05_c180_fact_bypass.FactBypassTests.test_05_header_runtime_retained) ... ok
test_06_no_input_mutation (tests_lm.test_v05_c180_fact_bypass.FactBypassTests.test_06_no_input_mutation) ... ok
test_07_shape_rejection (tests_lm.test_v05_c180_fact_bypass.FactBypassTests.test_07_shape_rejection) ... ok
test_08_dtype_rejection (tests_lm.test_v05_c180_fact_bypass.FactBypassTests.test_08_dtype_rejection) ... ok
test_09_nonfinite_rejection (tests_lm.test_v05_c180_fact_bypass.FactBypassTests.test_09_nonfinite_rejection) ... ok
test_10_mask_has_no_weights_and_is_metered (tests_lm.test_v05_c180_fact_bypass.FactBypassTests.test_10_mask_has_no_weights_and_is_metered) ... ok
test_11_gradient_mask (tests_lm.test_v05_c180_fact_bypass.FactBypassTests.test_11_gradient_mask) ... ok
test_12_capacity_and_dense_head (tests_lm.test_v05_c180_fact_bypass.FactBypassTests.test_12_capacity_and_dense_head) ... ok
test_13_tree_in_both_conditions (tests_lm.test_v05_c180_fact_bypass.FactBypassTests.test_13_tree_in_both_conditions) ... ok
test_14_paired_weights (tests_lm.test_v05_c180_fact_bypass.FactBypassTests.test_14_paired_weights) ... ok
test_15_same_root_and_seven_cells (tests_lm.test_v05_c180_fact_bypass.FactBypassTests.test_15_same_root_and_seven_cells) ... ok
test_16_actual_linear_receives_mask (tests_lm.test_v05_c180_fact_bypass.FactBypassTests.test_16_actual_linear_receives_mask) ... ok
test_17_leaf_information_retained (tests_lm.test_v05_c180_fact_bypass.FactBypassTests.test_17_leaf_information_retained) ... ok
test_18_original_control_numerical_parity (tests_lm.test_v05_c180_fact_bypass.FactBypassTests.test_18_original_control_numerical_parity) ... ok
test_19_two_update_toy_fit_is_paired (tests_lm.test_v05_c180_fact_bypass.FactBypassTests.test_19_two_update_toy_fit_is_paired) ... ok
test_20_predict_raw_argmax_and_weights (tests_lm.test_v05_c180_fact_bypass.FactBypassTests.test_20_predict_raw_argmax_and_weights) ... ok
test_21_checkpoint_roundtrips (tests_lm.test_v05_c180_fact_bypass.FactBypassTests.test_21_checkpoint_roundtrips) ... ok
test_22_checkpoint_metadata_rejected (tests_lm.test_v05_c180_fact_bypass.FactBypassTests.test_22_checkpoint_metadata_rejected) ... ok
test_23_gate_pass_and_group_equality (tests_lm.test_v05_c180_fact_bypass.FactBypassTests.test_23_gate_pass_and_group_equality) ... ok
test_24_each_gate_condition_and_seed_required (tests_lm.test_v05_c180_fact_bypass.FactBypassTests.test_24_each_gate_condition_and_seed_required) ... ok
test_25_gate_invalid_metrics_pairing_identity (tests_lm.test_v05_c180_fact_bypass.FactBypassTests.test_25_gate_invalid_metrics_pairing_identity) ... ok
test_26_condition_and_tree_drift_rejected (tests_lm.test_v05_c180_fact_bypass.FactBypassTests.test_26_condition_and_tree_drift_rejected) ... ok
test_27_zero_weights_do_not_solve (tests_lm.test_v05_c180_fact_bypass.FactBypassTests.test_27_zero_weights_do_not_solve) ... ok
test_28_manifest_and_regression_count (tests_lm.test_v05_c180_fact_bypass.FactBypassTests.test_28_manifest_and_regression_count) ... ok
test_01_known_zero_short_circuit (tests_lm.test_v05_c181_internal_semantics.InternalSemanticsTests.test_01_known_zero_short_circuit) ... ok
test_02_known_one (tests_lm.test_v05_c181_internal_semantics.InternalSemanticsTests.test_02_known_one) ... ok
test_03_unknown_stays_unknown (tests_lm.test_v05_c181_internal_semantics.InternalSemanticsTests.test_03_unknown_stays_unknown) ... ok
test_04_negation_affects_teacher_not_raw (tests_lm.test_v05_c181_internal_semantics.InternalSemanticsTests.test_04_negation_affects_teacher_not_raw) ... ok
test_05_root_not_supervised (tests_lm.test_v05_c181_internal_semantics.InternalSemanticsTests.test_05_root_not_supervised) ... ok
test_06_repeated_variables_rejected (tests_lm.test_v05_c181_internal_semantics.InternalSemanticsTests.test_06_repeated_variables_rejected) ... ok
test_07_hidden_payload_and_status_rejected (tests_lm.test_v05_c181_internal_semantics.InternalSemanticsTests.test_07_hidden_payload_and_status_rejected) ... ok
test_08_teacher_shapes_and_types (tests_lm.test_v05_c181_internal_semantics.InternalSemanticsTests.test_08_teacher_shapes_and_types) ... ok
test_09_independent_completion_enumeration (tests_lm.test_v05_c181_internal_semantics.InternalSemanticsTests.test_09_independent_completion_enumeration) ... ok
test_10_teacher_no_label_interface (tests_lm.test_v05_c181_internal_semantics.InternalSemanticsTests.test_10_teacher_no_label_interface) ... ok
test_11_row_permutation (tests_lm.test_v05_c181_internal_semantics.InternalSemanticsTests.test_11_row_permutation) ... ok
test_12_neural_teacher_node_alignment (tests_lm.test_v05_c181_internal_semantics.InternalSemanticsTests.test_12_neural_teacher_node_alignment) ... ok
test_13_parameter_counts (tests_lm.test_v05_c181_internal_semantics.InternalSemanticsTests.test_13_parameter_counts) ... ok
test_14_paired_initial (tests_lm.test_v05_c181_internal_semantics.InternalSemanticsTests.test_14_paired_initial) ... ok
test_15_main_forward_unchanged (tests_lm.test_v05_c181_internal_semantics.InternalSemanticsTests.test_15_main_forward_unchanged) ... ok
test_16_aux_reads_actual_proper_states (tests_lm.test_v05_c181_internal_semantics.InternalSemanticsTests.test_16_aux_reads_actual_proper_states) ... ok
test_17_aux_signal_reaches_shared_cell (tests_lm.test_v05_c181_internal_semantics.InternalSemanticsTests.test_17_aux_signal_reaches_shared_cell) ... ok
test_18_zero_coefficient_gives_zero_aux_gradient (tests_lm.test_v05_c181_internal_semantics.InternalSemanticsTests.test_18_zero_coefficient_gives_zero_aux_gradient) ... ok
test_19_unit_coefficient_trains_aux (tests_lm.test_v05_c181_internal_semantics.InternalSemanticsTests.test_19_unit_coefficient_trains_aux) ... ok
test_20_loss_is_mean_not_node_sum (tests_lm.test_v05_c181_internal_semantics.InternalSemanticsTests.test_20_loss_is_mean_not_node_sum) ... ok
test_21_fit_preserves_inputs (tests_lm.test_v05_c181_internal_semantics.InternalSemanticsTests.test_21_fit_preserves_inputs) ... ok
test_22_two_update_determinism (tests_lm.test_v05_c181_internal_semantics.InternalSemanticsTests.test_22_two_update_determinism) ... ok
test_23_paired_schedules_and_meters (tests_lm.test_v05_c181_internal_semantics.InternalSemanticsTests.test_23_paired_schedules_and_meters) ... ok
test_24_zero_aux_matches_original_fit (tests_lm.test_v05_c181_internal_semantics.InternalSemanticsTests.test_24_zero_aux_matches_original_fit) ... ok
test_25_inference_never_calls_teacher_or_head (tests_lm.test_v05_c181_internal_semantics.InternalSemanticsTests.test_25_inference_never_calls_teacher_or_head) ... ok
test_26_checkpoint_roundtrip (tests_lm.test_v05_c181_internal_semantics.InternalSemanticsTests.test_26_checkpoint_roundtrip) ... ok
test_27_checkpoint_contract_tamper (tests_lm.test_v05_c181_internal_semantics.InternalSemanticsTests.test_27_checkpoint_contract_tamper) ... ok
test_28_checkpoint_weights_tamper (tests_lm.test_v05_c181_internal_semantics.InternalSemanticsTests.test_28_checkpoint_weights_tamper) ... ok
test_29_raw_argmax_not_repaired (tests_lm.test_v05_c181_internal_semantics.InternalSemanticsTests.test_29_raw_argmax_not_repaired) ... ok
test_30_invalid_loss_targets_and_nonfinite (tests_lm.test_v05_c181_internal_semantics.InternalSemanticsTests.test_30_invalid_loss_targets_and_nonfinite) ... ok
test_31_gate_all_seeds_and_pair_integrity (tests_lm.test_v05_c181_internal_semantics.InternalSemanticsTests.test_31_gate_all_seeds_and_pair_integrity) ... ok
test_32_gate_strict_primary_and_minority_gains (tests_lm.test_v05_c181_internal_semantics.InternalSemanticsTests.test_32_gate_strict_primary_and_minority_gains) ... ok
test_33_gate_group_equality_and_recalls (tests_lm.test_v05_c181_internal_semantics.InternalSemanticsTests.test_33_gate_group_equality_and_recalls) ... ok
test_34_additive_regression_list (tests_lm.test_v05_c181_internal_semantics.InternalSemanticsTests.test_34_additive_regression_list) ... ok
test_35_frozen_manifest (tests_lm.test_v05_c181_internal_semantics.InternalSemanticsTests.test_35_frozen_manifest) ... ok
test_36_hook_cleanup_after_exception (tests_lm.test_v05_c181_internal_semantics.InternalSemanticsTests.test_36_hook_cleanup_after_exception) ... ok
test_01_permutation_set (tests_lm.test_v05_c182_frozen_fact_renaming.FrozenRenamingTests.test_01_permutation_set) ... ok
test_02_bad_permutations (tests_lm.test_v05_c182_frozen_fact_renaming.FrozenRenamingTests.test_02_bad_permutations) ... ok
test_03_identity_copy (tests_lm.test_v05_c182_frozen_fact_renaming.FrozenRenamingTests.test_03_identity_copy) ... ok
test_04_whole_fact_records (tests_lm.test_v05_c182_frozen_fact_renaming.FrozenRenamingTests.test_04_whole_fact_records) ... ok
test_05_references_follow_mapping (tests_lm.test_v05_c182_frozen_fact_renaming.FrozenRenamingTests.test_05_references_follow_mapping) ... ok
test_06_inverse (tests_lm.test_v05_c182_frozen_fact_renaming.FrozenRenamingTests.test_06_inverse) ... ok
test_07_composition (tests_lm.test_v05_c182_frozen_fact_renaming.FrozenRenamingTests.test_07_composition) ... ok
test_08_other_fields_preserved (tests_lm.test_v05_c182_frozen_fact_renaming.FrozenRenamingTests.test_08_other_fields_preserved) ... ok
test_09_no_mutation (tests_lm.test_v05_c182_frozen_fact_renaming.FrozenRenamingTests.test_09_no_mutation) ... ok
test_10_bound_leaf_information_preserved (tests_lm.test_v05_c182_frozen_fact_renaming.FrozenRenamingTests.test_10_bound_leaf_information_preserved) ... ok
test_11_independent_semantics_enumeration (tests_lm.test_v05_c182_frozen_fact_renaming.FrozenRenamingTests.test_11_independent_semantics_enumeration) ... ok
test_12_hidden_payload_rejected (tests_lm.test_v05_c182_frozen_fact_renaming.FrozenRenamingTests.test_12_hidden_payload_rejected) ... ok
test_13_invalid_raw (tests_lm.test_v05_c182_frozen_fact_renaming.FrozenRenamingTests.test_13_invalid_raw) ... ok
test_14_new_leaf_orders_unique (tests_lm.test_v05_c182_frozen_fact_renaming.FrozenRenamingTests.test_14_new_leaf_orders_unique) ... ok
test_15_batch_equivariance (tests_lm.test_v05_c182_frozen_fact_renaming.FrozenRenamingTests.test_15_batch_equivariance) ... ok
test_16_no_labels_in_transform_or_inference (tests_lm.test_v05_c182_frozen_fact_renaming.FrozenRenamingTests.test_16_no_labels_in_transform_or_inference) ... ok
test_17_bare_restore_capacity (tests_lm.test_v05_c182_frozen_fact_renaming.FrozenRenamingTests.test_17_bare_restore_capacity) ... ok
test_18_full_fingerprint_covers_auxiliary (tests_lm.test_v05_c182_frozen_fact_renaming.FrozenRenamingTests.test_18_full_fingerprint_covers_auxiliary) ... ok
test_19_contract_tamper (tests_lm.test_v05_c182_frozen_fact_renaming.FrozenRenamingTests.test_19_contract_tamper) ... ok
test_20_tensor_schema_and_nonfinite (tests_lm.test_v05_c182_frozen_fact_renaming.FrozenRenamingTests.test_20_tensor_schema_and_nonfinite) ... ok
test_21_bare_numerical_parity (tests_lm.test_v05_c182_frozen_fact_renaming.FrozenRenamingTests.test_21_bare_numerical_parity) ... ok
test_22_rng_preserved (tests_lm.test_v05_c182_frozen_fact_renaming.FrozenRenamingTests.test_22_rng_preserved) ... ok
test_23_frozen_weights_and_meters (tests_lm.test_v05_c182_frozen_fact_renaming.FrozenRenamingTests.test_23_frozen_weights_and_meters) ... ok
test_24_file_restore_weights_only (tests_lm.test_v05_c182_frozen_fact_renaming.FrozenRenamingTests.test_24_file_restore_weights_only) ... ok
test_25_replay_exact (tests_lm.test_v05_c182_frozen_fact_renaming.FrozenRenamingTests.test_25_replay_exact) ... ok
test_26_replay_fixed_tolerance (tests_lm.test_v05_c182_frozen_fact_renaming.FrozenRenamingTests.test_26_replay_fixed_tolerance) ... ok
test_27_repaired_or_nonfinite_predictions_rejected (tests_lm.test_v05_c182_frozen_fact_renaming.FrozenRenamingTests.test_27_repaired_or_nonfinite_predictions_rejected) ... ok
test_28_gate_coverage (tests_lm.test_v05_c182_frozen_fact_renaming.FrozenRenamingTests.test_28_gate_coverage) ... ok
test_29_every_candidate_and_permutation_required (tests_lm.test_v05_c182_frozen_fact_renaming.FrozenRenamingTests.test_29_every_candidate_and_permutation_required) ... ok
test_30_controls_not_required_perfect (tests_lm.test_v05_c182_frozen_fact_renaming.FrozenRenamingTests.test_30_controls_not_required_perfect) ... ok
test_31_frozen_manifest (tests_lm.test_v05_c182_frozen_fact_renaming.FrozenRenamingTests.test_31_frozen_manifest) ... ok
test_32_additive_regression_list (tests_lm.test_v05_c182_frozen_fact_renaming.FrozenRenamingTests.test_32_additive_regression_list) ... ok
test_01_only_root_patched (tests_lm.test_v05_c183_frozen_path_attribution.FrozenPathTests.test_01_only_root_patched) ... ok
test_02_only_facts_patched (tests_lm.test_v05_c183_frozen_path_attribution.FrozenPathTests.test_02_only_facts_patched) ... ok
test_03_original_not_mutated (tests_lm.test_v05_c183_frozen_path_attribution.FrozenPathTests.test_03_original_not_mutated) ... ok
test_04_identity (tests_lm.test_v05_c183_frozen_path_attribution.FrozenPathTests.test_04_identity) ... ok
test_05_header_change_rejected (tests_lm.test_v05_c183_frozen_path_attribution.FrozenPathTests.test_05_header_change_rejected) ... ok
test_06_runtime_change_rejected (tests_lm.test_v05_c183_frozen_path_attribution.FrozenPathTests.test_06_runtime_change_rejected) ... ok
test_07_shape (tests_lm.test_v05_c183_frozen_path_attribution.FrozenPathTests.test_07_shape) ... ok
test_08_dtype (tests_lm.test_v05_c183_frozen_path_attribution.FrozenPathTests.test_08_dtype) ... ok
test_09_nonfinite (tests_lm.test_v05_c183_frozen_path_attribution.FrozenPathTests.test_09_nonfinite) ... ok
test_10_empty (tests_lm.test_v05_c183_frozen_path_attribution.FrozenPathTests.test_10_empty) ... ok
test_11_capture_numerical_parity (tests_lm.test_v05_c183_frozen_path_attribution.FrozenPathTests.test_11_capture_numerical_parity) ... ok
test_12_hook_cleanup (tests_lm.test_v05_c183_frozen_path_attribution.FrozenPathTests.test_12_hook_cleanup) ... ok
test_13_hook_cleanup_on_exception (tests_lm.test_v05_c183_frozen_path_attribution.FrozenPathTests.test_13_hook_cleanup_on_exception) ... ok
test_14_existing_hook_rejected (tests_lm.test_v05_c183_frozen_path_attribution.FrozenPathTests.test_14_existing_hook_rejected) ... ok
test_15_capture_multiple_batches (tests_lm.test_v05_c183_frozen_path_attribution.FrozenPathTests.test_15_capture_multiple_batches) ... ok
test_16_head_raw_argmax (tests_lm.test_v05_c183_frozen_path_attribution.FrozenPathTests.test_16_head_raw_argmax) ... ok
test_17_head_preserves_weights (tests_lm.test_v05_c183_frozen_path_attribution.FrozenPathTests.test_17_head_preserves_weights) ... ok
test_18_linear_decomposition (tests_lm.test_v05_c183_frozen_path_attribution.FrozenPathTests.test_18_linear_decomposition) ... ok
test_19_tree_only_case (tests_lm.test_v05_c183_frozen_path_attribution.FrozenPathTests.test_19_tree_only_case) ... ok
test_20_direct_only_case (tests_lm.test_v05_c183_frozen_path_attribution.FrozenPathTests.test_20_direct_only_case) ... ok
test_21_joint_case (tests_lm.test_v05_c183_frozen_path_attribution.FrozenPathTests.test_21_joint_case) ... ok
test_22_either_case (tests_lm.test_v05_c183_frozen_path_attribution.FrozenPathTests.test_22_either_case) ... ok
test_23_not_source_failure (tests_lm.test_v05_c183_frozen_path_attribution.FrozenPathTests.test_23_not_source_failure) ... ok
test_24_bool_rejected (tests_lm.test_v05_c183_frozen_path_attribution.FrozenPathTests.test_24_bool_rejected) ... ok
test_25_gate_unique_not_joint (tests_lm.test_v05_c183_frozen_path_attribution.FrozenPathTests.test_25_gate_unique_not_joint) ... ok
test_26_gate_coverage_and_identity (tests_lm.test_v05_c183_frozen_path_attribution.FrozenPathTests.test_26_gate_coverage_and_identity) ... ok
test_27_gate_recomputes_classification (tests_lm.test_v05_c183_frozen_path_attribution.FrozenPathTests.test_27_gate_recomputes_classification) ... ok
test_28_syntax_render_no_evaluation (tests_lm.test_v05_c183_frozen_path_attribution.FrozenPathTests.test_28_syntax_render_no_evaluation) ... ok
test_29_renderer_hidden_value_rejected (tests_lm.test_v05_c183_frozen_path_attribution.FrozenPathTests.test_29_renderer_hidden_value_rejected) ... ok
test_30_no_labels_in_intervention (tests_lm.test_v05_c183_frozen_path_attribution.FrozenPathTests.test_30_no_labels_in_intervention) ... ok
test_31_manifest_fixed (tests_lm.test_v05_c183_frozen_path_attribution.FrozenPathTests.test_31_manifest_fixed) ... ok
test_32_nonfinite_json_rejected (tests_lm.test_v05_c183_frozen_path_attribution.FrozenPathTests.test_32_nonfinite_json_rejected) ... ok
test_01_identity (tests_lm.test_v05_c184_canonical_fact_indices.C184Tests.test_01_identity) ... ok
test_02_first_occurrence_not_numeric_sort (tests_lm.test_v05_c184_canonical_fact_indices.C184Tests.test_02_first_occurrence_not_numeric_sort) ... ok
test_03_roundtrip_all_permutations (tests_lm.test_v05_c184_canonical_fact_indices.C184Tests.test_03_roundtrip_all_permutations) ... ok
test_04_idempotence (tests_lm.test_v05_c184_canonical_fact_indices.C184Tests.test_04_idempotence) ... ok
test_05_complete_numeric_records_move (tests_lm.test_v05_c184_canonical_fact_indices.C184Tests.test_05_complete_numeric_records_move) ... ok
test_06_zero_and_unknown_remain_distinct (tests_lm.test_v05_c184_canonical_fact_indices.C184Tests.test_06_zero_and_unknown_remain_distinct) ... ok
test_07_negation_is_not_evaluated (tests_lm.test_v05_c184_canonical_fact_indices.C184Tests.test_07_negation_is_not_evaluated) ... ok
test_08_operators_are_not_simplified (tests_lm.test_v05_c184_canonical_fact_indices.C184Tests.test_08_operators_are_not_simplified) ... ok
test_09_topology_retained (tests_lm.test_v05_c184_canonical_fact_indices.C184Tests.test_09_topology_retained) ... ok
test_10_context_transport (tests_lm.test_v05_c184_canonical_fact_indices.C184Tests.test_10_context_transport) ... ok
test_11_no_input_or_mapping_mutation (tests_lm.test_v05_c184_canonical_fact_indices.C184Tests.test_11_no_input_or_mapping_mutation) ... ok
test_12_no_label_or_checkpoint_interface (tests_lm.test_v05_c184_canonical_fact_indices.C184Tests.test_12_no_label_or_checkpoint_interface) ... ok
test_13_width_dtype_and_cpu (tests_lm.test_v05_c184_canonical_fact_indices.C184Tests.test_13_width_dtype_and_cpu) ... ok
test_14_empty (tests_lm.test_v05_c184_canonical_fact_indices.C184Tests.test_14_empty) ... ok
test_15_negative_field (tests_lm.test_v05_c184_canonical_fact_indices.C184Tests.test_15_negative_field) ... ok
test_16_integer_precision_range (tests_lm.test_v05_c184_canonical_fact_indices.C184Tests.test_16_integer_precision_range) ... ok
test_17_unknown_reference (tests_lm.test_v05_c184_canonical_fact_indices.C184Tests.test_17_unknown_reference) ... ok
test_18_repeated_reference_out_of_scope (tests_lm.test_v05_c184_canonical_fact_indices.C184Tests.test_18_repeated_reference_out_of_scope) ... ok
test_19_forward_child (tests_lm.test_v05_c184_canonical_fact_indices.C184Tests.test_19_forward_child) ... ok
test_20_disconnected_tree (tests_lm.test_v05_c184_canonical_fact_indices.C184Tests.test_20_disconnected_tree) ... ok
test_21_hidden_payload_rejected (tests_lm.test_v05_c184_canonical_fact_indices.C184Tests.test_21_hidden_payload_rejected) ... ok
test_22_unsupported_fact_status_rejected (tests_lm.test_v05_c184_canonical_fact_indices.C184Tests.test_22_unsupported_fact_status_rejected) ... ok
test_23_noncanonical_leaf_children (tests_lm.test_v05_c184_canonical_fact_indices.C184Tests.test_23_noncanonical_leaf_children) ... ok
test_24_inverse_requires_bijection (tests_lm.test_v05_c184_canonical_fact_indices.C184Tests.test_24_inverse_requires_bijection) ... ok
test_25_inverse_requires_canonical_order (tests_lm.test_v05_c184_canonical_fact_indices.C184Tests.test_25_inverse_requires_canonical_order) ... ok
test_26_batched_maps_keep_distinct_rows (tests_lm.test_v05_c184_canonical_fact_indices.C184Tests.test_26_batched_maps_keep_distinct_rows) ... ok
test_27_finite_contract_mismatch_measured (tests_lm.test_v05_c184_canonical_fact_indices.C184Tests.test_27_finite_contract_mismatch_measured) ... ok
test_28_single_candidate_error_fails (tests_lm.test_v05_c184_canonical_fact_indices.C184Tests.test_28_single_candidate_error_fails) ... ok
test_29_control_errors_allowed_but_not_changed_decisions (tests_lm.test_v05_c184_canonical_fact_indices.C184Tests.test_29_control_errors_allowed_but_not_changed_decisions) ... ok
test_30_coverage_nonfinite_and_tolerance (tests_lm.test_v05_c184_canonical_fact_indices.C184Tests.test_30_coverage_nonfinite_and_tolerance) ... ok
test_31_manifest_and_output_contract (tests_lm.test_v05_c184_canonical_fact_indices.C184Tests.test_31_manifest_and_output_contract) ... ok
test_32_independent_completions_for_all_9720_renamings (tests_lm.test_v05_c184_canonical_fact_indices.C184Tests.test_32_independent_completions_for_all_9720_renamings) ... ok
test_01_binding_all_permutations (tests_lm.test_v05_c185_single_missing_acquisition.C185Tests.test_01_binding_all_permutations) ... ok
test_02_binding_preserves_ids_and_references (tests_lm.test_v05_c185_single_missing_acquisition.C185Tests.test_02_binding_preserves_ids_and_references) ... ok
test_03_binding_keeps_resources (tests_lm.test_v05_c185_single_missing_acquisition.C185Tests.test_03_binding_keeps_resources) ... ok
test_04_known_zero_is_not_unknown (tests_lm.test_v05_c185_single_missing_acquisition.C185Tests.test_04_known_zero_is_not_unknown) ... ok
test_05_source_view_is_immutable (tests_lm.test_v05_c185_single_missing_acquisition.C185Tests.test_05_source_view_is_immutable) ... ok
test_06_repeated_fact_is_rejected (tests_lm.test_v05_c185_single_missing_acquisition.C185Tests.test_06_repeated_fact_is_rejected) ... ok
test_07_unusable_status_is_rejected (tests_lm.test_v05_c185_single_missing_acquisition.C185Tests.test_07_unusable_status_is_rejected) ... ok
test_08_target_maps_to_external_identity (tests_lm.test_v05_c185_single_missing_acquisition.C185Tests.test_08_target_maps_to_external_identity) ... ok
test_09_stale_binding_rejected (tests_lm.test_v05_c185_single_missing_acquisition.C185Tests.test_09_stale_binding_rejected) ... ok
test_10_forged_mapping_rejected (tests_lm.test_v05_c185_single_missing_acquisition.C185Tests.test_10_forged_mapping_rejected) ... ok
test_11_multiple_unknown_targets_rejected (tests_lm.test_v05_c185_single_missing_acquisition.C185Tests.test_11_multiple_unknown_targets_rejected) ... ok
test_12_zero_budget_does_not_call_policy (tests_lm.test_v05_c185_single_missing_acquisition.C185Tests.test_12_zero_budget_does_not_call_policy) ... ok
test_13_charge_only_changes_accounting (tests_lm.test_v05_c185_single_missing_acquisition.C185Tests.test_13_charge_only_changes_accounting) ... ok
test_14_sufficient_never_calls_provider (tests_lm.test_v05_c185_single_missing_acquisition.C185Tests.test_14_sufficient_never_calls_provider) ... ok
test_15_acquisition_zero_is_observed (tests_lm.test_v05_c185_single_missing_acquisition.C185Tests.test_15_acquisition_zero_is_observed) ... ok
test_16_acquisition_one_is_observed (tests_lm.test_v05_c185_single_missing_acquisition.C185Tests.test_16_acquisition_one_is_observed) ... ok
test_17_real_renamed_target_and_receipt (tests_lm.test_v05_c185_single_missing_acquisition.C185Tests.test_17_real_renamed_target_and_receipt) ... ok
test_18_first_and_post_inputs_use_live_counters (tests_lm.test_v05_c185_single_missing_acquisition.C185Tests.test_18_first_and_post_inputs_use_live_counters) ... ok
test_19_permission_denial_remains_model_need (tests_lm.test_v05_c185_single_missing_acquisition.C185Tests.test_19_permission_denial_remains_model_need) ... ok
test_20_provider_unavailable_no_io (tests_lm.test_v05_c185_single_missing_acquisition.C185Tests.test_20_provider_unavailable_no_io) ... ok
test_21_acquisition_budget_zero_no_io (tests_lm.test_v05_c185_single_missing_acquisition.C185Tests.test_21_acquisition_budget_zero_no_io) ... ok
test_22_wrong_delivery_identity_not_published (tests_lm.test_v05_c185_single_missing_acquisition.C185Tests.test_22_wrong_delivery_identity_not_published) ... ok
test_23_provider_failure_no_retry (tests_lm.test_v05_c185_single_missing_acquisition.C185Tests.test_23_provider_failure_no_retry) ... ok
test_24_remaining_need_never_requests_twice (tests_lm.test_v05_c185_single_missing_acquisition.C185Tests.test_24_remaining_need_never_requests_twice) ... ok
test_25_no_proof_answer_or_auxiliary_rescue (tests_lm.test_v05_c185_single_missing_acquisition.C185Tests.test_25_no_proof_answer_or_auxiliary_rescue) ... ok
test_26_hidden_completion_not_in_initial_policy_input (tests_lm.test_v05_c185_single_missing_acquisition.C185Tests.test_26_hidden_completion_not_in_initial_policy_input) ... ok
test_27_wrong_sufficient_is_scored_not_corrected (tests_lm.test_v05_c185_single_missing_acquisition.C185Tests.test_27_wrong_sufficient_is_scored_not_corrected) ... ok
test_28_wrong_need_is_counted_as_unnecessary (tests_lm.test_v05_c185_single_missing_acquisition.C185Tests.test_28_wrong_need_is_counted_as_unnecessary) ... ok
test_29_nonfinite_logits_rejected (tests_lm.test_v05_c185_single_missing_acquisition.C185Tests.test_29_nonfinite_logits_rejected) ... ok
test_30_repaired_prediction_rejected (tests_lm.test_v05_c185_single_missing_acquisition.C185Tests.test_30_repaired_prediction_rejected) ... ok
test_31_batch_states_are_independent (tests_lm.test_v05_c185_single_missing_acquisition.C185Tests.test_31_batch_states_are_independent) ... ok
test_32_fixed_gate_perfect_candidates_not_controls (tests_lm.test_v05_c185_single_missing_acquisition.C185Tests.test_32_fixed_gate_perfect_candidates_not_controls) ... ok
test_33_single_candidate_error_fails (tests_lm.test_v05_c185_single_missing_acquisition.C185Tests.test_33_single_candidate_error_fails) ... ok
test_34_incomplete_or_broken_control_fails (tests_lm.test_v05_c185_single_missing_acquisition.C185Tests.test_34_incomplete_or_broken_control_fails) ... ok
test_35_manifest_and_label_free_interfaces (tests_lm.test_v05_c185_single_missing_acquisition.C185Tests.test_35_manifest_and_label_free_interfaces) ... ok
test_36_rule_controls_and_cost (tests_lm.test_v05_c185_single_missing_acquisition.C185Tests.test_36_rule_controls_and_cost) ... ok
test_01_registered_specs (tests_lm.test_v05_c186_nonadmission_reclassification.C186Tests.test_01_registered_specs) ... ok
test_02_unknown_scenario_rejected (tests_lm.test_v05_c186_nonadmission_reclassification.C186Tests.test_02_unknown_scenario_rejected) ... ok
test_03_found_preserves_delivery (tests_lm.test_v05_c186_nonadmission_reclassification.C186Tests.test_03_found_preserves_delivery) ... ok
test_04_no_delivery_after_fetch (tests_lm.test_v05_c186_nonadmission_reclassification.C186Tests.test_04_no_delivery_after_fetch) ... ok
test_05_zero_flipped (tests_lm.test_v05_c186_nonadmission_reclassification.C186Tests.test_05_zero_flipped) ... ok
test_06_one_flipped (tests_lm.test_v05_c186_nonadmission_reclassification.C186Tests.test_06_one_flipped) ... ok
test_07_corrupt_only_value_not_witness (tests_lm.test_v05_c186_nonadmission_reclassification.C186Tests.test_07_corrupt_only_value_not_witness) ... ok
test_08_provider_failure_after_fetch (tests_lm.test_v05_c186_nonadmission_reclassification.C186Tests.test_08_provider_failure_after_fetch) ... ok
test_09_original_delivery_not_mutated (tests_lm.test_v05_c186_nonadmission_reclassification.C186Tests.test_09_original_delivery_not_mutated) ... ok
test_10_unexpected_fetch_error_propagates (tests_lm.test_v05_c186_nonadmission_reclassification.C186Tests.test_10_unexpected_fetch_error_propagates) ... ok
test_11_invalid_pre_corruption_bit (tests_lm.test_v05_c186_nonadmission_reclassification.C186Tests.test_11_invalid_pre_corruption_bit) ... ok
test_12_zero_is_admitted (tests_lm.test_v05_c186_nonadmission_reclassification.C186Tests.test_12_zero_is_admitted) ... ok
test_13_one_is_admitted (tests_lm.test_v05_c186_nonadmission_reclassification.C186Tests.test_13_one_is_admitted) ... ok
test_14_no_delivery_still_needed (tests_lm.test_v05_c186_nonadmission_reclassification.C186Tests.test_14_no_delivery_still_needed) ... ok
test_15_corrupt_value_still_needed (tests_lm.test_v05_c186_nonadmission_reclassification.C186Tests.test_15_corrupt_value_still_needed) ... ok
test_16_failure_still_needed (tests_lm.test_v05_c186_nonadmission_reclassification.C186Tests.test_16_failure_still_needed) ... ok
test_17_false_sufficiency_retained (tests_lm.test_v05_c186_nonadmission_reclassification.C186Tests.test_17_false_sufficiency_retained) ... ok
test_18_unnecessary_attempt_not_redeemed (tests_lm.test_v05_c186_nonadmission_reclassification.C186Tests.test_18_unnecessary_attempt_not_redeemed) ... ok
test_19_never_query_misses (tests_lm.test_v05_c186_nonadmission_reclassification.C186Tests.test_19_never_query_misses) ... ok
test_20_no_query_preserves_unknown (tests_lm.test_v05_c186_nonadmission_reclassification.C186Tests.test_20_no_query_preserves_unknown) ... ok
test_21_fault_cannot_publish_zero (tests_lm.test_v05_c186_nonadmission_reclassification.C186Tests.test_21_fault_cannot_publish_zero) ... ok
test_22_live_budget_reset_rejected (tests_lm.test_v05_c186_nonadmission_reclassification.C186Tests.test_22_live_budget_reset_rejected) ... ok
test_23_pending_work_rejected (tests_lm.test_v05_c186_nonadmission_reclassification.C186Tests.test_23_pending_work_rejected) ... ok
test_24_classification_not_answer (tests_lm.test_v05_c186_nonadmission_reclassification.C186Tests.test_24_classification_not_answer) ... ok
test_25_wrong_external_target_rejected (tests_lm.test_v05_c186_nonadmission_reclassification.C186Tests.test_25_wrong_external_target_rejected) ... ok
test_26_fault_outcome_not_reset (tests_lm.test_v05_c186_nonadmission_reclassification.C186Tests.test_26_fault_outcome_not_reset) ... ok
test_27_perfect_candidates_allow_control_errors (tests_lm.test_v05_c186_nonadmission_reclassification.C186Tests.test_27_perfect_candidates_allow_control_errors) ... ok
test_28_one_candidate_error_fails (tests_lm.test_v05_c186_nonadmission_reclassification.C186Tests.test_28_one_candidate_error_fails) ... ok
test_29_order_and_coverage_strict (tests_lm.test_v05_c186_nonadmission_reclassification.C186Tests.test_29_order_and_coverage_strict) ... ok
test_30_broken_control_fails (tests_lm.test_v05_c186_nonadmission_reclassification.C186Tests.test_30_broken_control_fails) ... ok
test_31_replay_is_unmodified_and_finite (tests_lm.test_v05_c186_nonadmission_reclassification.C186Tests.test_31_replay_is_unmodified_and_finite) ... ok
test_32_frozen_manifest (tests_lm.test_v05_c186_nonadmission_reclassification.C186Tests.test_32_frozen_manifest) ... ok
test_01_registered_payload_and_bounds (tests_lm.test_v05_c186_npz_input_recovery.C186NpzInputRecoveryTests.test_01_registered_payload_and_bounds) ... ok
test_02_full_registered_shapes_load_above_old_bound (tests_lm.test_v05_c186_npz_input_recovery.C186NpzInputRecoveryTests.test_02_full_registered_shapes_load_above_old_bound) ... ok
test_03_preflight_never_materializes (tests_lm.test_v05_c186_npz_input_recovery.C186NpzInputRecoveryTests.test_03_preflight_never_materializes) ... ok
test_04_unaccepted_compressed_size_rejected (tests_lm.test_v05_c186_npz_input_recovery.C186NpzInputRecoveryTests.test_04_unaccepted_compressed_size_rejected) ... ok
test_05_same_size_wrong_hash_rejected (tests_lm.test_v05_c186_npz_input_recovery.C186NpzInputRecoveryTests.test_05_same_size_wrong_hash_rejected) ... ok
test_06_header_allows_v1_and_v2 (tests_lm.test_v05_c186_npz_input_recovery.C186NpzInputRecoveryTests.test_06_header_allows_v1_and_v2) ... ok
test_07_bad_magic_rejected (tests_lm.test_v05_c186_npz_input_recovery.C186NpzInputRecoveryTests.test_07_bad_magic_rejected) ... ok
test_08_unregistered_version_rejected (tests_lm.test_v05_c186_npz_input_recovery.C186NpzInputRecoveryTests.test_08_unregistered_version_rejected) ... ok
test_09_header_length_bounded_before_read (tests_lm.test_v05_c186_npz_input_recovery.C186NpzInputRecoveryTests.test_09_header_length_bounded_before_read) ... ok
test_10_truncated_header_rejected (tests_lm.test_v05_c186_npz_input_recovery.C186NpzInputRecoveryTests.test_10_truncated_header_rejected) ... ok
test_11_object_dtype_rejected (tests_lm.test_v05_c186_npz_input_recovery.C186NpzInputRecoveryTests.test_11_object_dtype_rejected) ... ok
test_12_wrong_numeric_dtype_rejected (tests_lm.test_v05_c186_npz_input_recovery.C186NpzInputRecoveryTests.test_12_wrong_numeric_dtype_rejected) ... ok
test_13_huge_shape_rejected_before_allocation (tests_lm.test_v05_c186_npz_input_recovery.C186NpzInputRecoveryTests.test_13_huge_shape_rejected_before_allocation) ... ok
test_14_boolean_dimension_rejected (tests_lm.test_v05_c186_npz_input_recovery.C186NpzInputRecoveryTests.test_14_boolean_dimension_rejected) ... ok
test_15_fortran_order_rejected (tests_lm.test_v05_c186_npz_input_recovery.C186NpzInputRecoveryTests.test_15_fortran_order_rejected) ... ok
test_16_extra_header_field_rejected (tests_lm.test_v05_c186_npz_input_recovery.C186NpzInputRecoveryTests.test_16_extra_header_field_rejected) ... ok
test_17_payload_length_mismatch_rejected (tests_lm.test_v05_c186_npz_input_recovery.C186NpzInputRecoveryTests.test_17_payload_length_mismatch_rejected) ... ok
test_18_missing_or_extra_member_rejected (tests_lm.test_v05_c186_npz_input_recovery.C186NpzInputRecoveryTests.test_18_missing_or_extra_member_rejected) ... ok
test_19_duplicate_member_rejected (tests_lm.test_v05_c186_npz_input_recovery.C186NpzInputRecoveryTests.test_19_duplicate_member_rejected) ... ok
test_20_total_expanded_bound_enforced (tests_lm.test_v05_c186_npz_input_recovery.C186NpzInputRecoveryTests.test_20_total_expanded_bound_enforced) ... ok
test_21_per_member_bound_enforced (tests_lm.test_v05_c186_npz_input_recovery.C186NpzInputRecoveryTests.test_21_per_member_bound_enforced) ... ok
test_22_encrypted_member_rejected (tests_lm.test_v05_c186_npz_input_recovery.C186NpzInputRecoveryTests.test_22_encrypted_member_rejected) ... ok
test_23_allow_pickle_false_and_no_override_interface (tests_lm.test_v05_c186_npz_input_recovery.C186NpzInputRecoveryTests.test_23_allow_pickle_false_and_no_override_interface) ... ok
test_24_same_c186_manifest_and_explicit_loader_dispatch (tests_lm.test_v05_c186_npz_input_recovery.C186NpzInputRecoveryTests.test_24_same_c186_manifest_and_explicit_loader_dispatch) ... ok
test_01_fixed_scenarios (tests_lm.test_v05_c187_restricted_acquisition.C187Tests.test_01_fixed_scenarios) ... ok
test_02_unknown_scenario_rejected (tests_lm.test_v05_c187_restricted_acquisition.C187Tests.test_02_unknown_scenario_rejected) ... ok
test_03_allowed_view_unchanged (tests_lm.test_v05_c187_restricted_acquisition.C187Tests.test_03_allowed_view_unchanged) ... ok
test_04_permission_only (tests_lm.test_v05_c187_restricted_acquisition.C187Tests.test_04_permission_only) ... ok
test_05_availability_only (tests_lm.test_v05_c187_restricted_acquisition.C187Tests.test_05_availability_only) ... ok
test_06_budget_only (tests_lm.test_v05_c187_restricted_acquisition.C187Tests.test_06_budget_only) ... ok
test_07_no_context_reset_or_input_mutation (tests_lm.test_v05_c187_restricted_acquisition.C187Tests.test_07_no_context_reset_or_input_mutation) ... ok
test_08_exact_live_resources (tests_lm.test_v05_c187_restricted_acquisition.C187Tests.test_08_exact_live_resources) ... ok
test_09_allowed_zero_admitted_not_missing (tests_lm.test_v05_c187_restricted_acquisition.C187Tests.test_09_allowed_zero_admitted_not_missing) ... ok
test_10_allowed_one_admitted (tests_lm.test_v05_c187_restricted_acquisition.C187Tests.test_10_allowed_one_admitted) ... ok
test_11_permission_denial_preserves_needs (tests_lm.test_v05_c187_restricted_acquisition.C187Tests.test_11_permission_denial_preserves_needs) ... ok
test_12_unavailable_preserves_needs (tests_lm.test_v05_c187_restricted_acquisition.C187Tests.test_12_unavailable_preserves_needs) ... ok
test_13_zero_budget_preserves_needs (tests_lm.test_v05_c187_restricted_acquisition.C187Tests.test_13_zero_budget_preserves_needs) ... ok
test_14_finite_false_sufficiency_not_repaired (tests_lm.test_v05_c187_restricted_acquisition.C187Tests.test_14_finite_false_sufficiency_not_repaired) ... ok
test_15_initial_sufficiency_on_needs_recorded (tests_lm.test_v05_c187_restricted_acquisition.C187Tests.test_15_initial_sufficiency_on_needs_recorded) ... ok
test_16_no_proposal_when_sufficient (tests_lm.test_v05_c187_restricted_acquisition.C187Tests.test_16_no_proposal_when_sufficient) ... ok
test_17_unnecessary_proposal_not_redeemed (tests_lm.test_v05_c187_restricted_acquisition.C187Tests.test_17_unnecessary_proposal_not_redeemed) ... ok
test_18_blind_rule_denial_is_not_semantic_needs (tests_lm.test_v05_c187_restricted_acquisition.C187Tests.test_18_blind_rule_denial_is_not_semantic_needs) ... ok
test_19_denial_cannot_publish_a_fake_zero (tests_lm.test_v05_c187_restricted_acquisition.C187Tests.test_19_denial_cannot_publish_a_fake_zero) ... ok
test_20_denial_cannot_dispatch (tests_lm.test_v05_c187_restricted_acquisition.C187Tests.test_20_denial_cannot_dispatch) ... ok
test_21_denial_has_no_acquisition_reservation (tests_lm.test_v05_c187_restricted_acquisition.C187Tests.test_21_denial_has_no_acquisition_reservation) ... ok
test_22_all_external_slots_and_source_identity (tests_lm.test_v05_c187_restricted_acquisition.C187Tests.test_22_all_external_slots_and_source_identity) ... ok
test_23_live_budget_and_outcome_cannot_reset (tests_lm.test_v05_c187_restricted_acquisition.C187Tests.test_23_live_budget_and_outcome_cannot_reset) ... ok
test_24_other_facts_bindings_clocks_preserved (tests_lm.test_v05_c187_restricted_acquisition.C187Tests.test_24_other_facts_bindings_clocks_preserved) ... ok
test_25_no_pending_retry_or_verified_answer (tests_lm.test_v05_c187_restricted_acquisition.C187Tests.test_25_no_pending_retry_or_verified_answer) ... ok
test_26_successful_candidates_and_deliberate_controls (tests_lm.test_v05_c187_restricted_acquisition.C187Tests.test_26_successful_candidates_and_deliberate_controls) ... ok
test_27_single_candidate_error_fails (tests_lm.test_v05_c187_restricted_acquisition.C187Tests.test_27_single_candidate_error_fails) ... ok
test_28_strict_order_and_count (tests_lm.test_v05_c187_restricted_acquisition.C187Tests.test_28_strict_order_and_count) ... ok
test_29_contract_errors_any_policy_fail (tests_lm.test_v05_c187_restricted_acquisition.C187Tests.test_29_contract_errors_any_policy_fail) ... ok
test_30_rule_patterns_cannot_change (tests_lm.test_v05_c187_restricted_acquisition.C187Tests.test_30_rule_patterns_cannot_change) ... ok
test_31_counters_are_nonnegative_integers (tests_lm.test_v05_c187_restricted_acquisition.C187Tests.test_31_counters_are_nonnegative_integers) ... ok
test_32_input_coordinate_change_is_exact (tests_lm.test_v05_c187_restricted_acquisition.C187Tests.test_32_input_coordinate_change_is_exact) ... ok
test_33_other_input_change_rejected (tests_lm.test_v05_c187_restricted_acquisition.C187Tests.test_33_other_input_change_rejected) ... ok
test_34_concrete_workload (tests_lm.test_v05_c187_restricted_acquisition.C187Tests.test_34_concrete_workload) ... ok
test_35_fixed_scientific_manifest (tests_lm.test_v05_c187_restricted_acquisition.C187Tests.test_35_fixed_scientific_manifest) ... ok
test_36_fixed_parent_and_replay_budget (tests_lm.test_v05_c187_restricted_acquisition.C187Tests.test_36_fixed_parent_and_replay_budget) ... ok
test_01_parameter_count (tests_lm.test_v05_c188_multimissing_target_selection.C188Tests.test_01_parameter_count) ... ok
test_02_visible_zero_is_observed (tests_lm.test_v05_c188_multimissing_target_selection.C188Tests.test_02_visible_zero_is_observed) ... ok
test_03_missing_mask_uses_presence (tests_lm.test_v05_c188_multimissing_target_selection.C188Tests.test_03_missing_mask_uses_presence) ... ok
test_04_leaf_positions (tests_lm.test_v05_c188_multimissing_target_selection.C188Tests.test_04_leaf_positions) ... ok
test_05_repeated_fact_rejected (tests_lm.test_v05_c188_multimissing_target_selection.C188Tests.test_05_repeated_fact_rejected) ... ok
test_06_influence_and (tests_lm.test_v05_c188_multimissing_target_selection.C188Tests.test_06_influence_and) ... ok
test_07_influence_or_short_circuit (tests_lm.test_v05_c188_multimissing_target_selection.C188Tests.test_07_influence_or_short_circuit) ... ok
test_08_influence_multiple_valid (tests_lm.test_v05_c188_multimissing_target_selection.C188Tests.test_08_influence_multiple_valid) ... ok
test_09_teacher_interface_has_no_labels (tests_lm.test_v05_c188_multimissing_target_selection.C188Tests.test_09_teacher_interface_has_no_labels) ... ok
test_10_registered_cohort_counts (tests_lm.test_v05_c188_multimissing_target_selection.C188Tests.test_10_registered_cohort_counts) ... ok
test_11_registered_target_size_counts (tests_lm.test_v05_c188_multimissing_target_selection.C188Tests.test_11_registered_target_size_counts) ... ok
test_12_frequency_reference_keys (tests_lm.test_v05_c188_multimissing_target_selection.C188Tests.test_12_frequency_reference_keys) ... ok
test_13_first_unknown_reference_exact (tests_lm.test_v05_c188_multimissing_target_selection.C188Tests.test_13_first_unknown_reference_exact) ... ok
test_14_frequency_reference_exact (tests_lm.test_v05_c188_multimissing_target_selection.C188Tests.test_14_frequency_reference_exact) ... ok
test_15_frequency_reference_no_unseen_key (tests_lm.test_v05_c188_multimissing_target_selection.C188Tests.test_15_frequency_reference_no_unseen_key) ... ok
test_16_frequency_tie_uses_low_slot (tests_lm.test_v05_c188_multimissing_target_selection.C188Tests.test_16_frequency_tie_uses_low_slot) ... ok
test_17_unseen_reference_has_no_fallback (tests_lm.test_v05_c188_multimissing_target_selection.C188Tests.test_17_unseen_reference_has_no_fallback) ... ok
test_18_target_metrics_counts_observed_selection (tests_lm.test_v05_c188_multimissing_target_selection.C188Tests.test_18_target_metrics_counts_observed_selection) ... ok
test_19_selector_forward_shape (tests_lm.test_v05_c188_multimissing_target_selection.C188Tests.test_19_selector_forward_shape) ... ok
test_20_selection_loss_single_valid (tests_lm.test_v05_c188_multimissing_target_selection.C188Tests.test_20_selection_loss_single_valid) ... ok
test_21_selection_loss_set_mass (tests_lm.test_v05_c188_multimissing_target_selection.C188Tests.test_21_selection_loss_set_mass) ... ok
test_22_loss_rejects_observed_valid (tests_lm.test_v05_c188_multimissing_target_selection.C188Tests.test_22_loss_rejects_observed_valid) ... ok
test_23_loss_rejects_nondiscriminating (tests_lm.test_v05_c188_multimissing_target_selection.C188Tests.test_23_loss_rejects_nondiscriminating) ... ok
test_24_head_initial_deterministic (tests_lm.test_v05_c188_multimissing_target_selection.C188Tests.test_24_head_initial_deterministic) ... ok
test_25_head_seed_changes_initial (tests_lm.test_v05_c188_multimissing_target_selection.C188Tests.test_25_head_seed_changes_initial) ... ok
test_26_toy_fit_deterministic (tests_lm.test_v05_c188_multimissing_target_selection.C188Tests.test_26_toy_fit_deterministic) ... ok
test_27_toy_fit_preserves_initial_and_features (tests_lm.test_v05_c188_multimissing_target_selection.C188Tests.test_27_toy_fit_preserves_initial_and_features) ... ok
test_28_same_head_seed_same_schedule (tests_lm.test_v05_c188_multimissing_target_selection.C188Tests.test_28_same_head_seed_same_schedule) ... ok
test_29_predict_masks_observed (tests_lm.test_v05_c188_multimissing_target_selection.C188Tests.test_29_predict_masks_observed) ... ok
test_30_gate_all_nine (tests_lm.test_v05_c188_multimissing_target_selection.C188Tests.test_30_gate_all_nine) ... ok
test_31_gate_one_failure (tests_lm.test_v05_c188_multimissing_target_selection.C188Tests.test_31_gate_one_failure) ... ok
test_32_gate_tie_fails (tests_lm.test_v05_c188_multimissing_target_selection.C188Tests.test_32_gate_tie_fails) ... ok
test_33_gate_observed_selection_fails (tests_lm.test_v05_c188_multimissing_target_selection.C188Tests.test_33_gate_observed_selection_fails) ... ok
test_34_manifest_hash_fixed (tests_lm.test_v05_c188_multimissing_target_selection.C188Tests.test_34_manifest_hash_fixed) ... ok
test_35_manifest_workload (tests_lm.test_v05_c188_multimissing_target_selection.C188Tests.test_35_manifest_workload) ... ok
test_36_scope_has_no_live_acquisition (tests_lm.test_v05_c188_multimissing_target_selection.C188Tests.test_36_scope_has_no_live_acquisition) ... ok
test_01_source_zero_exact_selected_fact (tests_lm.test_v05_c189_live_multimissing_target.C189Tests.test_01_source_zero_exact_selected_fact) ... ok
test_02_source_one_exact_selected_fact (tests_lm.test_v05_c189_live_multimissing_target.C189Tests.test_02_source_one_exact_selected_fact) ... ok
test_03_source_identity_rejects_bool_and_unregistered (tests_lm.test_v05_c189_live_multimissing_target.C189Tests.test_03_source_identity_rejects_bool_and_unregistered) ... ok
test_04_encode_views_direct_layout (tests_lm.test_v05_c189_live_multimissing_target.C189Tests.test_04_encode_views_direct_layout) ... ok
test_05_encode_views_no_canonicalization (tests_lm.test_v05_c189_live_multimissing_target.C189Tests.test_05_encode_views_no_canonicalization) ... ok
test_06_restore_selector_roundtrip (tests_lm.test_v05_c189_live_multimissing_target.C189Tests.test_06_restore_selector_roundtrip) ... ok
test_07_restore_selector_rejects_metadata (tests_lm.test_v05_c189_live_multimissing_target.C189Tests.test_07_restore_selector_rejects_metadata) ... ok
test_08_restore_selector_rejects_fingerprint (tests_lm.test_v05_c189_live_multimissing_target.C189Tests.test_08_restore_selector_rejects_fingerprint) ... ok
test_09_parent_prediction_loader (tests_lm.test_v05_c189_live_multimissing_target.C189Tests.test_09_parent_prediction_loader) ... ok
test_10_parent_prediction_loader_missing_member (tests_lm.test_v05_c189_live_multimissing_target.C189Tests.test_10_parent_prediction_loader_missing_member) ... ok
test_11_combined_predict_shapes_and_mask (tests_lm.test_v05_c189_live_multimissing_target.C189Tests.test_11_combined_predict_shapes_and_mask) ... ok
test_12_target_hidden_path_resource_invariant (tests_lm.test_v05_c189_live_multimissing_target.C189Tests.test_12_target_hidden_path_resource_invariant) ... ok
test_13_combined_predict_preserves_weights (tests_lm.test_v05_c189_live_multimissing_target.C189Tests.test_13_combined_predict_preserves_weights) ... ok
test_14_necessity_predict_raw_argmax (tests_lm.test_v05_c189_live_multimissing_target.C189Tests.test_14_necessity_predict_raw_argmax) ... ok
test_15_target_teacher_is_scoring_only_signature (tests_lm.test_v05_c189_live_multimissing_target.C189Tests.test_15_target_teacher_is_scoring_only_signature) ... ok
test_16_post_label_simple_and (tests_lm.test_v05_c189_live_multimissing_target.C189Tests.test_16_post_label_simple_and) ... ok
test_17_acquire_selected_dynamic_fact (tests_lm.test_v05_c189_live_multimissing_target.C189Tests.test_17_acquire_selected_dynamic_fact) ... ok
test_18_acquire_selected_rejects_observed (tests_lm.test_v05_c189_live_multimissing_target.C189Tests.test_18_acquire_selected_rejects_observed) ... ok
test_19_acquire_selected_no_second_dispatch (tests_lm.test_v05_c189_live_multimissing_target.C189Tests.test_19_acquire_selected_no_second_dispatch) ... ok
test_20_run_block_learned_target_drives_real_io (tests_lm.test_v05_c189_live_multimissing_target.C189Tests.test_20_run_block_learned_target_drives_real_io) ... ok
test_21_run_block_has_one_acquisition_each (tests_lm.test_v05_c189_live_multimissing_target.C189Tests.test_21_run_block_has_one_acquisition_each) ... ok
test_22_run_block_post_need_does_not_reacquire (tests_lm.test_v05_c189_live_multimissing_target.C189Tests.test_22_run_block_post_need_does_not_reacquire) ... ok
test_23_run_block_charges_two_decisions (tests_lm.test_v05_c189_live_multimissing_target.C189Tests.test_23_run_block_charges_two_decisions) ... ok
test_24_gate_accepts_exact_profile (tests_lm.test_v05_c189_live_multimissing_target.C189Tests.test_24_gate_accepts_exact_profile) ... ok
test_25_gate_requires_all_eighteen_blocks (tests_lm.test_v05_c189_live_multimissing_target.C189Tests.test_25_gate_requires_all_eighteen_blocks) ... ok
test_26_gate_rejects_target_error (tests_lm.test_v05_c189_live_multimissing_target.C189Tests.test_26_gate_rejects_target_error) ... ok
test_27_gate_rejects_discriminating_target_error (tests_lm.test_v05_c189_live_multimissing_target.C189Tests.test_27_gate_rejects_discriminating_target_error) ... ok
test_28_gate_rejects_initial_need_error (tests_lm.test_v05_c189_live_multimissing_target.C189Tests.test_28_gate_rejects_initial_need_error) ... ok
test_29_gate_rejects_post_error (tests_lm.test_v05_c189_live_multimissing_target.C189Tests.test_29_gate_rejects_post_error) ... ok
test_30_gate_rejects_contract_error (tests_lm.test_v05_c189_live_multimissing_target.C189Tests.test_30_gate_rejects_contract_error) ... ok
test_31_gate_rejects_io_count (tests_lm.test_v05_c189_live_multimissing_target.C189Tests.test_31_gate_rejects_io_count) ... ok
test_32_gate_rejects_decision_accounting (tests_lm.test_v05_c189_live_multimissing_target.C189Tests.test_32_gate_rejects_decision_accounting) ... ok
test_33_gate_rejects_parent_replay (tests_lm.test_v05_c189_live_multimissing_target.C189Tests.test_33_gate_rejects_parent_replay) ... ok
test_34_gate_rejects_target_logit_drift (tests_lm.test_v05_c189_live_multimissing_target.C189Tests.test_34_gate_rejects_target_logit_drift) ... ok
test_35_manifest_hash_and_scope (tests_lm.test_v05_c189_live_multimissing_target.C189Tests.test_35_manifest_hash_and_scope) ... ok
test_36_policy_interfaces_have_no_teacher_or_answer (tests_lm.test_v05_c189_live_multimissing_target.C189Tests.test_36_policy_interfaces_have_no_teacher_or_answer) ... ok
test_01_world_count (tests_lm.test_v05_c190_iterative_multimissing_acquisition.C190Tests.test_01_world_count) ... ok
test_02_world_zero_records_all_facts (tests_lm.test_v05_c190_iterative_multimissing_acquisition.C190Tests.test_02_world_zero_records_all_facts) ... ok
test_03_world_fifteen_records_ones (tests_lm.test_v05_c190_iterative_multimissing_acquisition.C190Tests.test_03_world_fifteen_records_ones) ... ok
test_04_world_code_rejects_bool (tests_lm.test_v05_c190_iterative_multimissing_acquisition.C190Tests.test_04_world_code_rejects_bool) ... ok
test_05_world_code_rejects_range (tests_lm.test_v05_c190_iterative_multimissing_acquisition.C190Tests.test_05_world_code_rejects_range) ... ok
test_06_consistent_worlds_missing2 (tests_lm.test_v05_c190_iterative_multimissing_acquisition.C190Tests.test_06_consistent_worlds_missing2) ... ok
test_07_consistent_worlds_missing3 (tests_lm.test_v05_c190_iterative_multimissing_acquisition.C190Tests.test_07_consistent_worlds_missing3) ... ok
test_08_consistent_worlds_preserve_visible (tests_lm.test_v05_c190_iterative_multimissing_acquisition.C190Tests.test_08_consistent_worlds_preserve_visible) ... ok
test_09_expand_registered_counts (tests_lm.test_v05_c190_iterative_multimissing_acquisition.C190Tests.test_09_expand_registered_counts) ... ok
test_10_make_views_preserves_epoch_and_world_hidden (tests_lm.test_v05_c190_iterative_multimissing_acquisition.C190Tests.test_10_make_views_preserves_epoch_and_world_hidden) ... ok
test_11_parent_loader_shape (tests_lm.test_v05_c190_iterative_multimissing_acquisition.C190Tests.test_11_parent_loader_shape) ... ok
test_12_parent_loader_rejects_bit_dependent_initial (tests_lm.test_v05_c190_iterative_multimissing_acquisition.C190Tests.test_12_parent_loader_rejects_bit_dependent_initial) ... ok
test_13_initial_policy_cache_unique_rows (tests_lm.test_v05_c190_iterative_multimissing_acquisition.C190Tests.test_13_initial_policy_cache_unique_rows) ... ok
test_14_first_acquisition_real_io (tests_lm.test_v05_c190_iterative_multimissing_acquisition.C190Tests.test_14_first_acquisition_real_io) ... ok
test_15_second_acquisition_same_snapshot (tests_lm.test_v05_c190_iterative_multimissing_acquisition.C190Tests.test_15_second_acquisition_same_snapshot) ... ok
test_16_run_block_stops_after_first_when_sufficient (tests_lm.test_v05_c190_iterative_multimissing_acquisition.C190Tests.test_16_run_block_stops_after_first_when_sufficient) ... ok
test_17_run_block_two_acquisitions (tests_lm.test_v05_c190_iterative_multimissing_acquisition.C190Tests.test_17_run_block_two_acquisitions) ... ok
test_18_run_block_never_third_acquisition (tests_lm.test_v05_c190_iterative_multimissing_acquisition.C190Tests.test_18_run_block_never_third_acquisition) ... ok
test_19_resource_state_after_one_acquisition (tests_lm.test_v05_c190_iterative_multimissing_acquisition.C190Tests.test_19_resource_state_after_one_acquisition) ... ok
test_20_resource_state_after_two_acquisitions (tests_lm.test_v05_c190_iterative_multimissing_acquisition.C190Tests.test_20_resource_state_after_two_acquisitions) ... ok
test_21_gate_accepts_dynamic_second_count (tests_lm.test_v05_c190_iterative_multimissing_acquisition.C190Tests.test_21_gate_accepts_dynamic_second_count) ... ok
test_22_gate_requires_nine_blocks (tests_lm.test_v05_c190_iterative_multimissing_acquisition.C190Tests.test_22_gate_requires_nine_blocks) ... ok
test_23_gate_rejects_first_target_error (tests_lm.test_v05_c190_iterative_multimissing_acquisition.C190Tests.test_23_gate_rejects_first_target_error) ... ok
test_24_gate_rejects_second_target_error (tests_lm.test_v05_c190_iterative_multimissing_acquisition.C190Tests.test_24_gate_rejects_second_target_error) ... ok
test_25_gate_rejects_repeat (tests_lm.test_v05_c190_iterative_multimissing_acquisition.C190Tests.test_25_gate_rejects_repeat) ... ok
test_26_gate_rejects_post2_error (tests_lm.test_v05_c190_iterative_multimissing_acquisition.C190Tests.test_26_gate_rejects_post2_error) ... ok
test_27_gate_rejects_second_io_mismatch (tests_lm.test_v05_c190_iterative_multimissing_acquisition.C190Tests.test_27_gate_rejects_second_io_mismatch) ... ok
test_28_gate_rejects_decision_accounting (tests_lm.test_v05_c190_iterative_multimissing_acquisition.C190Tests.test_28_gate_rejects_decision_accounting) ... ok
test_29_gate_rejects_internal_accounting (tests_lm.test_v05_c190_iterative_multimissing_acquisition.C190Tests.test_29_gate_rejects_internal_accounting) ... ok
test_30_gate_rejects_initial_logit_drift (tests_lm.test_v05_c190_iterative_multimissing_acquisition.C190Tests.test_30_gate_rejects_initial_logit_drift) ... ok
test_31_manifest_hash_fixed (tests_lm.test_v05_c190_iterative_multimissing_acquisition.C190Tests.test_31_manifest_hash_fixed) ... ok
test_32_manifest_world_workload (tests_lm.test_v05_c190_iterative_multimissing_acquisition.C190Tests.test_32_manifest_world_workload) ... ok
test_33_manifest_scope (tests_lm.test_v05_c190_iterative_multimissing_acquisition.C190Tests.test_33_manifest_scope) ... ok
test_34_source_hashes_fixed (tests_lm.test_v05_c190_iterative_multimissing_acquisition.C190Tests.test_34_source_hashes_fixed) ... ok
test_35_outputs_exact_count (tests_lm.test_v05_c190_iterative_multimissing_acquisition.C190Tests.test_35_outputs_exact_count) ... ok
test_36_policy_interfaces_have_no_teacher_or_answer (tests_lm.test_v05_c190_iterative_multimissing_acquisition.C190Tests.test_36_policy_interfaces_have_no_teacher_or_answer) ... ok
test_01_manifest_hash (tests_lm.test_v05_c191_third_acquisition_budget.C191Tests.test_01_manifest_hash) ... ok
test_02_manifest_scope (tests_lm.test_v05_c191_third_acquisition_budget.C191Tests.test_02_manifest_scope) ... ok
test_03_expected_order (tests_lm.test_v05_c191_third_acquisition_budget.C191Tests.test_03_expected_order) ... ok
test_04_gate_accepts (tests_lm.test_v05_c191_third_acquisition_budget.C191Tests.test_04_gate_accepts) ... ok
test_05_gate_requires_nine (tests_lm.test_v05_c191_third_acquisition_budget.C191Tests.test_05_gate_requires_nine) ... ok
test_06_gate_rejects_target2_error (tests_lm.test_v05_c191_third_acquisition_budget.C191Tests.test_06_gate_rejects_target2_error) ... ok
test_07_gate_rejects_repeat (tests_lm.test_v05_c191_third_acquisition_budget.C191Tests.test_07_gate_rejects_repeat) ... ok
test_08_gate_rejects_third_io (tests_lm.test_v05_c191_third_acquisition_budget.C191Tests.test_08_gate_rejects_third_io) ... ok
test_09_gate_rejects_final_logical_need (tests_lm.test_v05_c191_third_acquisition_budget.C191Tests.test_09_gate_rejects_final_logical_need) ... ok
test_10_gate_rejects_fourth_decision (tests_lm.test_v05_c191_third_acquisition_budget.C191Tests.test_10_gate_rejects_fourth_decision) ... ok
test_11_gate_rejects_read_accounting (tests_lm.test_v05_c191_third_acquisition_budget.C191Tests.test_11_gate_rejects_read_accounting) ... ok
test_12_gate_rejects_replay_error (tests_lm.test_v05_c191_third_acquisition_budget.C191Tests.test_12_gate_rejects_replay_error) ... ok
test_13_gate_rejects_logit_drift (tests_lm.test_v05_c191_third_acquisition_budget.C191Tests.test_13_gate_rejects_logit_drift) ... ok
test_14_load_parent_shapes (tests_lm.test_v05_c191_third_acquisition_budget.C191Tests.test_14_load_parent_shapes) ... ok
test_15_load_parent_rejects_schema (tests_lm.test_v05_c191_third_acquisition_budget.C191Tests.test_15_load_parent_rejects_schema) ... ok
test_16_run_three_acquisitions (tests_lm.test_v05_c191_third_acquisition_budget.C191Tests.test_16_run_three_acquisitions) ... ok
test_17_third_exhausts_internal_budget (tests_lm.test_v05_c191_third_acquisition_budget.C191Tests.test_17_third_exhausts_internal_budget) ... ok
test_18_third_observes_all_facts (tests_lm.test_v05_c191_third_acquisition_budget.C191Tests.test_18_third_observes_all_facts) ... ok
test_19_phase2_sufficient_stops_at_two (tests_lm.test_v05_c191_third_acquisition_budget.C191Tests.test_19_phase2_sufficient_stops_at_two) ... ok
test_20_target2_scope_declared_trivial (tests_lm.test_v05_c191_third_acquisition_budget.C191Tests.test_20_target2_scope_declared_trivial) ... ok
test_21_budget_is_unchanged (tests_lm.test_v05_c191_third_acquisition_budget.C191Tests.test_21_budget_is_unchanged) ... ok
test_22_no_post3_learned_decision (tests_lm.test_v05_c191_third_acquisition_budget.C191Tests.test_22_no_post3_learned_decision) ... ok
test_23_outputs_count (tests_lm.test_v05_c191_third_acquisition_budget.C191Tests.test_23_outputs_count) ... ok
test_24_fixed_source_worlds (tests_lm.test_v05_c191_third_acquisition_budget.C191Tests.test_24_fixed_source_worlds) ... ok
test_01_manifest_hash (tests_lm.test_v05_c192_post3_shadow_necessity.C192Tests.test_01_manifest_hash) ... ok
test_02_manifest_workload (tests_lm.test_v05_c192_post3_shadow_necessity.C192Tests.test_02_manifest_workload) ... ok
test_03_outputs_exact (tests_lm.test_v05_c192_post3_shadow_necessity.C192Tests.test_03_outputs_exact) ... ok
test_04_expected_order (tests_lm.test_v05_c192_post3_shadow_necessity.C192Tests.test_04_expected_order) ... ok
test_05_gate_accepts (tests_lm.test_v05_c192_post3_shadow_necessity.C192Tests.test_05_gate_accepts) ... ok
test_06_gate_requires_nine (tests_lm.test_v05_c192_post3_shadow_necessity.C192Tests.test_06_gate_requires_nine) ... ok
test_07_gate_rejects_shadow_error (tests_lm.test_v05_c192_post3_shadow_necessity.C192Tests.test_07_gate_rejects_shadow_error) ... ok
test_08_gate_rejects_nonfinite (tests_lm.test_v05_c192_post3_shadow_necessity.C192Tests.test_08_gate_rejects_nonfinite) ... ok
test_09_gate_rejects_logical_error (tests_lm.test_v05_c192_post3_shadow_necessity.C192Tests.test_09_gate_rejects_logical_error) ... ok
test_10_gate_rejects_mutation (tests_lm.test_v05_c192_post3_shadow_necessity.C192Tests.test_10_gate_rejects_mutation) ... ok
test_11_gate_requires_928_shadow_rows (tests_lm.test_v05_c192_post3_shadow_necessity.C192Tests.test_11_gate_requires_928_shadow_rows) ... ok
test_12_gate_rejects_extra_read (tests_lm.test_v05_c192_post3_shadow_necessity.C192Tests.test_12_gate_rejects_extra_read) ... ok
test_13_gate_rejects_parent_prediction_error (tests_lm.test_v05_c192_post3_shadow_necessity.C192Tests.test_13_gate_rejects_parent_prediction_error) ... ok
test_14_gate_rejects_parent_logit_drift (tests_lm.test_v05_c192_post3_shadow_necessity.C192Tests.test_14_gate_rejects_parent_logit_drift) ... ok
test_15_packet_from_dict (tests_lm.test_v05_c192_post3_shadow_necessity.C192Tests.test_15_packet_from_dict) ... ok
test_16_parent_loader_shapes (tests_lm.test_v05_c192_post3_shadow_necessity.C192Tests.test_16_parent_loader_shapes) ... ok
test_17_parent_loader_rejects_schema (tests_lm.test_v05_c192_post3_shadow_necessity.C192Tests.test_17_parent_loader_rejects_schema) ... ok
test_18_assess_shadow_pass (tests_lm.test_v05_c192_post3_shadow_necessity.C192Tests.test_18_assess_shadow_pass) ... ok
test_19_assess_shadow_wrong_prediction (tests_lm.test_v05_c192_post3_shadow_necessity.C192Tests.test_19_assess_shadow_wrong_prediction) ... ok
test_20_assess_shadow_nonfinite (tests_lm.test_v05_c192_post3_shadow_necessity.C192Tests.test_20_assess_shadow_nonfinite) ... ok
test_21_assess_shadow_logical_teacher_error (tests_lm.test_v05_c192_post3_shadow_necessity.C192Tests.test_21_assess_shadow_logical_teacher_error) ... ok
test_22_noneligible_not_scored (tests_lm.test_v05_c192_post3_shadow_necessity.C192Tests.test_22_noneligible_not_scored) ... ok
test_23_shadow_is_declared_non_authoritative (tests_lm.test_v05_c192_post3_shadow_necessity.C192Tests.test_23_shadow_is_declared_non_authoritative) ... ok
test_24_budget_is_not_changed (tests_lm.test_v05_c192_post3_shadow_necessity.C192Tests.test_24_budget_is_not_changed) ... ok
test_01_manifest_hash (tests_lm.test_v05_c193_budget13_authoritative_closure.C193Tests.test_01_manifest_hash) ... ok
test_02_manifest_scope (tests_lm.test_v05_c193_budget13_authoritative_closure.C193Tests.test_02_manifest_scope) ... ok
test_03_outputs_exact (tests_lm.test_v05_c193_budget13_authoritative_closure.C193Tests.test_03_outputs_exact) ... ok
test_04_expected_order (tests_lm.test_v05_c193_budget13_authoritative_closure.C193Tests.test_04_expected_order) ... ok
test_05_budget13_only_coordinate62 (tests_lm.test_v05_c193_budget13_authoritative_closure.C193Tests.test_05_budget13_only_coordinate62) ... ok
test_06_budget13_does_not_mutate_input (tests_lm.test_v05_c193_budget13_authoritative_closure.C193Tests.test_06_budget13_does_not_mutate_input) ... ok
test_07_budget13_rejects_non12 (tests_lm.test_v05_c193_budget13_authoritative_closure.C193Tests.test_07_budget13_rejects_non12) ... ok
test_08_initial_cache_charges_to12 (tests_lm.test_v05_c193_budget13_authoritative_closure.C193Tests.test_08_initial_cache_charges_to12) ... ok
test_09_run_three_acquisitions_and_final_decision (tests_lm.test_v05_c193_budget13_authoritative_closure.C193Tests.test_09_run_three_acquisitions_and_final_decision) ... ok
test_10_final_resources_exact (tests_lm.test_v05_c193_budget13_authoritative_closure.C193Tests.test_10_final_resources_exact) ... ok
test_11_final_decision_is_charged (tests_lm.test_v05_c193_budget13_authoritative_closure.C193Tests.test_11_final_decision_is_charged) ... ok
test_12_gate_accepts (tests_lm.test_v05_c193_budget13_authoritative_closure.C193Tests.test_12_gate_accepts) ... ok
test_13_gate_requires_nine (tests_lm.test_v05_c193_budget13_authoritative_closure.C193Tests.test_13_gate_requires_nine) ... ok
test_14_gate_rejects_necessity_error (tests_lm.test_v05_c193_budget13_authoritative_closure.C193Tests.test_14_gate_rejects_necessity_error) ... ok
test_15_gate_rejects_target_error (tests_lm.test_v05_c193_budget13_authoritative_closure.C193Tests.test_15_gate_rejects_target_error) ... ok
test_16_gate_rejects_acquisition_error (tests_lm.test_v05_c193_budget13_authoritative_closure.C193Tests.test_16_gate_rejects_acquisition_error) ... ok
test_17_gate_rejects_final_error (tests_lm.test_v05_c193_budget13_authoritative_closure.C193Tests.test_17_gate_rejects_final_error) ... ok
test_18_gate_requires_third_coverage (tests_lm.test_v05_c193_budget13_authoritative_closure.C193Tests.test_18_gate_requires_third_coverage) ... ok
test_19_gate_requires_final_equals_third (tests_lm.test_v05_c193_budget13_authoritative_closure.C193Tests.test_19_gate_requires_final_equals_third) ... ok
test_20_gate_read_accounting (tests_lm.test_v05_c193_budget13_authoritative_closure.C193Tests.test_20_gate_read_accounting) ... ok
test_21_resource_path_declared (tests_lm.test_v05_c193_budget13_authoritative_closure.C193Tests.test_21_resource_path_declared) ... ok
test_22_model_visibility_declared (tests_lm.test_v05_c193_budget13_authoritative_closure.C193Tests.test_22_model_visibility_declared) ... ok
test_23_no_parent_prediction_loader_dependency (tests_lm.test_v05_c193_budget13_authoritative_closure.C193Tests.test_23_no_parent_prediction_loader_dependency) ... ok
test_24_run_path_uses_budget13_for_unique_and_expanded (tests_lm.test_v05_c193_budget13_authoritative_closure.C193Tests.test_24_run_path_uses_budget13_for_unique_and_expanded) ... ok
test_01_manifest_hash (tests_lm.test_v05_c194_generic_bounded_loop.C194Tests.test_01_manifest_hash) ... ok
test_02_manifest_scope (tests_lm.test_v05_c194_generic_bounded_loop.C194Tests.test_02_manifest_scope) ... ok
test_03_derived_bound (tests_lm.test_v05_c194_generic_bounded_loop.C194Tests.test_03_derived_bound) ... ok
test_04_outputs_exact (tests_lm.test_v05_c194_generic_bounded_loop.C194Tests.test_04_outputs_exact) ... ok
test_05_expected_order (tests_lm.test_v05_c194_generic_bounded_loop.C194Tests.test_05_expected_order) ... ok
test_06_generic_loop_three_acquisitions (tests_lm.test_v05_c194_generic_bounded_loop.C194Tests.test_06_generic_loop_three_acquisitions) ... ok
test_07_generic_loop_four_decisions (tests_lm.test_v05_c194_generic_bounded_loop.C194Tests.test_07_generic_loop_four_decisions) ... ok
test_08_generic_loop_final_sufficient (tests_lm.test_v05_c194_generic_bounded_loop.C194Tests.test_08_generic_loop_final_sufficient) ... ok
test_09_generic_loop_final_resources (tests_lm.test_v05_c194_generic_bounded_loop.C194Tests.test_09_generic_loop_final_resources) ... ok
test_10_arrays_match_parent_shapes (tests_lm.test_v05_c194_generic_bounded_loop.C194Tests.test_10_arrays_match_parent_shapes) ... ok
test_11_loop_source_has_no_phase1_branch (tests_lm.test_v05_c194_generic_bounded_loop.C194Tests.test_11_loop_source_has_no_phase1_branch) ... ok
test_12_loop_target_mode_is_state_driven (tests_lm.test_v05_c194_generic_bounded_loop.C194Tests.test_12_loop_target_mode_is_state_driven) ... ok
test_13_gate_accepts (tests_lm.test_v05_c194_generic_bounded_loop.C194Tests.test_13_gate_accepts) ... ok
test_14_gate_requires_nine (tests_lm.test_v05_c194_generic_bounded_loop.C194Tests.test_14_gate_requires_nine) ... ok
test_15_gate_rejects_parent_replay (tests_lm.test_v05_c194_generic_bounded_loop.C194Tests.test_15_gate_rejects_parent_replay) ... ok
test_16_gate_rejects_parent_block_mismatch (tests_lm.test_v05_c194_generic_bounded_loop.C194Tests.test_16_gate_rejects_parent_block_mismatch) ... ok
test_17_gate_rejects_prediction_error (tests_lm.test_v05_c194_generic_bounded_loop.C194Tests.test_17_gate_rejects_prediction_error) ... ok
test_18_gate_rejects_logit_drift (tests_lm.test_v05_c194_generic_bounded_loop.C194Tests.test_18_gate_rejects_logit_drift) ... ok
test_19_gate_rejects_scientific_error (tests_lm.test_v05_c194_generic_bounded_loop.C194Tests.test_19_gate_rejects_scientific_error) ... ok
test_20_gate_read_accounting (tests_lm.test_v05_c194_generic_bounded_loop.C194Tests.test_20_gate_read_accounting) ... ok
test_21_parent_replay_metrics_exact (tests_lm.test_v05_c194_generic_bounded_loop.C194Tests.test_21_parent_replay_metrics_exact) ... ok
test_22_parent_loader_shapes (tests_lm.test_v05_c194_generic_bounded_loop.C194Tests.test_22_parent_loader_shapes) ... ok
test_23_parent_loader_rejects_schema (tests_lm.test_v05_c194_generic_bounded_loop.C194Tests.test_23_parent_loader_rejects_schema) ... ok
test_24_run_uses_child_parent_loader (tests_lm.test_v05_c194_generic_bounded_loop.C194Tests.test_24_run_uses_child_parent_loader) ... ok
test_01_manifest_hash (tests_lm.test_v05_c195_generic_loop_budget12_exhaustion.C195Tests.test_01_manifest_hash) ... ok
test_02_manifest_scope (tests_lm.test_v05_c195_generic_loop_budget12_exhaustion.C195Tests.test_02_manifest_scope) ... ok
test_03_outputs_exact (tests_lm.test_v05_c195_generic_loop_budget12_exhaustion.C195Tests.test_03_outputs_exact) ... ok
test_04_expected_order (tests_lm.test_v05_c195_generic_loop_budget12_exhaustion.C195Tests.test_04_expected_order) ... ok
test_05_budget12_three_acquisitions (tests_lm.test_v05_c195_generic_loop_budget12_exhaustion.C195Tests.test_05_budget12_three_acquisitions) ... ok
test_06_fourth_debit_refused (tests_lm.test_v05_c195_generic_loop_budget12_exhaustion.C195Tests.test_06_fourth_debit_refused) ... ok
test_07_exhausted_status (tests_lm.test_v05_c195_generic_loop_budget12_exhaustion.C195Tests.test_07_exhausted_status) ... ok
test_08_exhausted_resources_exact (tests_lm.test_v05_c195_generic_loop_budget12_exhaustion.C195Tests.test_08_exhausted_resources_exact) ... ok
test_09_no_unauthorized_phase3_prediction (tests_lm.test_v05_c195_generic_loop_budget12_exhaustion.C195Tests.test_09_no_unauthorized_phase3_prediction) ... ok
test_10_earlier_sufficient_still_stops (tests_lm.test_v05_c195_generic_loop_budget12_exhaustion.C195Tests.test_10_earlier_sufficient_still_stops) ... ok
test_11_reference_replay_exact (tests_lm.test_v05_c195_generic_loop_budget12_exhaustion.C195Tests.test_11_reference_replay_exact) ... ok
test_12_replay_detects_unauthorized_final (tests_lm.test_v05_c195_generic_loop_budget12_exhaustion.C195Tests.test_12_replay_detects_unauthorized_final) ... ok
test_13_gate_accepts (tests_lm.test_v05_c195_generic_loop_budget12_exhaustion.C195Tests.test_13_gate_accepts) ... ok
test_14_gate_requires_nine (tests_lm.test_v05_c195_generic_loop_budget12_exhaustion.C195Tests.test_14_gate_requires_nine) ... ok
test_15_gate_rejects_fake_final (tests_lm.test_v05_c195_generic_loop_budget12_exhaustion.C195Tests.test_15_gate_rejects_fake_final) ... ok
test_16_gate_rejects_resource_error (tests_lm.test_v05_c195_generic_loop_budget12_exhaustion.C195Tests.test_16_gate_rejects_resource_error) ... ok
test_17_gate_requires_928_exhausted (tests_lm.test_v05_c195_generic_loop_budget12_exhaustion.C195Tests.test_17_gate_requires_928_exhausted) ... ok
test_18_gate_rejects_reference_prediction_error (tests_lm.test_v05_c195_generic_loop_budget12_exhaustion.C195Tests.test_18_gate_rejects_reference_prediction_error) ... ok
test_19_gate_rejects_logit_drift (tests_lm.test_v05_c195_generic_loop_budget12_exhaustion.C195Tests.test_19_gate_rejects_logit_drift) ... ok
test_20_gate_read_accounting (tests_lm.test_v05_c195_generic_loop_budget12_exhaustion.C195Tests.test_20_gate_read_accounting) ... ok
test_21_reference_loader_shapes (tests_lm.test_v05_c195_generic_loop_budget12_exhaustion.C195Tests.test_21_reference_loader_shapes) ... ok
test_22_reference_loader_rejects_schema (tests_lm.test_v05_c195_generic_loop_budget12_exhaustion.C195Tests.test_22_reference_loader_rejects_schema) ... ok
test_23_run_reuses_generic_loop (tests_lm.test_v05_c195_generic_loop_budget12_exhaustion.C195Tests.test_23_run_reuses_generic_loop) ... ok
test_24_run_uses_child_reference_loader (tests_lm.test_v05_c195_generic_loop_budget12_exhaustion.C195Tests.test_24_run_uses_child_reference_loader) ... ok
test_01_manifest_hash (tests_lm.test_v05_c196_result_aware_generic_loop.C196Tests.test_01_manifest_hash) ... ok
test_02_manifest_scope (tests_lm.test_v05_c196_result_aware_generic_loop.C196Tests.test_02_manifest_scope) ... ok
test_03_outputs_exact (tests_lm.test_v05_c196_result_aware_generic_loop.C196Tests.test_03_outputs_exact) ... ok
test_04_expected_order (tests_lm.test_v05_c196_result_aware_generic_loop.C196Tests.test_04_expected_order) ... ok
test_05_admitted_true_only_for_published_observation (tests_lm.test_v05_c196_result_aware_generic_loop.C196Tests.test_05_admitted_true_only_for_published_observation) ... ok
test_06_permission_refresh_only_revokes_retrieve (tests_lm.test_v05_c196_result_aware_generic_loop.C196Tests.test_06_permission_refresh_only_revokes_retrieve) ... ok
test_07_allowed_three_acquisitions (tests_lm.test_v05_c196_result_aware_generic_loop.C196Tests.test_07_allowed_three_acquisitions) ... ok
test_08_allowed_final_sufficient (tests_lm.test_v05_c196_result_aware_generic_loop.C196Tests.test_08_allowed_final_sufficient) ... ok
test_09_allowed_resources_exact (tests_lm.test_v05_c196_result_aware_generic_loop.C196Tests.test_09_allowed_resources_exact) ... ok
test_10_denied_one_attempt_no_provider_read (tests_lm.test_v05_c196_result_aware_generic_loop.C196Tests.test_10_denied_one_attempt_no_provider_read) ... ok
test_11_denied_status_and_reason (tests_lm.test_v05_c196_result_aware_generic_loop.C196Tests.test_11_denied_status_and_reason) ... ok
test_12_denied_no_retry (tests_lm.test_v05_c196_result_aware_generic_loop.C196Tests.test_12_denied_no_retry) ... ok
test_13_denied_resources_exact (tests_lm.test_v05_c196_result_aware_generic_loop.C196Tests.test_13_denied_resources_exact) ... ok
test_14_denied_no_receipt_or_fact_mutation (tests_lm.test_v05_c196_result_aware_generic_loop.C196Tests.test_14_denied_no_receipt_or_fact_mutation) ... ok
test_15_result_aware_source_continues_only_if_admitted (tests_lm.test_v05_c196_result_aware_generic_loop.C196Tests.test_15_result_aware_source_continues_only_if_admitted) ... ok
test_16_gate_accepts (tests_lm.test_v05_c196_result_aware_generic_loop.C196Tests.test_16_gate_accepts) ... ok
test_17_gate_rejects_allowed_replay_error (tests_lm.test_v05_c196_result_aware_generic_loop.C196Tests.test_17_gate_rejects_allowed_replay_error) ... ok
test_18_gate_rejects_allowed_block_mismatch (tests_lm.test_v05_c196_result_aware_generic_loop.C196Tests.test_18_gate_rejects_allowed_block_mismatch) ... ok
test_19_gate_rejects_denial_retry (tests_lm.test_v05_c196_result_aware_generic_loop.C196Tests.test_19_gate_rejects_denial_retry) ... ok
test_20_gate_rejects_denial_provider_call (tests_lm.test_v05_c196_result_aware_generic_loop.C196Tests.test_20_gate_rejects_denial_provider_call) ... ok
test_21_gate_rejects_denial_resource_error (tests_lm.test_v05_c196_result_aware_generic_loop.C196Tests.test_21_gate_rejects_denial_resource_error) ... ok
test_22_c194_loader_shapes (tests_lm.test_v05_c196_result_aware_generic_loop.C196Tests.test_22_c194_loader_shapes) ... ok
test_23_c194_loader_rejects_schema (tests_lm.test_v05_c196_result_aware_generic_loop.C196Tests.test_23_c194_loader_rejects_schema) ... ok
test_24_run_uses_child_loader_and_post_decision_revocation (tests_lm.test_v05_c196_result_aware_generic_loop.C196Tests.test_24_run_uses_child_loader_and_post_decision_revocation) ... ok
test_01_manifest_hash (tests_lm.test_v05_c197_provider_failure_generic_loop.C197Tests.test_01_manifest_hash) ... ok
test_02_manifest_scope (tests_lm.test_v05_c197_provider_failure_generic_loop.C197Tests.test_02_manifest_scope) ... ok
test_03_outputs_exact (tests_lm.test_v05_c197_provider_failure_generic_loop.C197Tests.test_03_outputs_exact) ... ok
test_04_expected_order (tests_lm.test_v05_c197_provider_failure_generic_loop.C197Tests.test_04_expected_order) ... ok
test_05_failing_provider_counts_and_raises (tests_lm.test_v05_c197_provider_failure_generic_loop.C197Tests.test_05_failing_provider_counts_and_raises) ... ok
test_06_integration_one_provider_call (tests_lm.test_v05_c197_provider_failure_generic_loop.C197Tests.test_06_integration_one_provider_call) ... ok
test_07_integration_reserved_then_provider_failure (tests_lm.test_v05_c197_provider_failure_generic_loop.C197Tests.test_07_integration_reserved_then_provider_failure) ... ok
test_08_reason_propagates_to_loop_status (tests_lm.test_v05_c197_provider_failure_generic_loop.C197Tests.test_08_reason_propagates_to_loop_status) ... ok
test_09_failure_no_retry (tests_lm.test_v05_c197_provider_failure_generic_loop.C197Tests.test_09_failure_no_retry) ... ok
test_10_failure_resources_exact (tests_lm.test_v05_c197_provider_failure_generic_loop.C197Tests.test_10_failure_resources_exact) ... ok
test_11_failure_no_receipt_or_fact_mutation (tests_lm.test_v05_c197_provider_failure_generic_loop.C197Tests.test_11_failure_no_receipt_or_fact_mutation) ... ok
test_12_score_failure_accepts_integration_record (tests_lm.test_v05_c197_provider_failure_generic_loop.C197Tests.test_12_score_failure_accepts_integration_record) ... ok
test_13_score_rejects_wrong_status (tests_lm.test_v05_c197_provider_failure_generic_loop.C197Tests.test_13_score_rejects_wrong_status) ... ok
test_14_score_rejects_wrong_provider_count (tests_lm.test_v05_c197_provider_failure_generic_loop.C197Tests.test_14_score_rejects_wrong_provider_count) ... ok
test_15_score_rejects_publication (tests_lm.test_v05_c197_provider_failure_generic_loop.C197Tests.test_15_score_rejects_publication) ... ok
test_16_gate_accepts (tests_lm.test_v05_c197_provider_failure_generic_loop.C197Tests.test_16_gate_accepts) ... ok
test_17_gate_requires_nine (tests_lm.test_v05_c197_provider_failure_generic_loop.C197Tests.test_17_gate_requires_nine) ... ok
test_18_gate_rejects_allowed_replay_error (tests_lm.test_v05_c197_provider_failure_generic_loop.C197Tests.test_18_gate_rejects_allowed_replay_error) ... ok
test_19_gate_rejects_failure_error (tests_lm.test_v05_c197_provider_failure_generic_loop.C197Tests.test_19_gate_rejects_failure_error) ... ok
test_20_gate_requires_provider_calls (tests_lm.test_v05_c197_provider_failure_generic_loop.C197Tests.test_20_gate_requires_provider_calls) ... ok
test_21_gate_requires_adapter_calls (tests_lm.test_v05_c197_provider_failure_generic_loop.C197Tests.test_21_gate_requires_adapter_calls) ... ok
test_22_gate_rejects_retry (tests_lm.test_v05_c197_provider_failure_generic_loop.C197Tests.test_22_gate_rejects_retry) ... ok
test_23_wrapper_reuses_c196_loop (tests_lm.test_v05_c197_provider_failure_generic_loop.C197Tests.test_23_wrapper_reuses_c196_loop) ... ok
test_24_only_reason_rule_is_added (tests_lm.test_v05_c197_provider_failure_generic_loop.C197Tests.test_24_only_reason_rule_is_added) ... ok
test_01_manifest_hash (tests_lm.test_v05_c198_stale_reservation_generic_loop.C198Tests.test_01_manifest_hash) ... ok
test_02_manifest_scope (tests_lm.test_v05_c198_stale_reservation_generic_loop.C198Tests.test_02_manifest_scope) ... ok
test_03_outputs_exact (tests_lm.test_v05_c198_stale_reservation_generic_loop.C198Tests.test_03_outputs_exact) ... ok
test_04_expected_order (tests_lm.test_v05_c198_stale_reservation_generic_loop.C198Tests.test_04_expected_order) ... ok
test_05_integration_provider_not_called (tests_lm.test_v05_c198_stale_reservation_generic_loop.C198Tests.test_05_integration_provider_not_called) ... ok
test_06_action_reserves_before_refresh (tests_lm.test_v05_c198_stale_reservation_generic_loop.C198Tests.test_06_action_reserves_before_refresh) ... ok
test_07_dispatch_rejects_stale_reservation (tests_lm.test_v05_c198_stale_reservation_generic_loop.C198Tests.test_07_dispatch_rejects_stale_reservation) ... ok
test_08_reason_propagates_to_loop_status (tests_lm.test_v05_c198_stale_reservation_generic_loop.C198Tests.test_08_reason_propagates_to_loop_status) ... ok
test_09_stale_no_retry (tests_lm.test_v05_c198_stale_reservation_generic_loop.C198Tests.test_09_stale_no_retry) ... ok
test_10_stale_resources_exact (tests_lm.test_v05_c198_stale_reservation_generic_loop.C198Tests.test_10_stale_resources_exact) ... ok
test_11_refresh_advances_identity_exactly_once (tests_lm.test_v05_c198_stale_reservation_generic_loop.C198Tests.test_11_refresh_advances_identity_exactly_once) ... ok
test_12_stale_no_receipt_or_fact_mutation (tests_lm.test_v05_c198_stale_reservation_generic_loop.C198Tests.test_12_stale_no_receipt_or_fact_mutation) ... ok
test_13_score_stale_accepts_integration_record (tests_lm.test_v05_c198_stale_reservation_generic_loop.C198Tests.test_13_score_stale_accepts_integration_record) ... ok
test_14_score_rejects_wrong_status (tests_lm.test_v05_c198_stale_reservation_generic_loop.C198Tests.test_14_score_rejects_wrong_status) ... ok
test_15_gate_accepts (tests_lm.test_v05_c198_stale_reservation_generic_loop.C198Tests.test_15_gate_accepts) ... ok
test_16_gate_requires_nine (tests_lm.test_v05_c198_stale_reservation_generic_loop.C198Tests.test_16_gate_requires_nine) ... ok
test_17_gate_rejects_allowed_replay_error (tests_lm.test_v05_c198_stale_reservation_generic_loop.C198Tests.test_17_gate_rejects_allowed_replay_error) ... ok
test_18_gate_rejects_stale_error (tests_lm.test_v05_c198_stale_reservation_generic_loop.C198Tests.test_18_gate_rejects_stale_error) ... ok
test_19_gate_rejects_provider_call (tests_lm.test_v05_c198_stale_reservation_generic_loop.C198Tests.test_19_gate_rejects_provider_call) ... ok
test_20_gate_rejects_provider_read (tests_lm.test_v05_c198_stale_reservation_generic_loop.C198Tests.test_20_gate_rejects_provider_read) ... ok
test_21_gate_rejects_retry (tests_lm.test_v05_c198_stale_reservation_generic_loop.C198Tests.test_21_gate_rejects_retry) ... ok
test_22_parent_loader_contract_is_explicit (tests_lm.test_v05_c198_stale_reservation_generic_loop.C198Tests.test_22_parent_loader_contract_is_explicit) ... ok
test_23_refresh_occurs_between_reservation_and_dispatch (tests_lm.test_v05_c198_stale_reservation_generic_loop.C198Tests.test_23_refresh_occurs_between_reservation_and_dispatch) ... ok
test_24_reason_rule_prefers_dispatch (tests_lm.test_v05_c198_stale_reservation_generic_loop.C198Tests.test_24_reason_rule_prefers_dispatch) ... ok
test_01_manifest_hash (tests_lm.test_v05_c199_attempt_limit_generic_loop.C199Tests.test_01_manifest_hash) ... ok
test_02_manifest_scope (tests_lm.test_v05_c199_attempt_limit_generic_loop.C199Tests.test_02_manifest_scope) ... ok
test_03_outputs_exact (tests_lm.test_v05_c199_attempt_limit_generic_loop.C199Tests.test_03_outputs_exact) ... ok
test_04_expected_order (tests_lm.test_v05_c199_attempt_limit_generic_loop.C199Tests.test_04_expected_order) ... ok
test_05_first_provider_call_occurs_once (tests_lm.test_v05_c199_attempt_limit_generic_loop.C199Tests.test_05_first_provider_call_occurs_once) ... ok
test_06_first_acquisition_is_admitted (tests_lm.test_v05_c199_attempt_limit_generic_loop.C199Tests.test_06_first_acquisition_is_admitted) ... ok
test_07_second_reservation_is_created (tests_lm.test_v05_c199_attempt_limit_generic_loop.C199Tests.test_07_second_reservation_is_created) ... ok
test_08_second_dispatch_hits_attempt_limit (tests_lm.test_v05_c199_attempt_limit_generic_loop.C199Tests.test_08_second_dispatch_hits_attempt_limit) ... ok
test_09_reason_propagates_to_loop_status (tests_lm.test_v05_c199_attempt_limit_generic_loop.C199Tests.test_09_reason_propagates_to_loop_status) ... ok
test_10_limit_has_no_third_decision (tests_lm.test_v05_c199_attempt_limit_generic_loop.C199Tests.test_10_limit_has_no_third_decision) ... ok
test_11_limit_resources_exact (tests_lm.test_v05_c199_attempt_limit_generic_loop.C199Tests.test_11_limit_resources_exact) ... ok
test_12_one_receipt_and_one_new_observation (tests_lm.test_v05_c199_attempt_limit_generic_loop.C199Tests.test_12_one_receipt_and_one_new_observation) ... ok
test_13_score_limit_accepts_integration_record (tests_lm.test_v05_c199_attempt_limit_generic_loop.C199Tests.test_13_score_limit_accepts_integration_record) ... ok
test_14_score_rejects_wrong_status (tests_lm.test_v05_c199_attempt_limit_generic_loop.C199Tests.test_14_score_rejects_wrong_status) ... ok
test_15_gate_accepts (tests_lm.test_v05_c199_attempt_limit_generic_loop.C199Tests.test_15_gate_accepts) ... ok
test_16_gate_requires_nine (tests_lm.test_v05_c199_attempt_limit_generic_loop.C199Tests.test_16_gate_requires_nine) ... ok
test_17_gate_rejects_allowed_replay_error (tests_lm.test_v05_c199_attempt_limit_generic_loop.C199Tests.test_17_gate_rejects_allowed_replay_error) ... ok
test_18_gate_rejects_limit_error (tests_lm.test_v05_c199_attempt_limit_generic_loop.C199Tests.test_18_gate_rejects_limit_error) ... ok
test_19_gate_rejects_second_provider_call (tests_lm.test_v05_c199_attempt_limit_generic_loop.C199Tests.test_19_gate_rejects_second_provider_call) ... ok
test_20_gate_rejects_third_prediction (tests_lm.test_v05_c199_attempt_limit_generic_loop.C199Tests.test_20_gate_rejects_third_prediction) ... ok
test_21_gate_requires_reference_second_count (tests_lm.test_v05_c199_attempt_limit_generic_loop.C199Tests.test_21_gate_requires_reference_second_count) ... ok
test_22_parent_loader_contract_is_explicit (tests_lm.test_v05_c199_attempt_limit_generic_loop.C199Tests.test_22_parent_loader_contract_is_explicit) ... ok
test_23_owner_limit_is_single_changed_runtime_config (tests_lm.test_v05_c199_attempt_limit_generic_loop.C199Tests.test_23_owner_limit_is_single_changed_runtime_config) ... ok
test_24_reason_rule_prefers_dispatch (tests_lm.test_v05_c199_attempt_limit_generic_loop.C199Tests.test_24_reason_rule_prefers_dispatch) ... ok
test_01_schema_identity (tests_lm.test_v05_c200_acquisition_channel_input.C200Tests.test_01_schema_identity) ... ok
test_02_feature_width_is_additive (tests_lm.test_v05_c200_acquisition_channel_input.C200Tests.test_02_feature_width_is_additive) ... ok
test_03_channels_match_registered_tools (tests_lm.test_v05_c200_acquisition_channel_input.C200Tests.test_03_channels_match_registered_tools) ... ok
test_04_manifest_hash (tests_lm.test_v05_c200_acquisition_channel_input.C200Tests.test_04_manifest_hash) ... ok
test_05_manifest_scope_counts (tests_lm.test_v05_c200_acquisition_channel_input.C200Tests.test_05_manifest_scope_counts) ... ok
test_06_four_fact_prefix_exact (tests_lm.test_v05_c200_acquisition_channel_input.C200Tests.test_06_four_fact_prefix_exact) ... ok
test_07_four_fact_binding_exact (tests_lm.test_v05_c200_acquisition_channel_input.C200Tests.test_07_four_fact_binding_exact) ... ok
test_08_roundtrip_exact (tests_lm.test_v05_c200_acquisition_channel_input.C200Tests.test_08_roundtrip_exact) ... ok
test_09_all_channel_masks_roundtrip (tests_lm.test_v05_c200_acquisition_channel_input.C200Tests.test_09_all_channel_masks_roundtrip) ... ok
test_10_all_eight_channel_classes_present (tests_lm.test_v05_c200_acquisition_channel_input.C200Tests.test_10_all_eight_channel_classes_present) ... ok
test_11_runtime_cross_count (tests_lm.test_v05_c200_acquisition_channel_input.C200Tests.test_11_runtime_cross_count) ... ok
test_12_runtime_cross_all_pass (tests_lm.test_v05_c200_acquisition_channel_input.C200Tests.test_12_runtime_cross_all_pass) ... ok
test_13_declared_channels_do_not_apply_authority (tests_lm.test_v05_c200_acquisition_channel_input.C200Tests.test_13_declared_channels_do_not_apply_authority) ... ok
test_14_visible_usable_intersects_masks (tests_lm.test_v05_c200_acquisition_channel_input.C200Tests.test_14_visible_usable_intersects_masks) ... ok
test_15_zero_channel_fact_is_representable (tests_lm.test_v05_c200_acquisition_channel_input.C200Tests.test_15_zero_channel_fact_is_representable) ... ok
test_16_hidden_pair_count (tests_lm.test_v05_c200_acquisition_channel_input.C200Tests.test_16_hidden_pair_count) ... ok
test_17_hidden_pair_packets_identical (tests_lm.test_v05_c200_acquisition_channel_input.C200Tests.test_17_hidden_pair_packets_identical) ... ok
test_18_hidden_pairs_include_answer_changing_cases (tests_lm.test_v05_c200_acquisition_channel_input.C200Tests.test_18_hidden_pairs_include_answer_changing_cases) ... ok
test_19_hidden_values_not_in_packet_contract (tests_lm.test_v05_c200_acquisition_channel_input.C200Tests.test_19_hidden_values_not_in_packet_contract) ... ok
test_20_malformed_count (tests_lm.test_v05_c200_acquisition_channel_input.C200Tests.test_20_malformed_count) ... ok
test_21_all_malformed_rejected (tests_lm.test_v05_c200_acquisition_channel_input.C200Tests.test_21_all_malformed_rejected) ... ok
test_22_padding_must_be_zero (tests_lm.test_v05_c200_acquisition_channel_input.C200Tests.test_22_padding_must_be_zero) ... ok
test_23_channel_flag_bool_is_rejected (tests_lm.test_v05_c200_acquisition_channel_input.C200Tests.test_23_channel_flag_bool_is_rejected) ... ok
test_24_v1_consumer_cannot_implicitly_accept_v2 (tests_lm.test_v05_c200_acquisition_channel_input.C200Tests.test_24_v1_consumer_cannot_implicitly_accept_v2) ... ok
test_25_v2_consumer_explicit_accept (tests_lm.test_v05_c200_acquisition_channel_input.C200Tests.test_25_v2_consumer_explicit_accept) ... ok
test_26_gate_accepts_collected_summary (tests_lm.test_v05_c200_acquisition_channel_input.C200Tests.test_26_gate_accepts_collected_summary) ... ok
test_27_gate_rejects_prefix_failure (tests_lm.test_v05_c200_acquisition_channel_input.C200Tests.test_27_gate_rejects_prefix_failure) ... ok
test_28_gate_rejects_hidden_packet_mismatch (tests_lm.test_v05_c200_acquisition_channel_input.C200Tests.test_28_gate_rejects_hidden_packet_mismatch) ... ok
test_29_source_has_no_action_execution_import (tests_lm.test_v05_c200_acquisition_channel_input.C200Tests.test_29_source_has_no_action_execution_import) ... ok
test_30_source_layout_is_v1_prefix_plus_tail (tests_lm.test_v05_c200_acquisition_channel_input.C200Tests.test_30_source_layout_is_v1_prefix_plus_tail) ... ok
test_01_manifest_hash (tests_lm.test_v05_c201_selected_fact_channel_route.C201Tests.test_01_manifest_hash) ... ok
test_02_manifest_scope_counts (tests_lm.test_v05_c201_selected_fact_channel_route.C201Tests.test_02_manifest_scope_counts) ... ok
test_03_mapper_retrieve (tests_lm.test_v05_c201_selected_fact_channel_route.C201Tests.test_03_mapper_retrieve) ... ok
test_04_mapper_observe (tests_lm.test_v05_c201_selected_fact_channel_route.C201Tests.test_04_mapper_observe) ... ok
test_05_mapper_ask_user (tests_lm.test_v05_c201_selected_fact_channel_route.C201Tests.test_05_mapper_ask_user) ... ok
test_06_mapper_preserves_nonzero_fact_index (tests_lm.test_v05_c201_selected_fact_channel_route.C201Tests.test_06_mapper_preserves_nonzero_fact_index) ... ok
test_07_mapper_uses_current_state_digest (tests_lm.test_v05_c201_selected_fact_channel_route.C201Tests.test_07_mapper_uses_current_state_digest) ... ok
test_08_mapper_rejects_zero_channel (tests_lm.test_v05_c201_selected_fact_channel_route.C201Tests.test_08_mapper_rejects_zero_channel) ... ok
test_09_mapper_rejects_multi_channel (tests_lm.test_v05_c201_selected_fact_channel_route.C201Tests.test_09_mapper_rejects_multi_channel) ... ok
test_10_mapper_rejects_state_view_mismatch (tests_lm.test_v05_c201_selected_fact_channel_route.C201Tests.test_10_mapper_rejects_state_view_mismatch) ... ok
test_11_mapper_rejects_wrong_view_type (tests_lm.test_v05_c201_selected_fact_channel_route.C201Tests.test_11_mapper_rejects_wrong_view_type) ... ok
test_12_mapper_rejects_wrong_state_type (tests_lm.test_v05_c201_selected_fact_channel_route.C201Tests.test_12_mapper_rejects_wrong_state_type) ... ok
test_13_mapper_rejects_negative_target (tests_lm.test_v05_c201_selected_fact_channel_route.C201Tests.test_13_mapper_rejects_negative_target) ... ok
test_14_mapper_rejects_high_target (tests_lm.test_v05_c201_selected_fact_channel_route.C201Tests.test_14_mapper_rejects_high_target) ... ok
test_15_prototype_routes_cover_twelve (tests_lm.test_v05_c201_selected_fact_channel_route.C201Tests.test_15_prototype_routes_cover_twelve) ... ok
test_16_learned_routes_count (tests_lm.test_v05_c201_selected_fact_channel_route.C201Tests.test_16_learned_routes_count) ... ok
test_17_learned_routes_balance_channels (tests_lm.test_v05_c201_selected_fact_channel_route.C201Tests.test_17_learned_routes_balance_channels) ... ok
test_18_authority_cross_count_and_pass (tests_lm.test_v05_c201_selected_fact_channel_route.C201Tests.test_18_authority_cross_count_and_pass) ... ok
test_19_authority_outcome_counts (tests_lm.test_v05_c201_selected_fact_channel_route.C201Tests.test_19_authority_outcome_counts) ... ok
test_20_mapper_does_not_prefilter_permission (tests_lm.test_v05_c201_selected_fact_channel_route.C201Tests.test_20_mapper_does_not_prefilter_permission) ... ok
test_21_observed_controls (tests_lm.test_v05_c201_selected_fact_channel_route.C201Tests.test_21_observed_controls) ... ok
test_22_invalid_mapper_cases (tests_lm.test_v05_c201_selected_fact_channel_route.C201Tests.test_22_invalid_mapper_cases) ... ok
test_23_gate_accepts_collected_summary (tests_lm.test_v05_c201_selected_fact_channel_route.C201Tests.test_23_gate_accepts_collected_summary) ... ok
test_24_gate_rejects_route_mismatch (tests_lm.test_v05_c201_selected_fact_channel_route.C201Tests.test_24_gate_rejects_route_mismatch) ... ok
test_25_gate_rejects_authority_failure (tests_lm.test_v05_c201_selected_fact_channel_route.C201Tests.test_25_gate_rejects_authority_failure) ... ok
test_26_gate_rejects_invalid_mapper_shortfall (tests_lm.test_v05_c201_selected_fact_channel_route.C201Tests.test_26_gate_rejects_invalid_mapper_shortfall) ... ok
test_27_helper_does_not_import_acquisition_lifecycle (tests_lm.test_v05_c201_selected_fact_channel_route.C201Tests.test_27_helper_does_not_import_acquisition_lifecycle) ... ok
test_28_helper_does_not_use_visible_usable_channels (tests_lm.test_v05_c201_selected_fact_channel_route.C201Tests.test_28_helper_does_not_use_visible_usable_channels) ... ok
test_01_manifest_hash (tests_lm.test_v05_c202_three_channel_acquisition_dispatch.C202Tests.test_01_manifest_hash) ... ok
test_02_manifest_scope (tests_lm.test_v05_c202_three_channel_acquisition_dispatch.C202Tests.test_02_manifest_scope) ... ok
test_03_output_contract (tests_lm.test_v05_c202_three_channel_acquisition_dispatch.C202Tests.test_03_output_contract) ... ok
test_04_base_view_postdecision_resources (tests_lm.test_v05_c202_three_channel_acquisition_dispatch.C202Tests.test_04_base_view_postdecision_resources) ... ok
test_05_channel_view_retrieve (tests_lm.test_v05_c202_three_channel_acquisition_dispatch.C202Tests.test_05_channel_view_retrieve) ... ok
test_06_channel_view_observe (tests_lm.test_v05_c202_three_channel_acquisition_dispatch.C202Tests.test_06_channel_view_observe) ... ok
test_07_channel_view_ask_user (tests_lm.test_v05_c202_three_channel_acquisition_dispatch.C202Tests.test_07_channel_view_ask_user) ... ok
test_08_memory_provider_valid_delivery (tests_lm.test_v05_c202_three_channel_acquisition_dispatch.C202Tests.test_08_memory_provider_valid_delivery) ... ok
test_09_retrieve_case_passes (tests_lm.test_v05_c202_three_channel_acquisition_dispatch.C202Tests.test_09_retrieve_case_passes) ... ok
test_10_observe_case_passes (tests_lm.test_v05_c202_three_channel_acquisition_dispatch.C202Tests.test_10_observe_case_passes) ... ok
test_11_ask_user_case_passes (tests_lm.test_v05_c202_three_channel_acquisition_dispatch.C202Tests.test_11_ask_user_case_passes) ... ok
test_12_only_retrieve_provider_called (tests_lm.test_v05_c202_three_channel_acquisition_dispatch.C202Tests.test_12_only_retrieve_provider_called) ... ok
test_13_only_observe_provider_called (tests_lm.test_v05_c202_three_channel_acquisition_dispatch.C202Tests.test_13_only_observe_provider_called) ... ok
test_14_only_ask_user_provider_called (tests_lm.test_v05_c202_three_channel_acquisition_dispatch.C202Tests.test_14_only_ask_user_provider_called) ... ok
test_15_selected_world_value_checked (tests_lm.test_v05_c202_three_channel_acquisition_dispatch.C202Tests.test_15_selected_world_value_checked) ... ok
test_16_nonselected_facts_untouched (tests_lm.test_v05_c202_three_channel_acquisition_dispatch.C202Tests.test_16_nonselected_facts_untouched) ... ok
test_17_resource_contract_exact (tests_lm.test_v05_c202_three_channel_acquisition_dispatch.C202Tests.test_17_resource_contract_exact) ... ok
test_18_action_and_dispatch_contract_exact (tests_lm.test_v05_c202_three_channel_acquisition_dispatch.C202Tests.test_18_action_and_dispatch_contract_exact) ... ok
test_19_gate_accepts_registered_shape (tests_lm.test_v05_c202_three_channel_acquisition_dispatch.C202Tests.test_19_gate_accepts_registered_shape) ... ok
test_20_gate_rejects_route_error (tests_lm.test_v05_c202_three_channel_acquisition_dispatch.C202Tests.test_20_gate_rejects_route_error) ... ok
test_21_gate_rejects_wrong_channel_total (tests_lm.test_v05_c202_three_channel_acquisition_dispatch.C202Tests.test_21_gate_rejects_wrong_channel_total) ... ok
test_22_gate_rejects_block_provider_shortfall (tests_lm.test_v05_c202_three_channel_acquisition_dispatch.C202Tests.test_22_gate_rejects_block_provider_shortfall) ... ok
test_23_gate_rejects_publication_shortfall (tests_lm.test_v05_c202_three_channel_acquisition_dispatch.C202Tests.test_23_gate_rejects_publication_shortfall) ... ok
test_24_manifest_uses_no_training (tests_lm.test_v05_c202_three_channel_acquisition_dispatch.C202Tests.test_24_manifest_uses_no_training) ... ok
test_25_execute_path_uses_mapper_and_owner_dispatch (tests_lm.test_v05_c202_three_channel_acquisition_dispatch.C202Tests.test_25_execute_path_uses_mapper_and_owner_dispatch) ... ok
test_26_fixture_is_in_memory_not_file_provider (tests_lm.test_v05_c202_three_channel_acquisition_dispatch.C202Tests.test_26_fixture_is_in_memory_not_file_provider) ... ok
test_01_manifest_hash (tests_lm.test_v05_c203_mixed_channel_multistep_replay.C203Tests.test_01_manifest_hash) ... ok
test_02_manifest_scope (tests_lm.test_v05_c203_mixed_channel_multistep_replay.C203Tests.test_02_manifest_scope) ... ok
test_03_channel_layout_fixed (tests_lm.test_v05_c203_mixed_channel_multistep_replay.C203Tests.test_03_channel_layout_fixed) ... ok
test_04_parent_masks_fixed (tests_lm.test_v05_c203_mixed_channel_multistep_replay.C203Tests.test_04_parent_masks_fixed) ... ok
test_05_mixed_view_fact0_retrieve (tests_lm.test_v05_c203_mixed_channel_multistep_replay.C203Tests.test_05_mixed_view_fact0_retrieve) ... ok
test_06_mixed_view_fact1_observe (tests_lm.test_v05_c203_mixed_channel_multistep_replay.C203Tests.test_06_mixed_view_fact1_observe) ... ok
test_07_mixed_view_fact2_ask_user (tests_lm.test_v05_c203_mixed_channel_multistep_replay.C203Tests.test_07_mixed_view_fact2_ask_user) ... ok
test_08_mixed_view_fact3_retrieve (tests_lm.test_v05_c203_mixed_channel_multistep_replay.C203Tests.test_08_mixed_view_fact3_retrieve) ... ok
test_09_set_authority_all_true (tests_lm.test_v05_c203_mixed_channel_multistep_replay.C203Tests.test_09_set_authority_all_true) ... ok
test_10_set_authority_restore_parent (tests_lm.test_v05_c203_mixed_channel_multistep_replay.C203Tests.test_10_set_authority_restore_parent) ... ok
test_11_authority_refresh_does_not_change_budget (tests_lm.test_v05_c203_mixed_channel_multistep_replay.C203Tests.test_11_authority_refresh_does_not_change_budget) ... ok
test_12_expected_projection_shape (tests_lm.test_v05_c203_mixed_channel_multistep_replay.C203Tests.test_12_expected_projection_shape) ... ok
test_13_expected_projection_acquisitions (tests_lm.test_v05_c203_mixed_channel_multistep_replay.C203Tests.test_13_expected_projection_acquisitions) ... ok
test_14_expected_projection_channel_mapping (tests_lm.test_v05_c203_mixed_channel_multistep_replay.C203Tests.test_14_expected_projection_channel_mapping) ... ok
test_15_expected_projection_no_switch_for_one_acquisition (tests_lm.test_v05_c203_mixed_channel_multistep_replay.C203Tests.test_15_expected_projection_no_switch_for_one_acquisition) ... ok
test_16_projection_rejects_nonterminal_needs (tests_lm.test_v05_c203_mixed_channel_multistep_replay.C203Tests.test_16_projection_rejects_nonterminal_needs) ... ok
test_17_projection_rejects_target_depth_mismatch (tests_lm.test_v05_c203_mixed_channel_multistep_replay.C203Tests.test_17_projection_rejects_target_depth_mismatch) ... ok
test_18_gate_accepts_registered_projection (tests_lm.test_v05_c203_mixed_channel_multistep_replay.C203Tests.test_18_gate_accepts_registered_projection) ... ok
test_19_gate_rejects_zero_switches (tests_lm.test_v05_c203_mixed_channel_multistep_replay.C203Tests.test_19_gate_rejects_zero_switches) ... ok
test_20_gate_rejects_provider_projection_mismatch (tests_lm.test_v05_c203_mixed_channel_multistep_replay.C203Tests.test_20_gate_rejects_provider_projection_mismatch) ... ok
test_21_gate_rejects_record_failure (tests_lm.test_v05_c203_mixed_channel_multistep_replay.C203Tests.test_21_gate_rejects_record_failure) ... ok
test_22_source_replay_uses_saved_predictions (tests_lm.test_v05_c203_mixed_channel_multistep_replay.C203Tests.test_22_source_replay_uses_saved_predictions) ... ok
test_23_replay_charges_decision_before_action_window (tests_lm.test_v05_c203_mixed_channel_multistep_replay.C203Tests.test_23_replay_charges_decision_before_action_window) ... ok
test_24_replay_restores_authority_after_dispatch (tests_lm.test_v05_c203_mixed_channel_multistep_replay.C203Tests.test_24_replay_restores_authority_after_dispatch) ... ok
test_25_replay_uses_mapper (tests_lm.test_v05_c203_mixed_channel_multistep_replay.C203Tests.test_25_replay_uses_mapper) ... ok
test_26_replay_uses_real_dispatch (tests_lm.test_v05_c203_mixed_channel_multistep_replay.C203Tests.test_26_replay_uses_real_dispatch) ... ok
test_27_loader_requires_c174_hash (tests_lm.test_v05_c203_mixed_channel_multistep_replay.C203Tests.test_27_loader_requires_c174_hash) ... ok
test_28_scope_has_no_training_or_forward (tests_lm.test_v05_c203_mixed_channel_multistep_replay.C203Tests.test_28_scope_has_no_training_or_forward) ... ok
test_01_manifest_hash (tests_lm.test_v05_c204_live_v2_mixed_channel_loop.C204Tests.test_01_manifest_hash) ... ok
test_02_manifest_scope (tests_lm.test_v05_c204_live_v2_mixed_channel_loop.C204Tests.test_02_manifest_scope) ... ok
test_03_manifest_has_zero_training (tests_lm.test_v05_c204_live_v2_mixed_channel_loop.C204Tests.test_03_manifest_has_zero_training) ... ok
test_04_model_summary_hashes_fixed (tests_lm.test_v05_c204_live_v2_mixed_channel_loop.C204Tests.test_04_model_summary_hashes_fixed) ... ok
test_05_encode_live_v2_prefix_exact (tests_lm.test_v05_c204_live_v2_mixed_channel_loop.C204Tests.test_05_encode_live_v2_prefix_exact) ... ok
test_06_encode_live_v2_tail_has_fixed_layout (tests_lm.test_v05_c204_live_v2_mixed_channel_loop.C204Tests.test_06_encode_live_v2_tail_has_fixed_layout) ... ok
test_07_replay_metrics_accept_exact (tests_lm.test_v05_c204_live_v2_mixed_channel_loop.C204Tests.test_07_replay_metrics_accept_exact) ... ok
test_08_replay_metrics_reject_target_finite_mask_drift (tests_lm.test_v05_c204_live_v2_mixed_channel_loop.C204Tests.test_08_replay_metrics_reject_target_finite_mask_drift) ... ok
test_09_replay_metrics_counts_prediction_error (tests_lm.test_v05_c204_live_v2_mixed_channel_loop.C204Tests.test_09_replay_metrics_counts_prediction_error) ... ok
test_10_live_integration_passes (tests_lm.test_v05_c204_live_v2_mixed_channel_loop.C204Tests.test_10_live_integration_passes) ... ok
test_11_live_integration_two_v2_packets (tests_lm.test_v05_c204_live_v2_mixed_channel_loop.C204Tests.test_11_live_integration_two_v2_packets) ... ok
test_12_live_integration_one_acquisition (tests_lm.test_v05_c204_live_v2_mixed_channel_loop.C204Tests.test_12_live_integration_one_acquisition) ... ok
test_13_live_integration_retrieve_only_for_fact0 (tests_lm.test_v05_c204_live_v2_mixed_channel_loop.C204Tests.test_13_live_integration_retrieve_only_for_fact0) ... ok
test_14_live_integration_no_prefix_error (tests_lm.test_v05_c204_live_v2_mixed_channel_loop.C204Tests.test_14_live_integration_no_prefix_error) ... ok
test_15_live_integration_exact_logit_replay (tests_lm.test_v05_c204_live_v2_mixed_channel_loop.C204Tests.test_15_live_integration_exact_logit_replay) ... ok
test_16_live_integration_inference_meter (tests_lm.test_v05_c204_live_v2_mixed_channel_loop.C204Tests.test_16_live_integration_inference_meter) ... ok
test_17_gate_accepts_exact_global_profile (tests_lm.test_v05_c204_live_v2_mixed_channel_loop.C204Tests.test_17_gate_accepts_exact_global_profile) ... ok
test_18_gate_rejects_prefix_error (tests_lm.test_v05_c204_live_v2_mixed_channel_loop.C204Tests.test_18_gate_rejects_prefix_error) ... ok
test_19_gate_rejects_necessity_flip (tests_lm.test_v05_c204_live_v2_mixed_channel_loop.C204Tests.test_19_gate_rejects_necessity_flip) ... ok
test_20_gate_rejects_target_flip (tests_lm.test_v05_c204_live_v2_mixed_channel_loop.C204Tests.test_20_gate_rejects_target_flip) ... ok
test_21_gate_rejects_logit_delta (tests_lm.test_v05_c204_live_v2_mixed_channel_loop.C204Tests.test_21_gate_rejects_logit_delta) ... ok
test_22_gate_rejects_channel_drift (tests_lm.test_v05_c204_live_v2_mixed_channel_loop.C204Tests.test_22_gate_rejects_channel_drift) ... ok
test_23_source_builds_v2_before_live_predict (tests_lm.test_v05_c204_live_v2_mixed_channel_loop.C204Tests.test_23_source_builds_v2_before_live_predict) ... ok
test_24_source_feeds_prefix_not_v2_tail (tests_lm.test_v05_c204_live_v2_mixed_channel_loop.C204Tests.test_24_source_feeds_prefix_not_v2_tail) ... ok
test_25_source_does_not_substitute_saved_decision (tests_lm.test_v05_c204_live_v2_mixed_channel_loop.C204Tests.test_25_source_does_not_substitute_saved_decision) ... ok
test_26_source_restores_authority_after_dispatch (tests_lm.test_v05_c204_live_v2_mixed_channel_loop.C204Tests.test_26_source_restores_authority_after_dispatch) ... ok
test_27_model_loader_uses_accepted_fingerprints (tests_lm.test_v05_c204_live_v2_mixed_channel_loop.C204Tests.test_27_model_loader_uses_accepted_fingerprints) ... ok
test_28_precheck_ties_models_to_c199 (tests_lm.test_v05_c204_live_v2_mixed_channel_loop.C204Tests.test_28_precheck_ties_models_to_c199) ... ok
test_29_regression_adds_one_module (tests_lm.test_v05_c204_live_v2_mixed_channel_loop.C204Tests.test_29_regression_adds_one_module) ... ok
test_30_scope_no_training (tests_lm.test_v05_c204_live_v2_mixed_channel_loop.C204Tests.test_30_scope_no_training) ... ok
test_31_active_dispatcher_guards_before_launcher (tests_lm.test_v05_c204_live_v2_mixed_channel_loop.C204Tests.test_31_active_dispatcher_guards_before_launcher) ... ok
test_32_c204_launcher_stale_guard_precedes_logging_and_publish (tests_lm.test_v05_c204_live_v2_mixed_channel_loop.C204Tests.test_32_c204_launcher_stale_guard_precedes_logging_and_publish) ... ok
test_01_manifest_hash (tests_lm.test_v05_c205_phase0_batch_composition_attribution.C205Tests.test_01_manifest_hash) ... ok
test_02_manifest_scope (tests_lm.test_v05_c205_phase0_batch_composition_attribution.C205Tests.test_02_manifest_scope) ... ok
test_03_manifest_does_not_relax_tolerance (tests_lm.test_v05_c205_phase0_batch_composition_attribution.C205Tests.test_03_manifest_does_not_relax_tolerance) ... ok
test_04_gate_accepts_batch_attribution_profile (tests_lm.test_v05_c205_phase0_batch_composition_attribution.C205Tests.test_04_gate_accepts_batch_attribution_profile) ... ok
test_05_gate_rejects_canonical_over_tolerance (tests_lm.test_v05_c205_phase0_batch_composition_attribution.C205Tests.test_05_gate_rejects_canonical_over_tolerance) ... ok
test_06_gate_rejects_expanded_under_tolerance (tests_lm.test_v05_c205_phase0_batch_composition_attribution.C205Tests.test_06_gate_rejects_expanded_under_tolerance) ... ok
test_07_gate_rejects_parent_max_mismatch (tests_lm.test_v05_c205_phase0_batch_composition_attribution.C205Tests.test_07_gate_rejects_parent_max_mismatch) ... ok
test_08_gate_rejects_workload_drift (tests_lm.test_v05_c205_phase0_batch_composition_attribution.C205Tests.test_08_gate_rejects_workload_drift) ... ok
test_09_gate_rejects_prefix_mismatch (tests_lm.test_v05_c205_phase0_batch_composition_attribution.C205Tests.test_09_gate_rejects_prefix_mismatch) ... ok
test_10_compare_exact (tests_lm.test_v05_c205_phase0_batch_composition_attribution.C205Tests.test_10_compare_exact) ... ok
test_11_compare_counts_prediction_errors (tests_lm.test_v05_c205_phase0_batch_composition_attribution.C205Tests.test_11_compare_counts_prediction_errors) ... ok
test_12_compare_rejects_target_finite_mask_drift (tests_lm.test_v05_c205_phase0_batch_composition_attribution.C205Tests.test_12_compare_rejects_target_finite_mask_drift) ... ok
test_13_c204_replay_map_accepts_nine_pairs (tests_lm.test_v05_c205_phase0_batch_composition_attribution.C205Tests.test_13_c204_replay_map_accepts_nine_pairs) ... ok
test_14_c204_replay_map_rejects_duplicate_pair (tests_lm.test_v05_c205_phase0_batch_composition_attribution.C205Tests.test_14_c204_replay_map_rejects_duplicate_pair) ... ok
test_15_unique_path_uses_v2_prefix_and_local_expansion (tests_lm.test_v05_c205_phase0_batch_composition_attribution.C205Tests.test_15_unique_path_uses_v2_prefix_and_local_expansion) ... ok
test_16_expanded_path_uses_direct_world_views (tests_lm.test_v05_c205_phase0_batch_composition_attribution.C205Tests.test_16_expanded_path_uses_direct_world_views) ... ok
test_17_cohort_reconstructs_and_checks_parent_identity (tests_lm.test_v05_c205_phase0_batch_composition_attribution.C205Tests.test_17_cohort_reconstructs_and_checks_parent_identity) ... ok
test_18_run_compares_exact_input_prefix_rows (tests_lm.test_v05_c205_phase0_batch_composition_attribution.C205Tests.test_18_run_compares_exact_input_prefix_rows) ... ok
test_19_run_compares_expanded_max_to_c204_parent (tests_lm.test_v05_c205_phase0_batch_composition_attribution.C205Tests.test_19_run_compares_expanded_max_to_c204_parent) ... ok
test_20_precheck_requires_valid_negative_parent (tests_lm.test_v05_c205_phase0_batch_composition_attribution.C205Tests.test_20_precheck_requires_valid_negative_parent) ... ok
test_21_precheck_pins_c204_execution_source (tests_lm.test_v05_c205_phase0_batch_composition_attribution.C205Tests.test_21_precheck_pins_c204_execution_source) ... ok
test_22_run_sets_parent_deterministic_environment (tests_lm.test_v05_c205_phase0_batch_composition_attribution.C205Tests.test_22_run_sets_parent_deterministic_environment) ... ok
test_23_run_has_no_runtime_acquisition_dispatch (tests_lm.test_v05_c205_phase0_batch_composition_attribution.C205Tests.test_23_run_has_no_runtime_acquisition_dispatch) ... ok
test_24_regression_adds_one_module (tests_lm.test_v05_c205_phase0_batch_composition_attribution.C205Tests.test_24_regression_adds_one_module) ... ok
test_25_c205_launcher_parses_runner_before_logging (tests_lm.test_v05_c205_phase0_batch_composition_attribution.C205Tests.test_25_c205_launcher_parses_runner_before_logging) ... ok
test_26_regression_suite_excludes_only_mutable_historical_active_state (tests_lm.test_v05_c205_phase0_batch_composition_attribution.C205Tests.test_26_regression_suite_excludes_only_mutable_historical_active_state) ... ok
test_01_manifest_hash (tests_lm.test_v05_c206_terminal_derived_result_integration.C206Tests.test_01_manifest_hash) ... ok
test_02_manifest_scope (tests_lm.test_v05_c206_terminal_derived_result_integration.C206Tests.test_02_manifest_scope) ... ok
test_03_historical_c171_file_set (tests_lm.test_v05_c206_terminal_derived_result_integration.C206Tests.test_03_historical_c171_file_set) ... ok
test_04_world_value_matches_short_circuit_completion (tests_lm.test_v05_c206_terminal_derived_result_integration.C206Tests.test_04_world_value_matches_short_circuit_completion) ... ok
test_05_terminal_verifies_derived (tests_lm.test_v05_c206_terminal_derived_result_integration.C206Tests.test_05_terminal_verifies_derived) ... ok
test_06_terminal_rejects_opposite (tests_lm.test_v05_c206_terminal_derived_result_integration.C206Tests.test_06_terminal_rejects_opposite) ... ok
test_07_terminal_support_is_exact_observed_reference (tests_lm.test_v05_c206_terminal_derived_result_integration.C206Tests.test_07_terminal_support_is_exact_observed_reference) ... ok
test_08_terminal_verification_is_pure (tests_lm.test_v05_c206_terminal_derived_result_integration.C206Tests.test_08_terminal_verification_is_pure) ... ok
test_09_terminal_detects_world_mismatch (tests_lm.test_v05_c206_terminal_derived_result_integration.C206Tests.test_09_terminal_detects_world_mismatch) ... ok
test_10_replay_integration_passes (tests_lm.test_v05_c206_terminal_derived_result_integration.C206Tests.test_10_replay_integration_passes) ... ok
test_11_replay_integration_terminal_contract (tests_lm.test_v05_c206_terminal_derived_result_integration.C206Tests.test_11_replay_integration_terminal_contract) ... ok
test_12_replay_integration_uses_ask_user_provider (tests_lm.test_v05_c206_terminal_derived_result_integration.C206Tests.test_12_replay_integration_uses_ask_user_provider) ... ok
test_13_replay_integration_resource_formula (tests_lm.test_v05_c206_terminal_derived_result_integration.C206Tests.test_13_replay_integration_resource_formula) ... ok
test_14_gate_accepts_registered_profile (tests_lm.test_v05_c206_terminal_derived_result_integration.C206Tests.test_14_gate_accepts_registered_profile) ... ok
test_15_gate_rejects_verification_error (tests_lm.test_v05_c206_terminal_derived_result_integration.C206Tests.test_15_gate_rejects_verification_error) ... ok
test_16_gate_rejects_opposite_control_shortfall (tests_lm.test_v05_c206_terminal_derived_result_integration.C206Tests.test_16_gate_rejects_opposite_control_shortfall) ... ok
test_17_gate_rejects_zero_support (tests_lm.test_v05_c206_terminal_derived_result_integration.C206Tests.test_17_gate_rejects_zero_support) ... ok
test_18_gate_rejects_projection_error (tests_lm.test_v05_c206_terminal_derived_result_integration.C206Tests.test_18_gate_rejects_projection_error) ... ok
test_19_gate_rejects_channel_drift (tests_lm.test_v05_c206_terminal_derived_result_integration.C206Tests.test_19_gate_rejects_channel_drift) ... ok
test_20_historical_hash_helper_matches_suffix_only (tests_lm.test_v05_c206_terminal_derived_result_integration.C206Tests.test_20_historical_hash_helper_matches_suffix_only) ... ok
test_21_source_uses_benchmark_only_proof_fixture (tests_lm.test_v05_c206_terminal_derived_result_integration.C206Tests.test_21_source_uses_benchmark_only_proof_fixture) ... ok
test_22_source_uses_production_verifier (tests_lm.test_v05_c206_terminal_derived_result_integration.C206Tests.test_22_source_uses_production_verifier) ... ok
test_23_source_never_promotes_derived_to_observed (tests_lm.test_v05_c206_terminal_derived_result_integration.C206Tests.test_23_source_never_promotes_derived_to_observed) ... ok
test_24_precheck_pins_c171_history_and_c205_parent (tests_lm.test_v05_c206_terminal_derived_result_integration.C206Tests.test_24_precheck_pins_c171_history_and_c205_parent) ... ok
test_25_regression_preserves_exact_historical_exclusion (tests_lm.test_v05_c206_terminal_derived_result_integration.C206Tests.test_25_regression_preserves_exact_historical_exclusion) ... ok
test_26_scope_has_no_learning (tests_lm.test_v05_c206_terminal_derived_result_integration.C206Tests.test_26_scope_has_no_learning) ... ok
test_27_replay_verifies_only_after_sufficient_decision (tests_lm.test_v05_c206_terminal_derived_result_integration.C206Tests.test_27_replay_verifies_only_after_sufficient_decision) ... ok
test_28_gate_requires_exact_verifier_calls (tests_lm.test_v05_c206_terminal_derived_result_integration.C206Tests.test_28_gate_requires_exact_verifier_calls) ... ok
test_29_c206_launcher_parses_runner_before_logging (tests_lm.test_v05_c206_terminal_derived_result_integration.C206Tests.test_29_c206_launcher_parses_runner_before_logging) ... ok
test_30_c206_launcher_formal_state_check_is_source_static (tests_lm.test_v05_c206_terminal_derived_result_integration.C206Tests.test_30_c206_launcher_formal_state_check_is_source_static) ... ok
test_01_manifest_hash (tests_lm.test_v05_c207_nine_family_development_manifest.C207Tests.test_01_manifest_hash) ... ok
test_02_manifest_family_scope (tests_lm.test_v05_c207_nine_family_development_manifest.C207Tests.test_02_manifest_family_scope) ... ok
test_03_collect_shape_and_roundtrip (tests_lm.test_v05_c207_nine_family_development_manifest.C207Tests.test_03_collect_shape_and_roundtrip) ... ok
test_04_gate_accepts_registered_fixture (tests_lm.test_v05_c207_nine_family_development_manifest.C207Tests.test_04_gate_accepts_registered_fixture) ... ok
test_05_family_counts_are_balanced (tests_lm.test_v05_c207_nine_family_development_manifest.C207Tests.test_05_family_counts_are_balanced) ... ok
test_06_fault_counts_are_fixed (tests_lm.test_v05_c207_nine_family_development_manifest.C207Tests.test_06_fault_counts_are_fixed) ... ok
test_07_action_counts_are_fixed (tests_lm.test_v05_c207_nine_family_development_manifest.C207Tests.test_07_action_counts_are_fixed) ... ok
test_08_channel_episode_counts_are_fixed (tests_lm.test_v05_c207_nine_family_development_manifest.C207Tests.test_08_channel_episode_counts_are_fixed) ... ok
test_09_answerable_denominator_is_fixed (tests_lm.test_v05_c207_nine_family_development_manifest.C207Tests.test_09_answerable_denominator_is_fixed) ... ok
test_10_sufficient_known_is_observed_and_answerable (tests_lm.test_v05_c207_nine_family_development_manifest.C207Tests.test_10_sufficient_known_is_observed_and_answerable) ... ok
test_11_answer_critical_pair_is_visible_identical_and_semantically_split (tests_lm.test_v05_c207_nine_family_development_manifest.C207Tests.test_11_answer_critical_pair_is_visible_identical_and_semantically_split) ... ok
test_12_irrelevant_pair_is_visible_identical_and_same_conclusion (tests_lm.test_v05_c207_nine_family_development_manifest.C207Tests.test_12_irrelevant_pair_is_visible_identical_and_same_conclusion) ... ok
test_13_conflict_family_preserves_two_references_and_observe_channel (tests_lm.test_v05_c207_nine_family_development_manifest.C207Tests.test_13_conflict_family_preserves_two_references_and_observe_channel) ... ok
test_14_stale_family_preserves_reference_and_observe_channel (tests_lm.test_v05_c207_nine_family_development_manifest.C207Tests.test_14_stale_family_preserves_reference_and_observe_channel) ... ok
test_15_malformed_pair_changes_only_scorer_fault (tests_lm.test_v05_c207_nine_family_development_manifest.C207Tests.test_15_malformed_pair_changes_only_scorer_fault) ... ok
test_16_unavailable_permission_denial_is_visible_authority_state (tests_lm.test_v05_c207_nine_family_development_manifest.C207Tests.test_16_unavailable_permission_denial_is_visible_authority_state) ... ok
test_17_unavailable_budget_exhaustion_is_visible_budget_state (tests_lm.test_v05_c207_nine_family_development_manifest.C207Tests.test_17_unavailable_budget_exhaustion_is_visible_budget_state) ... ok
test_18_missing_delivery_pair_keeps_visible_packet_equal (tests_lm.test_v05_c207_nine_family_development_manifest.C207Tests.test_18_missing_delivery_pair_keeps_visible_packet_equal) ... ok
test_19_reasoning_hard_has_four_observed_facts_and_three_ops (tests_lm.test_v05_c207_nine_family_development_manifest.C207Tests.test_19_reasoning_hard_has_four_observed_facts_and_three_ops) ... ok
test_20_user_only_exposes_only_ask_user_channel (tests_lm.test_v05_c207_nine_family_development_manifest.C207Tests.test_20_user_only_exposes_only_ask_user_channel) ... ok
test_21_visible_records_have_no_scorer_fields (tests_lm.test_v05_c207_nine_family_development_manifest.C207Tests.test_21_visible_records_have_no_scorer_fields) ... ok
test_22_nonobserved_visible_facts_never_carry_payload (tests_lm.test_v05_c207_nine_family_development_manifest.C207Tests.test_22_nonobserved_visible_facts_never_carry_payload) ... ok
test_23_dependence_units_are_unique_two_case_groups (tests_lm.test_v05_c207_nine_family_development_manifest.C207Tests.test_23_dependence_units_are_unique_two_case_groups) ... ok
test_24_manifest_registers_development_only_no_measurement (tests_lm.test_v05_c207_nine_family_development_manifest.C207Tests.test_24_manifest_registers_development_only_no_measurement) ... ok
test_25_gate_rejects_validation_failure (tests_lm.test_v05_c207_nine_family_development_manifest.C207Tests.test_25_gate_rejects_validation_failure) ... ok
test_26_gate_rejects_holdout_claim (tests_lm.test_v05_c207_nine_family_development_manifest.C207Tests.test_26_gate_rejects_holdout_claim) ... ok
test_27_regression_suite_semantic_counts (tests_lm.test_v05_c207_nine_family_development_manifest.C207Tests.test_27_regression_suite_semantic_counts) ... ok
test_28_authoring_alias_and_powershell_guards (tests_lm.test_v05_c207_nine_family_development_manifest.C207Tests.test_28_authoring_alias_and_powershell_guards) ... ok
test_01_manifest_hash (tests_lm.test_v05_c208_candidate_input_compatibility_preflight.C208Tests.test_01_manifest_hash) ... ok
test_02_manifest_has_no_forward_or_adapter (tests_lm.test_v05_c208_candidate_input_compatibility_preflight.C208Tests.test_02_manifest_has_no_forward_or_adapter) ... ok
test_03_contract_blobs_fixed (tests_lm.test_v05_c208_candidate_input_compatibility_preflight.C208Tests.test_03_contract_blobs_fixed) ... ok
test_04_reasoning_hard_is_as_is_compatible (tests_lm.test_v05_c208_candidate_input_compatibility_preflight.C208Tests.test_04_reasoning_hard_is_as_is_compatible) ... ok
test_05_answer_critical_binary_is_shape_incompatible (tests_lm.test_v05_c208_candidate_input_compatibility_preflight.C208Tests.test_05_answer_critical_binary_is_shape_incompatible) ... ok
test_06_sufficient_known_is_shape_incompatible (tests_lm.test_v05_c208_candidate_input_compatibility_preflight.C208Tests.test_06_sufficient_known_is_shape_incompatible) ... ok
test_07_conflict_marks_target_status_incompatible (tests_lm.test_v05_c208_candidate_input_compatibility_preflight.C208Tests.test_07_conflict_marks_target_status_incompatible) ... ok
test_08_stale_marks_target_status_incompatible (tests_lm.test_v05_c208_candidate_input_compatibility_preflight.C208Tests.test_08_stale_marks_target_status_incompatible) ... ok
test_09_four_fact_stale_is_necessity_but_not_target_compatible (tests_lm.test_v05_c208_candidate_input_compatibility_preflight.C208Tests.test_09_four_fact_stale_is_necessity_but_not_target_compatible) ... ok
test_10_packet_roundtrip_is_exact (tests_lm.test_v05_c208_candidate_input_compatibility_preflight.C208Tests.test_10_packet_roundtrip_is_exact) ... ok
test_11_collect_classifies_all_rows (tests_lm.test_v05_c208_candidate_input_compatibility_preflight.C208Tests.test_11_collect_classifies_all_rows) ... ok
test_12_collect_family_coverage_is_balanced (tests_lm.test_v05_c208_candidate_input_compatibility_preflight.C208Tests.test_12_collect_family_coverage_is_balanced) ... ok
test_13_candidate_gate_requires_all_144_compatible (tests_lm.test_v05_c208_candidate_input_compatibility_preflight.C208Tests.test_13_candidate_gate_requires_all_144_compatible) ... ok
test_14_execution_valid_accepts_complete_scientific_negative (tests_lm.test_v05_c208_candidate_input_compatibility_preflight.C208Tests.test_14_execution_valid_accepts_complete_scientific_negative) ... ok
test_15_reason_text_is_bounded (tests_lm.test_v05_c208_candidate_input_compatibility_preflight.C208Tests.test_15_reason_text_is_bounded) ... ok
test_16_precheck_pins_parent_visible_and_contract_sources (tests_lm.test_v05_c208_candidate_input_compatibility_preflight.C208Tests.test_16_precheck_pins_parent_visible_and_contract_sources) ... ok
test_17_validate_result_allows_valid_complete_fail (tests_lm.test_v05_c208_candidate_input_compatibility_preflight.C208Tests.test_17_validate_result_allows_valid_complete_fail) ... ok
test_18_regression_suite_semantic_counts (tests_lm.test_v05_c208_candidate_input_compatibility_preflight.C208Tests.test_18_regression_suite_semantic_counts) ... ok
test_19_python_alias_bindings_are_complete (tests_lm.test_v05_c208_candidate_input_compatibility_preflight.C208Tests.test_19_python_alias_bindings_are_complete) ... ok
test_20_powershell_guards_are_static_and_parse_runner (tests_lm.test_v05_c208_candidate_input_compatibility_preflight.C208Tests.test_20_powershell_guards_are_static_and_parse_runner) ... ok
test_01_manifest_hash (tests_lm.test_v05_c209_visible_only_candidate_projection.C209Tests.test_01_manifest_hash) ... ok
test_02_projection_schema_and_scope (tests_lm.test_v05_c209_visible_only_candidate_projection.C209Tests.test_02_projection_schema_and_scope) ... ok
test_03_one_fact_projection_reaches_seven_nodes_four_facts (tests_lm.test_v05_c209_visible_only_candidate_projection.C209Tests.test_03_one_fact_projection_reaches_seven_nodes_four_facts) ... ok
test_04_two_fact_projection_reaches_seven_nodes_four_facts (tests_lm.test_v05_c209_visible_only_candidate_projection.C209Tests.test_04_two_fact_projection_reaches_seven_nodes_four_facts) ... ok
test_05_four_fact_projection_adds_no_dummy (tests_lm.test_v05_c209_visible_only_candidate_projection.C209Tests.test_05_four_fact_projection_adds_no_dummy) ... ok
test_06_original_fact_indices_and_ids_are_preserved (tests_lm.test_v05_c209_visible_only_candidate_projection.C209Tests.test_06_original_fact_indices_and_ids_are_preserved) ... ok
test_07_observed_original_fact_is_preserved_exactly (tests_lm.test_v05_c209_visible_only_candidate_projection.C209Tests.test_07_observed_original_fact_is_preserved_exactly) ... ok
test_08_conflict_is_normalized_only_in_projection (tests_lm.test_v05_c209_visible_only_candidate_projection.C209Tests.test_08_conflict_is_normalized_only_in_projection) ... ok
test_09_stale_is_normalized_only_in_projection (tests_lm.test_v05_c209_visible_only_candidate_projection.C209Tests.test_09_stale_is_normalized_only_in_projection) ... ok
test_10_dummy_facts_are_observed_true_constants (tests_lm.test_v05_c209_visible_only_candidate_projection.C209Tests.test_10_dummy_facts_are_observed_true_constants) ... ok
test_11_dummy_facts_are_not_target_missing (tests_lm.test_v05_c209_visible_only_candidate_projection.C209Tests.test_11_dummy_facts_are_not_target_missing) ... ok
test_12_projection_passes_c178_and_c188_contracts (tests_lm.test_v05_c209_visible_only_candidate_projection.C209Tests.test_12_projection_passes_c178_and_c188_contracts) ... ok
test_13_projection_preserves_source_digest_and_packet (tests_lm.test_v05_c209_visible_only_candidate_projection.C209Tests.test_13_projection_preserves_source_digest_and_packet) ... ok
test_14_projection_exhaustively_preserves_one_fact_semantics (tests_lm.test_v05_c209_visible_only_candidate_projection.C209Tests.test_14_projection_exhaustively_preserves_one_fact_semantics) ... ok
test_15_projection_exhaustively_preserves_two_fact_semantics (tests_lm.test_v05_c209_visible_only_candidate_projection.C209Tests.test_15_projection_exhaustively_preserves_two_fact_semantics) ... ok
test_16_projection_exhaustively_preserves_four_fact_semantics (tests_lm.test_v05_c209_visible_only_candidate_projection.C209Tests.test_16_projection_exhaustively_preserves_four_fact_semantics) ... ok
test_17_full_fixture_gate_passes (tests_lm.test_v05_c209_visible_only_candidate_projection.C209Tests.test_17_full_fixture_gate_passes) ... ok
test_18_full_fixture_registered_totals (tests_lm.test_v05_c209_visible_only_candidate_projection.C209Tests.test_18_full_fixture_registered_totals) ... ok
test_19_full_fixture_all_144_are_contract_compatible (tests_lm.test_v05_c209_visible_only_candidate_projection.C209Tests.test_19_full_fixture_all_144_are_contract_compatible) ... ok
test_20_equal_visible_pairs_remain_equal_after_projection (tests_lm.test_v05_c209_visible_only_candidate_projection.C209Tests.test_20_equal_visible_pairs_remain_equal_after_projection) ... ok
test_21_projection_api_rejects_wrong_type (tests_lm.test_v05_c209_visible_only_candidate_projection.C209Tests.test_21_projection_api_rejects_wrong_type) ... ok
test_22_regression_suite_semantic_counts (tests_lm.test_v05_c209_visible_only_candidate_projection.C209Tests.test_22_regression_suite_semantic_counts) ... ok
test_23_python_alias_bindings_are_complete (tests_lm.test_v05_c209_visible_only_candidate_projection.C209Tests.test_23_python_alias_bindings_are_complete) ... ok
test_24_powershell_guards_are_static_and_parse_runner (tests_lm.test_v05_c209_visible_only_candidate_projection.C209Tests.test_24_powershell_guards_are_static_and_parse_runner) ... ok
test_01_manifest_hash (tests_lm.test_v05_c210_baseline_development_measurement.C210Tests.test_01_manifest_hash) ... ok
test_02_policy_identity_scope (tests_lm.test_v05_c210_baseline_development_measurement.C210Tests.test_02_policy_identity_scope) ... ok
test_03_shared_resolver_answers_sufficient_known (tests_lm.test_v05_c210_baseline_development_measurement.C210Tests.test_03_shared_resolver_answers_sufficient_known) ... ok
test_04_shared_resolver_keeps_critical_hidden_unresolved (tests_lm.test_v05_c210_baseline_development_measurement.C210Tests.test_04_shared_resolver_keeps_critical_hidden_unresolved) ... ok
test_05_internal_only_full_development_totals (tests_lm.test_v05_c210_baseline_development_measurement.C210Tests.test_05_internal_only_full_development_totals) ... ok
test_06_fixed_full_development_totals (tests_lm.test_v05_c210_baseline_development_measurement.C210Tests.test_06_fixed_full_development_totals) ... ok
test_07_fixed_answer_critical_acquires_and_answers (tests_lm.test_v05_c210_baseline_development_measurement.C210Tests.test_07_fixed_answer_critical_acquires_and_answers) ... ok
test_08_fixed_irrelevant_missing_does_not_acquire (tests_lm.test_v05_c210_baseline_development_measurement.C210Tests.test_08_fixed_irrelevant_missing_does_not_acquire) ... ok
test_09_fixed_malformed_is_rejected_without_publication (tests_lm.test_v05_c210_baseline_development_measurement.C210Tests.test_09_fixed_malformed_is_rejected_without_publication) ... ok
test_10_fixed_permission_denial_never_calls_provider (tests_lm.test_v05_c210_baseline_development_measurement.C210Tests.test_10_fixed_permission_denial_never_calls_provider) ... ok
test_11_fixed_budget_exhaustion_never_calls_provider (tests_lm.test_v05_c210_baseline_development_measurement.C210Tests.test_11_fixed_budget_exhaustion_never_calls_provider) ... ok
test_12_fixed_missing_delivery_calls_once_without_publication (tests_lm.test_v05_c210_baseline_development_measurement.C210Tests.test_12_fixed_missing_delivery_calls_once_without_publication) ... ok
test_13_fixed_user_only_counts_one_user_turn (tests_lm.test_v05_c210_baseline_development_measurement.C210Tests.test_13_fixed_user_only_counts_one_user_turn) ... ok
test_14_candidate_policy_has_no_scorer_argument (tests_lm.test_v05_c210_baseline_development_measurement.C210Tests.test_14_candidate_policy_has_no_scorer_argument) ... ok
test_15_baseline_policies_have_no_scorer_argument (tests_lm.test_v05_c210_baseline_development_measurement.C210Tests.test_15_baseline_policies_have_no_scorer_argument) ... ok
test_16_score_wrong_abstention_is_unanswered_only (tests_lm.test_v05_c210_baseline_development_measurement.C210Tests.test_16_score_wrong_abstention_is_unanswered_only) ... ok
test_17_guarded_unsupported_requires_unverified_emission (tests_lm.test_v05_c210_baseline_development_measurement.C210Tests.test_17_guarded_unsupported_requires_unverified_emission) ... ok
test_18_measurement_complete_accepts_structural_baseline_contract (tests_lm.test_v05_c210_baseline_development_measurement.C210Tests.test_18_measurement_complete_accepts_structural_baseline_contract) ... ok
test_19_measurement_complete_rejects_fixed_baseline_drift (tests_lm.test_v05_c210_baseline_development_measurement.C210Tests.test_19_measurement_complete_rejects_fixed_baseline_drift) ... ok
test_20_precheck_pins_c209_and_scorer_identity (tests_lm.test_v05_c210_baseline_development_measurement.C210Tests.test_20_precheck_pins_c209_and_scorer_identity) ... ok
test_21_regression_suite_semantic_counts (tests_lm.test_v05_c210_baseline_development_measurement.C210Tests.test_21_regression_suite_semantic_counts) ... ok
test_22_python_alias_bindings_are_complete (tests_lm.test_v05_c210_baseline_development_measurement.C210Tests.test_22_python_alias_bindings_are_complete) ... ok
test_23_policy_source_does_not_read_scorer (tests_lm.test_v05_c210_baseline_development_measurement.C210Tests.test_23_policy_source_does_not_read_scorer) ... ok
test_24_powershell_guards_are_static_and_parse_runner (tests_lm.test_v05_c210_baseline_development_measurement.C210Tests.test_24_powershell_guards_are_static_and_parse_runner) ... ok
test_01_manifest_hash (tests_lm.test_v05_c211_deciding_manifest_freeze.C211Tests.test_01_manifest_hash) ... ok
test_02_candidate_identity_is_fully_pinned (tests_lm.test_v05_c211_deciding_manifest_freeze.C211Tests.test_02_candidate_identity_is_fully_pinned) ... ok
test_03_numerical_margins_and_multiplicity_are_frozen (tests_lm.test_v05_c211_deciding_manifest_freeze.C211Tests.test_03_numerical_margins_and_multiplicity_are_frozen) ... ok
test_04_unsupported_assertion_floor_is_explicit (tests_lm.test_v05_c211_deciding_manifest_freeze.C211Tests.test_04_unsupported_assertion_floor_is_explicit) ... ok
test_05_holdout_shape_is_fixed (tests_lm.test_v05_c211_deciding_manifest_freeze.C211Tests.test_05_holdout_shape_is_fixed) ... ok
test_06_family_counts_are_balanced (tests_lm.test_v05_c211_deciding_manifest_freeze.C211Tests.test_06_family_counts_are_balanced) ... ok
test_07_fault_counts_are_fixed (tests_lm.test_v05_c211_deciding_manifest_freeze.C211Tests.test_07_fault_counts_are_fixed) ... ok
test_08_action_and_channel_counts_are_fixed (tests_lm.test_v05_c211_deciding_manifest_freeze.C211Tests.test_08_action_and_channel_counts_are_fixed) ... ok
test_09_expression_signatures_are_independent_of_development (tests_lm.test_v05_c211_deciding_manifest_freeze.C211Tests.test_09_expression_signatures_are_independent_of_development) ... ok
test_10_case_and_unit_identities_are_disjoint (tests_lm.test_v05_c211_deciding_manifest_freeze.C211Tests.test_10_case_and_unit_identities_are_disjoint) ... ok
test_11_sufficient_known_uses_unseen_leaf_negation (tests_lm.test_v05_c211_deciding_manifest_freeze.C211Tests.test_11_sufficient_known_uses_unseen_leaf_negation) ... ok
test_12_answer_critical_pair_is_visible_identical_and_semantically_split (tests_lm.test_v05_c211_deciding_manifest_freeze.C211Tests.test_12_answer_critical_pair_is_visible_identical_and_semantically_split) ... ok
test_13_irrelevant_pair_is_visible_identical_and_same_conclusion (tests_lm.test_v05_c211_deciding_manifest_freeze.C211Tests.test_13_irrelevant_pair_is_visible_identical_and_same_conclusion) ... ok
test_14_conflict_and_stale_preserve_runtime_status (tests_lm.test_v05_c211_deciding_manifest_freeze.C211Tests.test_14_conflict_and_stale_preserve_runtime_status) ... ok
test_15_malformed_pair_is_visible_identical (tests_lm.test_v05_c211_deciding_manifest_freeze.C211Tests.test_15_malformed_pair_is_visible_identical) ... ok
test_16_unavailable_permission_and_budget_are_visible_runtime_state (tests_lm.test_v05_c211_deciding_manifest_freeze.C211Tests.test_16_unavailable_permission_and_budget_are_visible_runtime_state) ... ok
test_17_missing_delivery_pair_remains_visible_identical (tests_lm.test_v05_c211_deciding_manifest_freeze.C211Tests.test_17_missing_delivery_pair_remains_visible_identical) ... ok
test_18_reasoning_hard_has_unseen_negated_structures (tests_lm.test_v05_c211_deciding_manifest_freeze.C211Tests.test_18_reasoning_hard_has_unseen_negated_structures) ... ok
test_19_pair_and_payload_controls_pass (tests_lm.test_v05_c211_deciding_manifest_freeze.C211Tests.test_19_pair_and_payload_controls_pass) ... ok
test_20_no_holdout_policy_or_model_evaluation_occurs (tests_lm.test_v05_c211_deciding_manifest_freeze.C211Tests.test_20_no_holdout_policy_or_model_evaluation_occurs) ... ok
test_21_mcnemar_exact_tail (tests_lm.test_v05_c211_deciding_manifest_freeze.C211Tests.test_21_mcnemar_exact_tail) ... ok
test_22_mcnemar_tie_has_p_one (tests_lm.test_v05_c211_deciding_manifest_freeze.C211Tests.test_22_mcnemar_tie_has_p_one) ... ok
test_23_holm_two_claim_rule (tests_lm.test_v05_c211_deciding_manifest_freeze.C211Tests.test_23_holm_two_claim_rule) ... ok
test_24_candidate_tie_break_uses_exact_full_summaries (tests_lm.test_v05_c211_deciding_manifest_freeze.C211Tests.test_24_candidate_tie_break_uses_exact_full_summaries) ... ok
test_25_gate_accepts_frozen_registration_fixture (tests_lm.test_v05_c211_deciding_manifest_freeze.C211Tests.test_25_gate_accepts_frozen_registration_fixture) ... ok
test_26_regression_suite_semantic_counts (tests_lm.test_v05_c211_deciding_manifest_freeze.C211Tests.test_26_regression_suite_semantic_counts) ... ok
test_27_python_alias_bindings_are_complete (tests_lm.test_v05_c211_deciding_manifest_freeze.C211Tests.test_27_python_alias_bindings_are_complete) ... ok
test_28_powershell_guards_are_static_and_parse_runner (tests_lm.test_v05_c211_deciding_manifest_freeze.C211Tests.test_28_powershell_guards_are_static_and_parse_runner) ... ok
test_01_manifest_hash (tests_lm.test_v05_c212_deciding_holdout_execution.C212Tests.test_01_manifest_hash) ... ok
test_02_parent_c211_identity_is_exact (tests_lm.test_v05_c212_deciding_holdout_execution.C212Tests.test_02_parent_c211_identity_is_exact) ... ok
test_03_frozen_holdout_artifact_hashes_are_exact (tests_lm.test_v05_c212_deciding_holdout_execution.C212Tests.test_03_frozen_holdout_artifact_hashes_are_exact) ... ok
test_04_selected_candidate_identity_is_frozen (tests_lm.test_v05_c212_deciding_holdout_execution.C212Tests.test_04_selected_candidate_identity_is_frozen) ... ok
test_05_manifest_forbids_post_holdout_adaptation (tests_lm.test_v05_c212_deciding_holdout_execution.C212Tests.test_05_manifest_forbids_post_holdout_adaptation) ... ok
test_06_registered_policy_scope_is_three_policies (tests_lm.test_v05_c212_deciding_holdout_execution.C212Tests.test_06_registered_policy_scope_is_three_policies) ... ok
test_07_fixed_noninferiority_passes_exact_tie (tests_lm.test_v05_c212_deciding_holdout_execution.C212Tests.test_07_fixed_noninferiority_passes_exact_tie) ... ok
test_08_fixed_noninferiority_rejects_correct_loss (tests_lm.test_v05_c212_deciding_holdout_execution.C212Tests.test_08_fixed_noninferiority_rejects_correct_loss) ... ok
test_09_fixed_noninferiority_rejects_more_user_turns (tests_lm.test_v05_c212_deciding_holdout_execution.C212Tests.test_09_fixed_noninferiority_rejects_more_user_turns) ... ok
test_10_fixed_per_family_failure_is_not_hidden (tests_lm.test_v05_c212_deciding_holdout_execution.C212Tests.test_10_fixed_per_family_failure_is_not_hidden) ... ok
test_11_internal_improvement_passes_strict_effects (tests_lm.test_v05_c212_deciding_holdout_execution.C212Tests.test_11_internal_improvement_passes_strict_effects) ... ok
test_12_internal_improvement_rejects_zero_margin (tests_lm.test_v05_c212_deciding_holdout_execution.C212Tests.test_12_internal_improvement_rejects_zero_margin) ... ok
test_13_internal_improvement_uses_exact_registered_holm (tests_lm.test_v05_c212_deciding_holdout_execution.C212Tests.test_13_internal_improvement_uses_exact_registered_holm) ... ok
test_14_hard_zero_gate_accepts_zero_fixture (tests_lm.test_v05_c212_deciding_holdout_execution.C212Tests.test_14_hard_zero_gate_accepts_zero_fixture) ... ok
test_15_hard_zero_gate_rejects_wrong_answer (tests_lm.test_v05_c212_deciding_holdout_execution.C212Tests.test_15_hard_zero_gate_rejects_wrong_answer) ... ok
test_16_hard_runtime_rejects_acquisition_budget_violation (tests_lm.test_v05_c212_deciding_holdout_execution.C212Tests.test_16_hard_runtime_rejects_acquisition_budget_violation) ... ok
test_17_compute_ceiling_accepts_registered_development_shape (tests_lm.test_v05_c212_deciding_holdout_execution.C212Tests.test_17_compute_ceiling_accepts_registered_development_shape) ... ok
test_18_compute_ceiling_rejects_total_row_overrun (tests_lm.test_v05_c212_deciding_holdout_execution.C212Tests.test_18_compute_ceiling_rejects_total_row_overrun) ... ok
test_19_output_floor_accepts_verified_emissions (tests_lm.test_v05_c212_deciding_holdout_execution.C212Tests.test_19_output_floor_accepts_verified_emissions) ... ok
test_20_output_floor_rejects_unverified_emission (tests_lm.test_v05_c212_deciding_holdout_execution.C212Tests.test_20_output_floor_rejects_unverified_emission) ... ok
test_21_build_decision_passes_complete_fixture (tests_lm.test_v05_c212_deciding_holdout_execution.C212Tests.test_21_build_decision_passes_complete_fixture) ... ok
test_22_build_decision_returns_valid_negative_on_rule_failure (tests_lm.test_v05_c212_deciding_holdout_execution.C212Tests.test_22_build_decision_returns_valid_negative_on_rule_failure) ... ok
test_23_measurement_complete_accepts_three_by_144 (tests_lm.test_v05_c212_deciding_holdout_execution.C212Tests.test_23_measurement_complete_accepts_three_by_144) ... ok
test_24_measurement_complete_rejects_missing_row (tests_lm.test_v05_c212_deciding_holdout_execution.C212Tests.test_24_measurement_complete_rejects_missing_row) ... ok
test_25_precheck_source_requires_exact_c211_artifacts (tests_lm.test_v05_c212_deciding_holdout_execution.C212Tests.test_25_precheck_source_requires_exact_c211_artifacts) ... ok
test_26_run_uses_frozen_holdout_and_no_training (tests_lm.test_v05_c212_deciding_holdout_execution.C212Tests.test_26_run_uses_frozen_holdout_and_no_training) ... ok
test_27_regression_suite_semantic_counts (tests_lm.test_v05_c212_deciding_holdout_execution.C212Tests.test_27_regression_suite_semantic_counts) ... ok
test_28_python_alias_bindings_are_complete (tests_lm.test_v05_c212_deciding_holdout_execution.C212Tests.test_28_python_alias_bindings_are_complete) ... ok
test_29_powershell_runner_and_launcher_guards (tests_lm.test_v05_c212_deciding_holdout_execution.C212Tests.test_29_powershell_runner_and_launcher_guards) ... ok
test_30_launcher_pins_accepted_c211_summary_path (tests_lm.test_v05_c212_deciding_holdout_execution.C212Tests.test_30_launcher_pins_accepted_c211_summary_path) ... ok
test_01_manifest_hash (tests_lm.test_v05_c213_memory_operation_contract.C213Tests.test_01_manifest_hash) ... ok
test_02_bridge_schema_and_operation_vocabulary (tests_lm.test_v05_c213_memory_operation_contract.C213Tests.test_02_bridge_schema_and_operation_vocabulary) ... ok
test_03_read_status_vocabulary_is_distinct (tests_lm.test_v05_c213_memory_operation_contract.C213Tests.test_03_read_status_vocabulary_is_distinct) ... ok
test_04_fixture_gate_passes (tests_lm.test_v05_c213_memory_operation_contract.C213Tests.test_04_fixture_gate_passes) ... ok
test_05_assert_advances_memory_and_evidence_revision (tests_lm.test_v05_c213_memory_operation_contract.C213Tests.test_05_assert_advances_memory_and_evidence_revision) ... ok
test_06_replace_preserves_factor_identity_and_updates_relation (tests_lm.test_v05_c213_memory_operation_contract.C213Tests.test_06_replace_preserves_factor_identity_and_updates_relation) ... ok
test_07_retract_is_not_missing (tests_lm.test_v05_c213_memory_operation_contract.C213Tests.test_07_retract_is_not_missing) ... ok
test_08_unknown_factor_is_missing_not_out_of_scope (tests_lm.test_v05_c213_memory_operation_contract.C213Tests.test_08_unknown_factor_is_missing_not_out_of_scope) ... ok
test_09_assumption_is_hypothesis_and_live_inside_scope (tests_lm.test_v05_c213_memory_operation_contract.C213Tests.test_09_assumption_is_hypothesis_and_live_inside_scope) ... ok
test_10_assumption_does_not_advance_evidence_revision (tests_lm.test_v05_c213_memory_operation_contract.C213Tests.test_10_assumption_does_not_advance_evidence_revision) ... ok
test_11_end_scope_does_not_advance_evidence_revision (tests_lm.test_v05_c213_memory_operation_contract.C213Tests.test_11_end_scope_does_not_advance_evidence_revision) ... ok
test_12_ended_scope_is_out_of_scope (tests_lm.test_v05_c213_memory_operation_contract.C213Tests.test_12_ended_scope_is_out_of_scope) ... ok
test_13_stale_query_is_explicit (tests_lm.test_v05_c213_memory_operation_contract.C213Tests.test_13_stale_query_is_explicit) ... ok
test_14_observed_scope_cannot_be_ended_silently (tests_lm.test_v05_c213_memory_operation_contract.C213Tests.test_14_observed_scope_cannot_be_ended_silently) ... ok
test_15_ended_scope_cannot_accept_new_assumption (tests_lm.test_v05_c213_memory_operation_contract.C213Tests.test_15_ended_scope_cannot_accept_new_assumption) ... ok
test_16_hypothesis_never_exports_to_evidence_state (tests_lm.test_v05_c213_memory_operation_contract.C213Tests.test_16_hypothesis_never_exports_to_evidence_state) ... ok
test_17_retracted_record_is_absent_from_export (tests_lm.test_v05_c213_memory_operation_contract.C213Tests.test_17_retracted_record_is_absent_from_export) ... ok
test_18_export_revision_and_time_match_observed_history (tests_lm.test_v05_c213_memory_operation_contract.C213Tests.test_18_export_revision_and_time_match_observed_history) ... ok
test_19_final_memory_revision_counts_all_mutations (tests_lm.test_v05_c213_memory_operation_contract.C213Tests.test_19_final_memory_revision_counts_all_mutations) ... ok
test_20_read_status_counts_are_registered (tests_lm.test_v05_c213_memory_operation_contract.C213Tests.test_20_read_status_counts_are_registered) ... ok
test_21_evidence_state_rejects_hypothesis_if_forced (tests_lm.test_v05_c213_memory_operation_contract.C213Tests.test_21_evidence_state_rejects_hypothesis_if_forced) ... ok
test_22_memory_op_field_contract_rejects_invalid_shapes (tests_lm.test_v05_c213_memory_operation_contract.C213Tests.test_22_memory_op_field_contract_rejects_invalid_shapes) ... ok
test_23_stale_mutation_does_not_change_state (tests_lm.test_v05_c213_memory_operation_contract.C213Tests.test_23_stale_mutation_does_not_change_state) ... ok
test_24_scope_end_rejects_observed_record (tests_lm.test_v05_c213_memory_operation_contract.C213Tests.test_24_scope_end_rejects_observed_record) ... ok
test_25_scope_has_no_learned_or_capsule_path (tests_lm.test_v05_c213_memory_operation_contract.C213Tests.test_25_scope_has_no_learned_or_capsule_path) ... ok
test_26_regression_suite_semantic_counts (tests_lm.test_v05_c213_memory_operation_contract.C213Tests.test_26_regression_suite_semantic_counts) ... ok
test_27_python_alias_bindings_are_complete (tests_lm.test_v05_c213_memory_operation_contract.C213Tests.test_27_python_alias_bindings_are_complete) ... ok
test_28_powershell_guards_and_parent_path (tests_lm.test_v05_c213_memory_operation_contract.C213Tests.test_28_powershell_guards_and_parent_path) ... ok
test_01_manifest_hash (tests_lm.test_v05_c214_memory_capsule_closure.C214Tests.test_01_manifest_hash) ... ok
test_02_parent_c213_identity_is_exact (tests_lm.test_v05_c214_memory_capsule_closure.C214Tests.test_02_parent_c213_identity_is_exact) ... ok
test_03_capsule_source_identity_is_pinned (tests_lm.test_v05_c214_memory_capsule_closure.C214Tests.test_03_capsule_source_identity_is_pinned) ... ok
test_04_bridge_shape_contract (tests_lm.test_v05_c214_memory_capsule_closure.C214Tests.test_04_bridge_shape_contract) ... ok
test_05_relation_registry_is_registered (tests_lm.test_v05_c214_memory_capsule_closure.C214Tests.test_05_relation_registry_is_registered) ... ok
test_06_initial_capsule_matches_full_reference (tests_lm.test_v05_c214_memory_capsule_closure.C214Tests.test_06_initial_capsule_matches_full_reference) ... ok
test_07_assert_alpha_matches_full_reference (tests_lm.test_v05_c214_memory_capsule_closure.C214Tests.test_07_assert_alpha_matches_full_reference) ... ok
test_08_replace_alpha_preserves_factor_identity (tests_lm.test_v05_c214_memory_capsule_closure.C214Tests.test_08_replace_alpha_preserves_factor_identity) ... ok
test_09_assert_beta_adds_second_factor (tests_lm.test_v05_c214_memory_capsule_closure.C214Tests.test_09_assert_beta_adds_second_factor) ... ok
test_10_retract_alpha_removes_its_numeric_contribution (tests_lm.test_v05_c214_memory_capsule_closure.C214Tests.test_10_retract_alpha_removes_its_numeric_contribution) ... ok
test_11_assumption_does_not_change_numeric_readout (tests_lm.test_v05_c214_memory_capsule_closure.C214Tests.test_11_assumption_does_not_change_numeric_readout) ... ok
test_12_end_scope_does_not_change_observed_numeric_readout (tests_lm.test_v05_c214_memory_capsule_closure.C214Tests.test_12_end_scope_does_not_change_observed_numeric_readout) ... ok
test_13_all_seven_registered_snapshots_are_supported (tests_lm.test_v05_c214_memory_capsule_closure.C214Tests.test_13_all_seven_registered_snapshots_are_supported) ... ok
test_14_max_abs_error_is_registered_float64_bound (tests_lm.test_v05_c214_memory_capsule_closure.C214Tests.test_14_max_abs_error_is_registered_float64_bound) ... ok
test_15_full_reference_status_matches_every_supported_snapshot (tests_lm.test_v05_c214_memory_capsule_closure.C214Tests.test_15_full_reference_status_matches_every_supported_snapshot) ... ok
test_16_factor_count_sequence_tracks_replace_and_retract (tests_lm.test_v05_c214_memory_capsule_closure.C214Tests.test_16_factor_count_sequence_tracks_replace_and_retract) ... ok
test_17_final_state_matches_c213_semantic_clock (tests_lm.test_v05_c214_memory_capsule_closure.C214Tests.test_17_final_state_matches_c213_semantic_clock) ... ok
test_18_final_export_contains_only_beta_observation (tests_lm.test_v05_c214_memory_capsule_closure.C214Tests.test_18_final_export_contains_only_beta_observation) ... ok
test_19_out_of_scope_is_not_numeric_unsafe (tests_lm.test_v05_c214_memory_capsule_closure.C214Tests.test_19_out_of_scope_is_not_numeric_unsafe) ... ok
test_20_numeric_unsafe_is_not_out_of_scope (tests_lm.test_v05_c214_memory_capsule_closure.C214Tests.test_20_numeric_unsafe_is_not_out_of_scope) ... ok
test_21_non_supported_controls_expose_no_value (tests_lm.test_v05_c214_memory_capsule_closure.C214Tests.test_21_non_supported_controls_expose_no_value) ... ok
test_22_hypothesis_record_is_excluded_even_when_unmapped (tests_lm.test_v05_c214_memory_capsule_closure.C214Tests.test_22_hypothesis_record_is_excluded_even_when_unmapped) ... ok
test_23_unknown_observed_relation_is_out_of_scope (tests_lm.test_v05_c214_memory_capsule_closure.C214Tests.test_23_unknown_observed_relation_is_out_of_scope) ... ok
test_24_port_contribution_rejects_nonfinite_and_asymmetric (tests_lm.test_v05_c214_memory_capsule_closure.C214Tests.test_24_port_contribution_rejects_nonfinite_and_asymmetric) ... ok
test_25_bridge_rejects_rank_mismatch_and_duplicate_keys (tests_lm.test_v05_c214_memory_capsule_closure.C214Tests.test_25_bridge_rejects_rank_mismatch_and_duplicate_keys) ... ok
test_26_bridge_copies_base_tensors (tests_lm.test_v05_c214_memory_capsule_closure.C214Tests.test_26_bridge_copies_base_tensors) ... ok
test_27_read_status_vocabulary_is_exact (tests_lm.test_v05_c214_memory_capsule_closure.C214Tests.test_27_read_status_vocabulary_is_exact) ... ok
test_28_no_learned_or_h1_h2_path (tests_lm.test_v05_c214_memory_capsule_closure.C214Tests.test_28_no_learned_or_h1_h2_path) ... ok
test_29_precheck_pins_c213_and_capsule_source (tests_lm.test_v05_c214_memory_capsule_closure.C214Tests.test_29_precheck_pins_c213_and_capsule_source) ... ok
test_30_regression_suite_semantic_counts (tests_lm.test_v05_c214_memory_capsule_closure.C214Tests.test_30_regression_suite_semantic_counts) ... ok
test_31_python_alias_bindings_are_complete (tests_lm.test_v05_c214_memory_capsule_closure.C214Tests.test_31_python_alias_bindings_are_complete) ... ok
test_32_powershell_guards_and_parent_path (tests_lm.test_v05_c214_memory_capsule_closure.C214Tests.test_32_powershell_guards_and_parent_path) ... ok
test_01_manifest_hash (tests_lm.test_v05_c215_h1_h2_chunk_commit.C215Tests.test_01_manifest_hash) ... ok
test_02_parent_c214_identity_is_exact (tests_lm.test_v05_c215_h1_h2_chunk_commit.C215Tests.test_02_parent_c214_identity_is_exact) ... ok
test_03_bank_schema_is_fixed (tests_lm.test_v05_c215_h1_h2_chunk_commit.C215Tests.test_03_bank_schema_is_fixed) ... ok
test_04_initial_read_is_h2_supported (tests_lm.test_v05_c215_h1_h2_chunk_commit.C215Tests.test_04_initial_read_is_h2_supported) ... ok
test_05_assert_enters_h1_and_requires_hot_read (tests_lm.test_v05_c215_h1_h2_chunk_commit.C215Tests.test_05_assert_enters_h1_and_requires_hot_read) ... ok
test_06_first_commit_is_representation_only (tests_lm.test_v05_c215_h1_h2_chunk_commit.C215Tests.test_06_first_commit_is_representation_only) ... ok
test_07_first_commit_readout_is_identical (tests_lm.test_v05_c215_h1_h2_chunk_commit.C215Tests.test_07_first_commit_readout_is_identical) ... ok
test_08_replace_committed_factor_updates_h2_without_new_commit (tests_lm.test_v05_c215_h1_h2_chunk_commit.C215Tests.test_08_replace_committed_factor_updates_h2_without_new_commit) ... ok
test_09_second_assert_returns_to_hot_required (tests_lm.test_v05_c215_h1_h2_chunk_commit.C215Tests.test_09_second_assert_returns_to_hot_required) ... ok
test_10_second_commit_moves_beta_into_h2_without_semantic_change (tests_lm.test_v05_c215_h1_h2_chunk_commit.C215Tests.test_10_second_commit_moves_beta_into_h2_without_semantic_change) ... ok
test_11_retract_committed_factor_removes_h2_contribution_without_commit (tests_lm.test_v05_c215_h1_h2_chunk_commit.C215Tests.test_11_retract_committed_factor_removes_h2_contribution_without_commit) ... ok
test_12_assumption_is_hot_hypothesis_but_numeric_status_stays_supported (tests_lm.test_v05_c215_h1_h2_chunk_commit.C215Tests.test_12_assumption_is_hot_hypothesis_but_numeric_status_stays_supported) ... ok
test_13_end_scope_removes_hypothesis_without_numeric_change (tests_lm.test_v05_c215_h1_h2_chunk_commit.C215Tests.test_13_end_scope_removes_hypothesis_without_numeric_change) ... ok
test_14_registered_status_sequence_is_exact (tests_lm.test_v05_c215_h1_h2_chunk_commit.C215Tests.test_14_registered_status_sequence_is_exact) ... ok
test_15_hot_observed_count_sequence_is_exact (tests_lm.test_v05_c215_h1_h2_chunk_commit.C215Tests.test_15_hot_observed_count_sequence_is_exact) ... ok
test_16_h2_factor_count_sequence_is_exact (tests_lm.test_v05_c215_h1_h2_chunk_commit.C215Tests.test_16_h2_factor_count_sequence_is_exact) ... ok
test_17_total_observed_count_sequence_is_exact (tests_lm.test_v05_c215_h1_h2_chunk_commit.C215Tests.test_17_total_observed_count_sequence_is_exact) ... ok
test_18_full_reference_status_matches_all_main_snapshots (tests_lm.test_v05_c215_h1_h2_chunk_commit.C215Tests.test_18_full_reference_status_matches_all_main_snapshots) ... ok
test_19_numeric_error_is_within_registered_tolerance (tests_lm.test_v05_c215_h1_h2_chunk_commit.C215Tests.test_19_numeric_error_is_within_registered_tolerance) ... ok
test_20_final_semantic_and_storage_clocks_are_exact (tests_lm.test_v05_c215_h1_h2_chunk_commit.C215Tests.test_20_final_semantic_and_storage_clocks_are_exact) ... ok
test_21_final_authoritative_factor_is_beta_only (tests_lm.test_v05_c215_h1_h2_chunk_commit.C215Tests.test_21_final_authoritative_factor_is_beta_only) ... ok
test_22_operation_history_is_not_stored (tests_lm.test_v05_c215_h1_h2_chunk_commit.C215Tests.test_22_operation_history_is_not_stored) ... ok
test_23_noop_commit_does_not_create_storage_epoch (tests_lm.test_v05_c215_h1_h2_chunk_commit.C215Tests.test_23_noop_commit_does_not_create_storage_epoch) ... ok
test_24_out_of_scope_hot_read_is_explicit (tests_lm.test_v05_c215_h1_h2_chunk_commit.C215Tests.test_24_out_of_scope_hot_read_is_explicit) ... ok
test_25_out_of_scope_commit_is_rejected_without_state_change (tests_lm.test_v05_c215_h1_h2_chunk_commit.C215Tests.test_25_out_of_scope_commit_is_rejected_without_state_change) ... ok
test_26_numeric_unsafe_hot_read_is_explicit (tests_lm.test_v05_c215_h1_h2_chunk_commit.C215Tests.test_26_numeric_unsafe_hot_read_is_explicit) ... ok
test_27_numeric_unsafe_commit_is_rejected_without_state_change (tests_lm.test_v05_c215_h1_h2_chunk_commit.C215Tests.test_27_numeric_unsafe_commit_is_rejected_without_state_change) ... ok
test_28_non_supported_controls_never_expose_value (tests_lm.test_v05_c215_h1_h2_chunk_commit.C215Tests.test_28_non_supported_controls_never_expose_value) ... ok
test_29_state_schema_has_no_operation_history_field (tests_lm.test_v05_c215_h1_h2_chunk_commit.C215Tests.test_29_state_schema_has_no_operation_history_field) ... ok
test_30_scope_has_no_learned_memory_policy (tests_lm.test_v05_c215_h1_h2_chunk_commit.C215Tests.test_30_scope_has_no_learned_memory_policy) ... ok
test_31_precheck_pins_c214_parent_validation (tests_lm.test_v05_c215_h1_h2_chunk_commit.C215Tests.test_31_precheck_pins_c214_parent_validation) ... ok
test_32_regression_suite_semantic_counts (tests_lm.test_v05_c215_h1_h2_chunk_commit.C215Tests.test_32_regression_suite_semantic_counts) ... ok
test_33_python_alias_bindings_are_complete (tests_lm.test_v05_c215_h1_h2_chunk_commit.C215Tests.test_33_python_alias_bindings_are_complete) ... ok
test_34_powershell_guards_and_parent_path (tests_lm.test_v05_c215_h1_h2_chunk_commit.C215Tests.test_34_powershell_guards_and_parent_path) ... ok
test_01_manifest_hash (tests_lm.test_v05_c216_learned_reader.C216Tests.test_01_manifest_hash) ... ok
test_02_parent_c215_identity_is_exact (tests_lm.test_v05_c216_learned_reader.C216Tests.test_02_parent_c215_identity_is_exact) ... ok
test_03_data_hash_is_fixed (tests_lm.test_v05_c216_learned_reader.C216Tests.test_03_data_hash_is_fixed) ... ok
test_04_dataset_profile_is_exact (tests_lm.test_v05_c216_learned_reader.C216Tests.test_04_dataset_profile_is_exact) ... ok
test_05_eval_pairs_are_exactly_preregistered (tests_lm.test_v05_c216_learned_reader.C216Tests.test_05_eval_pairs_are_exactly_preregistered) ... ok
test_06_train_and_eval_pair_sets_are_disjoint (tests_lm.test_v05_c216_learned_reader.C216Tests.test_06_train_and_eval_pair_sets_are_disjoint) ... ok
test_07_each_semantic_value_occurs_in_both_splits (tests_lm.test_v05_c216_learned_reader.C216Tests.test_07_each_semantic_value_occurs_in_both_splits) ... ok
test_08_train_targets_are_balanced (tests_lm.test_v05_c216_learned_reader.C216Tests.test_08_train_targets_are_balanced) ... ok
test_09_eval_targets_are_balanced (tests_lm.test_v05_c216_learned_reader.C216Tests.test_09_eval_targets_are_balanced) ... ok
test_10_each_pair_has_hot_and_committed_rows (tests_lm.test_v05_c216_learned_reader.C216Tests.test_10_each_pair_has_hot_and_committed_rows) ... ok
test_11_each_pair_has_both_queries (tests_lm.test_v05_c216_learned_reader.C216Tests.test_11_each_pair_has_both_queries) ... ok
test_12_hot_and_committed_selected_features_are_identical (tests_lm.test_v05_c216_learned_reader.C216Tests.test_12_hot_and_committed_selected_features_are_identical) ... ok
test_13_selected_feature_has_only_three_values (tests_lm.test_v05_c216_learned_reader.C216Tests.test_13_selected_feature_has_only_three_values) ... ok
test_14_reader_config_is_exact (tests_lm.test_v05_c216_learned_reader.C216Tests.test_14_reader_config_is_exact) ... ok
test_15_reader_parameter_count_is_43 (tests_lm.test_v05_c216_learned_reader.C216Tests.test_15_reader_parameter_count_is_43) ... ok
test_16_reader_rejects_wrong_shape (tests_lm.test_v05_c216_learned_reader.C216Tests.test_16_reader_rejects_wrong_shape) ... ok
test_17_reader_rejects_nonfloat (tests_lm.test_v05_c216_learned_reader.C216Tests.test_17_reader_rejects_nonfloat) ... ok
test_18_reader_rejects_nonfinite (tests_lm.test_v05_c216_learned_reader.C216Tests.test_18_reader_rejects_nonfinite) ... ok
test_19_reader_forward_shape_is_three_class (tests_lm.test_v05_c216_learned_reader.C216Tests.test_19_reader_forward_shape_is_three_class) ... ok
test_20_model_input_has_no_query_feature (tests_lm.test_v05_c216_learned_reader.C216Tests.test_20_model_input_has_no_query_feature) ... ok
test_21_model_input_has_no_status_feature (tests_lm.test_v05_c216_learned_reader.C216Tests.test_21_model_input_has_no_status_feature) ... ok
test_22_oracle_selector_is_outside_reader (tests_lm.test_v05_c216_learned_reader.C216Tests.test_22_oracle_selector_is_outside_reader) ... ok
test_23_writer_and_selector_are_not_learned (tests_lm.test_v05_c216_learned_reader.C216Tests.test_23_writer_and_selector_are_not_learned) ... ok
test_24_training_registration_is_exact (tests_lm.test_v05_c216_learned_reader.C216Tests.test_24_training_registration_is_exact) ... ok
test_25_gate_requires_all_three_seed_records (tests_lm.test_v05_c216_learned_reader.C216Tests.test_25_gate_requires_all_three_seed_records) ... ok
test_26_gate_rejects_one_eval_error (tests_lm.test_v05_c216_learned_reader.C216Tests.test_26_gate_rejects_one_eval_error) ... ok
test_27_gate_rejects_readout_blind_success (tests_lm.test_v05_c216_learned_reader.C216Tests.test_27_gate_rejects_readout_blind_success) ... ok
test_28_gate_rejects_placement_flip (tests_lm.test_v05_c216_learned_reader.C216Tests.test_28_gate_rejects_placement_flip) ... ok
test_29_zero_readout_expected_accuracy_is_one_third (tests_lm.test_v05_c216_learned_reader.C216Tests.test_29_zero_readout_expected_accuracy_is_one_third) ... ok
test_30_precheck_uses_c215_as_checkpoint_root (tests_lm.test_v05_c216_learned_reader.C216Tests.test_30_precheck_uses_c215_as_checkpoint_root) ... ok
test_31_direct_repo_dependencies_are_registered (tests_lm.test_v05_c216_learned_reader.C216Tests.test_31_direct_repo_dependencies_are_registered) ... ok
test_32_regression_suite_semantic_counts (tests_lm.test_v05_c216_learned_reader.C216Tests.test_32_regression_suite_semantic_counts) ... ok
test_33_python_alias_bindings_are_complete (tests_lm.test_v05_c216_learned_reader.C216Tests.test_33_python_alias_bindings_are_complete) ... ok
test_34_manifest_workload_forward_count_is_consistent (tests_lm.test_v05_c216_learned_reader.C216Tests.test_34_manifest_workload_forward_count_is_consistent) ... ok
test_35_powershell_guards_and_parent_path (tests_lm.test_v05_c216_learned_reader.C216Tests.test_35_powershell_guards_and_parent_path) ... ok
test_36_scope_has_no_writer_selector_or_coverage_training (tests_lm.test_v05_c216_learned_reader.C216Tests.test_36_scope_has_no_writer_selector_or_coverage_training) ... ok
test_01_manifest_hash (tests_lm.test_v05_c217_learned_port_selector.C217Tests.test_01_manifest_hash) ... ok
test_02_parent_c216_identity_is_exact (tests_lm.test_v05_c217_learned_port_selector.C217Tests.test_02_parent_c216_identity_is_exact) ... ok
test_03_query_data_hash_is_fixed (tests_lm.test_v05_c217_learned_port_selector.C217Tests.test_03_query_data_hash_is_fixed) ... ok
test_04_query_dataset_profile_is_exact (tests_lm.test_v05_c217_learned_port_selector.C217Tests.test_04_query_dataset_profile_is_exact) ... ok
test_05_train_query_targets_are_balanced (tests_lm.test_v05_c217_learned_port_selector.C217Tests.test_05_train_query_targets_are_balanced) ... ok
test_06_eval_query_targets_are_balanced (tests_lm.test_v05_c217_learned_port_selector.C217Tests.test_06_eval_query_targets_are_balanced) ... ok
test_07_train_and_eval_nuisance_are_disjoint (tests_lm.test_v05_c217_learned_port_selector.C217Tests.test_07_train_and_eval_nuisance_are_disjoint) ... ok
test_08_both_factor_roles_exist_in_both_splits (tests_lm.test_v05_c217_learned_port_selector.C217Tests.test_08_both_factor_roles_exist_in_both_splits) ... ok
test_09_eval_role_blind_features_collapse_to_same_vector (tests_lm.test_v05_c217_learned_port_selector.C217Tests.test_09_eval_role_blind_features_collapse_to_same_vector) ... ok
test_10_selector_config_is_exact (tests_lm.test_v05_c217_learned_port_selector.C217Tests.test_10_selector_config_is_exact) ... ok
test_11_selector_parameter_count_is_58 (tests_lm.test_v05_c217_learned_port_selector.C217Tests.test_11_selector_parameter_count_is_58) ... ok
test_12_selector_rejects_wrong_shape (tests_lm.test_v05_c217_learned_port_selector.C217Tests.test_12_selector_rejects_wrong_shape) ... ok
test_13_selector_rejects_nonfloat (tests_lm.test_v05_c217_learned_port_selector.C217Tests.test_13_selector_rejects_nonfloat) ... ok
test_14_selector_rejects_nonfinite (tests_lm.test_v05_c217_learned_port_selector.C217Tests.test_14_selector_rejects_nonfinite) ... ok
test_15_selector_forward_shape_is_two_ports (tests_lm.test_v05_c217_learned_port_selector.C217Tests.test_15_selector_forward_shape_is_two_ports) ... ok
test_16_selector_module_does_not_accept_memory_values (tests_lm.test_v05_c217_learned_port_selector.C217Tests.test_16_selector_module_does_not_accept_memory_values) ... ok
test_17_downstream_uses_only_unequal_semantic_pairs (tests_lm.test_v05_c217_learned_port_selector.C217Tests.test_17_downstream_uses_only_unequal_semantic_pairs) ... ok
test_18_downstream_fixture_has_24_rows (tests_lm.test_v05_c217_learned_port_selector.C217Tests.test_18_downstream_fixture_has_24_rows) ... ok
test_19_downstream_fixture_has_hot_and_committed (tests_lm.test_v05_c217_learned_port_selector.C217Tests.test_19_downstream_fixture_has_hot_and_committed) ... ok
test_20_downstream_fixture_has_both_queries (tests_lm.test_v05_c217_learned_port_selector.C217Tests.test_20_downstream_fixture_has_both_queries) ... ok
test_21_downstream_correct_and_wrong_ports_have_different_targets (tests_lm.test_v05_c217_learned_port_selector.C217Tests.test_21_downstream_correct_and_wrong_ports_have_different_targets) ... ok
test_22_oracle_writer_workload_is_exact (tests_lm.test_v05_c217_learned_port_selector.C217Tests.test_22_oracle_writer_workload_is_exact) ... ok
test_23_reader_checkpoints_are_frozen_registered_parent_artifacts (tests_lm.test_v05_c217_learned_port_selector.C217Tests.test_23_reader_checkpoints_are_frozen_registered_parent_artifacts) ... ok
test_24_training_registration_is_exact (tests_lm.test_v05_c217_learned_port_selector.C217Tests.test_24_training_registration_is_exact) ... ok
test_25_gate_requires_all_three_selector_seeds (tests_lm.test_v05_c217_learned_port_selector.C217Tests.test_25_gate_requires_all_three_selector_seeds) ... ok
test_26_gate_rejects_one_port_error (tests_lm.test_v05_c217_learned_port_selector.C217Tests.test_26_gate_rejects_one_port_error) ... ok
test_27_gate_rejects_query_blind_success (tests_lm.test_v05_c217_learned_port_selector.C217Tests.test_27_gate_rejects_query_blind_success) ... ok
test_28_gate_rejects_wrong_port_downstream_success (tests_lm.test_v05_c217_learned_port_selector.C217Tests.test_28_gate_rejects_wrong_port_downstream_success) ... ok
test_29_scope_freezes_reader_and_writer (tests_lm.test_v05_c217_learned_port_selector.C217Tests.test_29_scope_freezes_reader_and_writer) ... ok
test_30_precheck_uses_c216_as_checkpoint_root (tests_lm.test_v05_c217_learned_port_selector.C217Tests.test_30_precheck_uses_c216_as_checkpoint_root) ... ok
test_31_direct_repo_dependencies_are_registered (tests_lm.test_v05_c217_learned_port_selector.C217Tests.test_31_direct_repo_dependencies_are_registered) ... ok
test_32_regression_suite_semantic_counts (tests_lm.test_v05_c217_learned_port_selector.C217Tests.test_32_regression_suite_semantic_counts) ... ok
test_33_python_alias_bindings_are_complete (tests_lm.test_v05_c217_learned_port_selector.C217Tests.test_33_python_alias_bindings_are_complete) ... ok
test_34_manifest_workload_forward_count_is_consistent (tests_lm.test_v05_c217_learned_port_selector.C217Tests.test_34_manifest_workload_forward_count_is_consistent) ... ok
test_35_powershell_guards_and_parent_path (tests_lm.test_v05_c217_learned_port_selector.C217Tests.test_35_powershell_guards_and_parent_path) ... ok
test_36_scope_is_not_gate_f_decision (tests_lm.test_v05_c217_learned_port_selector.C217Tests.test_36_scope_is_not_gate_f_decision) ... ok
test_01_manifest_hash (tests_lm.test_v05_c218_learned_writer.C218Tests.test_01_manifest_hash) ... ok
test_02_parent_c217_identity_is_exact (tests_lm.test_v05_c218_learned_writer.C218Tests.test_02_parent_c217_identity_is_exact) ... ok
test_03_frozen_selector_artifact_identity_is_exact (tests_lm.test_v05_c218_learned_writer.C218Tests.test_03_frozen_selector_artifact_identity_is_exact) ... ok
test_04_inherited_reader_artifact_identity_is_exact (tests_lm.test_v05_c218_learned_writer.C218Tests.test_04_inherited_reader_artifact_identity_is_exact) ... ok
test_05_writer_data_hash_is_fixed (tests_lm.test_v05_c218_learned_writer.C218Tests.test_05_writer_data_hash_is_fixed) ... ok
test_06_writer_dataset_profile_is_exact (tests_lm.test_v05_c218_learned_writer.C218Tests.test_06_writer_dataset_profile_is_exact) ... ok
test_07_train_and_eval_nuisance_are_disjoint (tests_lm.test_v05_c218_learned_writer.C218Tests.test_07_train_and_eval_nuisance_are_disjoint) ... ok
test_08_both_factors_and_all_values_exist_in_both_splits (tests_lm.test_v05_c218_learned_writer.C218Tests.test_08_both_factors_and_all_values_exist_in_both_splits) ... ok
test_09_relation_class_vocabulary_is_exact (tests_lm.test_v05_c218_learned_writer.C218Tests.test_09_relation_class_vocabulary_is_exact) ... ok
test_10_factor_blind_eval_collapses_factor_pairs (tests_lm.test_v05_c218_learned_writer.C218Tests.test_10_factor_blind_eval_collapses_factor_pairs) ... ok
test_11_semantic_blind_eval_collapses_three_values_per_factor (tests_lm.test_v05_c218_learned_writer.C218Tests.test_11_semantic_blind_eval_collapses_three_values_per_factor) ... ok
test_12_writer_config_is_exact (tests_lm.test_v05_c218_learned_writer.C218Tests.test_12_writer_config_is_exact) ... ok
test_13_writer_parameter_count_is_150 (tests_lm.test_v05_c218_learned_writer.C218Tests.test_13_writer_parameter_count_is_150) ... ok
test_14_writer_rejects_wrong_shape (tests_lm.test_v05_c218_learned_writer.C218Tests.test_14_writer_rejects_wrong_shape) ... ok
test_15_writer_rejects_nonfloat (tests_lm.test_v05_c218_learned_writer.C218Tests.test_15_writer_rejects_nonfloat) ... ok
test_16_writer_rejects_nonfinite (tests_lm.test_v05_c218_learned_writer.C218Tests.test_16_writer_rejects_nonfinite) ... ok
test_17_writer_forward_shape_is_six_relations (tests_lm.test_v05_c218_learned_writer.C218Tests.test_17_writer_forward_shape_is_six_relations) ... ok
test_18_writer_module_does_not_accept_operation_or_memory_state (tests_lm.test_v05_c218_learned_writer.C218Tests.test_18_writer_module_does_not_accept_operation_or_memory_state) ... ok
test_19_decode_write_class_is_exact (tests_lm.test_v05_c218_learned_writer.C218Tests.test_19_decode_write_class_is_exact) ... ok
test_20_operation_kind_is_supplied_outside_writer (tests_lm.test_v05_c218_learned_writer.C218Tests.test_20_operation_kind_is_supplied_outside_writer) ... ok
test_21_assert_pairs_are_exactly_unequal (tests_lm.test_v05_c218_learned_writer.C218Tests.test_21_assert_pairs_are_exactly_unequal) ... ok
test_22_wrong_semantic_control_has_six_valid_rows (tests_lm.test_v05_c218_learned_writer.C218Tests.test_22_wrong_semantic_control_has_six_valid_rows) ... ok
test_23_wrong_factor_control_has_six_valid_rows (tests_lm.test_v05_c218_learned_writer.C218Tests.test_23_wrong_factor_control_has_six_valid_rows) ... ok
test_24_training_registration_is_exact (tests_lm.test_v05_c218_learned_writer.C218Tests.test_24_training_registration_is_exact) ... ok
test_25_gate_accepts_registered_complete_fixture (tests_lm.test_v05_c218_learned_writer.C218Tests.test_25_gate_accepts_registered_complete_fixture) ... ok
test_26_gate_rejects_one_relation_error (tests_lm.test_v05_c218_learned_writer.C218Tests.test_26_gate_rejects_one_relation_error) ... ok
test_27_gate_rejects_factor_blind_success (tests_lm.test_v05_c218_learned_writer.C218Tests.test_27_gate_rejects_factor_blind_success) ... ok
test_28_gate_rejects_semantic_blind_success (tests_lm.test_v05_c218_learned_writer.C218Tests.test_28_gate_rejects_semantic_blind_success) ... ok
test_29_gate_rejects_write_rejection (tests_lm.test_v05_c218_learned_writer.C218Tests.test_29_gate_rejects_write_rejection) ... ok
test_30_gate_rejects_wrong_relation_control_success (tests_lm.test_v05_c218_learned_writer.C218Tests.test_30_gate_rejects_wrong_relation_control_success) ... ok
test_31_precheck_uses_c217_as_checkpoint_root (tests_lm.test_v05_c218_learned_writer.C218Tests.test_31_precheck_uses_c217_as_checkpoint_root) ... ok
test_32_direct_repo_dependencies_are_registered (tests_lm.test_v05_c218_learned_writer.C218Tests.test_32_direct_repo_dependencies_are_registered) ... ok
test_33_inherited_reader_checkpoint_is_resolved_from_parent_protection (tests_lm.test_v05_c218_learned_writer.C218Tests.test_33_inherited_reader_checkpoint_is_resolved_from_parent_protection) ... ok
test_34_regression_suite_semantic_counts (tests_lm.test_v05_c218_learned_writer.C218Tests.test_34_regression_suite_semantic_counts) ... ok
test_35_python_alias_bindings_are_complete (tests_lm.test_v05_c218_learned_writer.C218Tests.test_35_python_alias_bindings_are_complete) ... ok
test_36_manifest_workload_forward_count_is_consistent (tests_lm.test_v05_c218_learned_writer.C218Tests.test_36_manifest_workload_forward_count_is_consistent) ... ok
test_37_powershell_guards_and_parent_path (tests_lm.test_v05_c218_learned_writer.C218Tests.test_37_powershell_guards_and_parent_path) ... ok
test_38_scope_is_writer_only_and_not_gate_f (tests_lm.test_v05_c218_learned_writer.C218Tests.test_38_scope_is_writer_only_and_not_gate_f) ... ok
test_01_manifest_hash (tests_lm.test_v05_c219_learned_coverage.C219Tests.test_01_manifest_hash) ... ok
test_02_parent_c218_identity_is_exact (tests_lm.test_v05_c219_learned_coverage.C219Tests.test_02_parent_c218_identity_is_exact) ... ok
test_03_inherited_checkpoint_identities_are_exact (tests_lm.test_v05_c219_learned_coverage.C219Tests.test_03_inherited_checkpoint_identities_are_exact) ... ok
test_04_coverage_taxonomy_is_exact (tests_lm.test_v05_c219_learned_coverage.C219Tests.test_04_coverage_taxonomy_is_exact) ... ok
test_05_numeric_unsafe_is_not_coverage_class (tests_lm.test_v05_c219_learned_coverage.C219Tests.test_05_numeric_unsafe_is_not_coverage_class) ... ok
test_06_data_hash_is_fixed (tests_lm.test_v05_c219_learned_coverage.C219Tests.test_06_data_hash_is_fixed) ... ok
test_07_dataset_shape_is_exact (tests_lm.test_v05_c219_learned_coverage.C219Tests.test_07_dataset_shape_is_exact) ... ok
test_08_train_eval_rows_are_exact (tests_lm.test_v05_c219_learned_coverage.C219Tests.test_08_train_eval_rows_are_exact) ... ok
test_09_train_classes_are_balanced (tests_lm.test_v05_c219_learned_coverage.C219Tests.test_09_train_classes_are_balanced) ... ok
test_10_eval_classes_are_balanced (tests_lm.test_v05_c219_learned_coverage.C219Tests.test_10_eval_classes_are_balanced) ... ok
test_11_train_eval_nuisance_are_disjoint (tests_lm.test_v05_c219_learned_coverage.C219Tests.test_11_train_eval_nuisance_are_disjoint) ... ok
test_12_both_queries_have_all_four_statuses (tests_lm.test_v05_c219_learned_coverage.C219Tests.test_12_both_queries_have_all_four_statuses) ... ok
test_13_target_summary_supported_bits_are_exact (tests_lm.test_v05_c219_learned_coverage.C219Tests.test_13_target_summary_supported_bits_are_exact) ... ok
test_14_target_summary_hot_bits_are_exact (tests_lm.test_v05_c219_learned_coverage.C219Tests.test_14_target_summary_hot_bits_are_exact) ... ok
test_15_target_summary_missing_bits_are_exact (tests_lm.test_v05_c219_learned_coverage.C219Tests.test_15_target_summary_missing_bits_are_exact) ... ok
test_16_target_summary_out_of_scope_bits_are_exact (tests_lm.test_v05_c219_learned_coverage.C219Tests.test_16_target_summary_out_of_scope_bits_are_exact) ... ok
test_17_classifier_config_is_exact (tests_lm.test_v05_c219_learned_coverage.C219Tests.test_17_classifier_config_is_exact) ... ok
test_18_classifier_parameter_count_is_148 (tests_lm.test_v05_c219_learned_coverage.C219Tests.test_18_classifier_parameter_count_is_148) ... ok
test_19_classifier_rejects_wrong_shape (tests_lm.test_v05_c219_learned_coverage.C219Tests.test_19_classifier_rejects_wrong_shape) ... ok
test_20_classifier_rejects_nonfloat (tests_lm.test_v05_c219_learned_coverage.C219Tests.test_20_classifier_rejects_nonfloat) ... ok
test_21_classifier_rejects_nonfinite (tests_lm.test_v05_c219_learned_coverage.C219Tests.test_21_classifier_rejects_nonfinite) ... ok
test_22_classifier_forward_shape_is_four_classes (tests_lm.test_v05_c219_learned_coverage.C219Tests.test_22_classifier_forward_shape_is_four_classes) ... ok
test_23_state_blind_eval_collapses_each_query_across_four_classes (tests_lm.test_v05_c219_learned_coverage.C219Tests.test_23_state_blind_eval_collapses_each_query_across_four_classes) ... ok
test_24_tier_blind_readable_pairs_collapse (tests_lm.test_v05_c219_learned_coverage.C219Tests.test_24_tier_blind_readable_pairs_collapse) ... ok
test_25_scope_blind_missing_oos_pairs_collapse (tests_lm.test_v05_c219_learned_coverage.C219Tests.test_25_scope_blind_missing_oos_pairs_collapse) ... ok
test_26_training_registration_is_exact (tests_lm.test_v05_c219_learned_coverage.C219Tests.test_26_training_registration_is_exact) ... ok
test_27_gate_accepts_registered_complete_fixture (tests_lm.test_v05_c219_learned_coverage.C219Tests.test_27_gate_accepts_registered_complete_fixture) ... ok
test_28_gate_rejects_missing_oos_confusion (tests_lm.test_v05_c219_learned_coverage.C219Tests.test_28_gate_rejects_missing_oos_confusion) ... ok
test_29_gate_rejects_state_blind_success (tests_lm.test_v05_c219_learned_coverage.C219Tests.test_29_gate_rejects_state_blind_success) ... ok
test_30_gate_rejects_scope_blind_missing_oos_success (tests_lm.test_v05_c219_learned_coverage.C219Tests.test_30_gate_rejects_scope_blind_missing_oos_success) ... ok
test_31_precheck_uses_c218_checkpoint_root (tests_lm.test_v05_c219_learned_coverage.C219Tests.test_31_precheck_uses_c218_checkpoint_root) ... ok
test_32_inherited_selector_reader_resolve_from_parent_protection (tests_lm.test_v05_c219_learned_coverage.C219Tests.test_32_inherited_selector_reader_resolve_from_parent_protection) ... ok
test_33_direct_dependencies_are_registered (tests_lm.test_v05_c219_learned_coverage.C219Tests.test_33_direct_dependencies_are_registered) ... ok
test_34_regression_suite_semantic_counts (tests_lm.test_v05_c219_learned_coverage.C219Tests.test_34_regression_suite_semantic_counts) ... ok
test_35_python_alias_bindings_are_complete (tests_lm.test_v05_c219_learned_coverage.C219Tests.test_35_python_alias_bindings_are_complete) ... ok
test_36_manifest_workload_count_is_consistent (tests_lm.test_v05_c219_learned_coverage.C219Tests.test_36_manifest_workload_count_is_consistent) ... ok
test_37_powershell_guards_and_parent_path (tests_lm.test_v05_c219_learned_coverage.C219Tests.test_37_powershell_guards_and_parent_path) ... ok
test_38_scope_is_coverage_only_and_not_gate_f (tests_lm.test_v05_c219_learned_coverage.C219Tests.test_38_scope_is_coverage_only_and_not_gate_f) ... ok
test_01_manifest_hash (tests_lm.test_v05_c220_frozen_learned_stack.C220Tests.test_01_manifest_hash) ... ok
test_02_parent_c219_identity_is_exact (tests_lm.test_v05_c220_frozen_learned_stack.C220Tests.test_02_parent_c219_identity_is_exact) ... ok
test_03_checkpoint_artifact_identities_are_exact (tests_lm.test_v05_c220_frozen_learned_stack.C220Tests.test_03_checkpoint_artifact_identities_are_exact) ... ok
test_04_episode_plan_hash_is_fixed (tests_lm.test_v05_c220_frozen_learned_stack.C220Tests.test_04_episode_plan_hash_is_fixed) ... ok
test_05_episode_labels_are_exact (tests_lm.test_v05_c220_frozen_learned_stack.C220Tests.test_05_episode_labels_are_exact) ... ok
test_06_episode_readable_nonreadable_counts_are_exact (tests_lm.test_v05_c220_frozen_learned_stack.C220Tests.test_06_episode_readable_nonreadable_counts_are_exact) ... ok
test_07_supported_maps_to_read (tests_lm.test_v05_c220_frozen_learned_stack.C220Tests.test_07_supported_maps_to_read) ... ok
test_08_hot_required_maps_to_read (tests_lm.test_v05_c220_frozen_learned_stack.C220Tests.test_08_hot_required_maps_to_read) ... ok
test_09_missing_maps_to_distinct_suppression (tests_lm.test_v05_c220_frozen_learned_stack.C220Tests.test_09_missing_maps_to_distinct_suppression) ... ok
test_10_out_of_scope_maps_to_distinct_suppression (tests_lm.test_v05_c220_frozen_learned_stack.C220Tests.test_10_out_of_scope_maps_to_distinct_suppression) ... ok
test_11_unknown_coverage_is_rejected (tests_lm.test_v05_c220_frozen_learned_stack.C220Tests.test_11_unknown_coverage_is_rejected) ... ok
test_12_selected_scalar_returns_reader_shape (tests_lm.test_v05_c220_frozen_learned_stack.C220Tests.test_12_selected_scalar_returns_reader_shape) ... ok
test_13_writer_checkpoint_fingerprints_are_exact (tests_lm.test_v05_c220_frozen_learned_stack.C220Tests.test_13_writer_checkpoint_fingerprints_are_exact) ... ok
test_14_coverage_checkpoint_fingerprints_are_exact (tests_lm.test_v05_c220_frozen_learned_stack.C220Tests.test_14_coverage_checkpoint_fingerprints_are_exact) ... ok
test_15_selector_checkpoint_fingerprints_are_exact (tests_lm.test_v05_c220_frozen_learned_stack.C220Tests.test_15_selector_checkpoint_fingerprints_are_exact) ... ok
test_16_reader_checkpoint_fingerprints_are_exact (tests_lm.test_v05_c220_frozen_learned_stack.C220Tests.test_16_reader_checkpoint_fingerprints_are_exact) ... ok
test_17_writer_eval_feature_batch_is_exact (tests_lm.test_v05_c220_frozen_learned_stack.C220Tests.test_17_writer_eval_feature_batch_is_exact) ... ok
test_18_writer_eval_targets_cover_registered_episode_writes (tests_lm.test_v05_c220_frozen_learned_stack.C220Tests.test_18_writer_eval_targets_cover_registered_episode_writes) ... ok
test_19_oracle_writer_map_builds_expected_coverage_sequence (tests_lm.test_v05_c220_frozen_learned_stack.C220Tests.test_19_oracle_writer_map_builds_expected_coverage_sequence) ... ok
test_20_episode_operation_counts_are_exact (tests_lm.test_v05_c220_frozen_learned_stack.C220Tests.test_20_episode_operation_counts_are_exact) ... ok
test_21_missing_and_out_of_scope_are_distinct (tests_lm.test_v05_c220_frozen_learned_stack.C220Tests.test_21_missing_and_out_of_scope_are_distinct) ... ok
test_22_hot_and_supported_pairs_are_exact (tests_lm.test_v05_c220_frozen_learned_stack.C220Tests.test_22_hot_and_supported_pairs_are_exact) ... ok
test_23_replace_episodes_are_supported (tests_lm.test_v05_c220_frozen_learned_stack.C220Tests.test_23_replace_episodes_are_supported) ... ok
test_24_wrong_port_is_detectable_in_all_readable_episodes (tests_lm.test_v05_c220_frozen_learned_stack.C220Tests.test_24_wrong_port_is_detectable_in_all_readable_episodes) ... ok
test_25_expected_and_actual_coverage_match_under_oracle_writer (tests_lm.test_v05_c220_frozen_learned_stack.C220Tests.test_25_expected_and_actual_coverage_match_under_oracle_writer) ... ok
test_26_gate_accepts_complete_registered_summary (tests_lm.test_v05_c220_frozen_learned_stack.C220Tests.test_26_gate_accepts_complete_registered_summary) ... ok
test_27_gate_rejects_integration_error (tests_lm.test_v05_c220_frozen_learned_stack.C220Tests.test_27_gate_rejects_integration_error) ... ok
test_28_gate_rejects_missing_oos_confusion (tests_lm.test_v05_c220_frozen_learned_stack.C220Tests.test_28_gate_rejects_missing_oos_confusion) ... ok
test_29_operation_kind_remains_oracle (tests_lm.test_v05_c220_frozen_learned_stack.C220Tests.test_29_operation_kind_remains_oracle) ... ok
test_30_precheck_uses_c219_checkpoint_root (tests_lm.test_v05_c220_frozen_learned_stack.C220Tests.test_30_precheck_uses_c219_checkpoint_root) ... ok
test_31_all_four_checkpoint_families_are_resolved (tests_lm.test_v05_c220_frozen_learned_stack.C220Tests.test_31_all_four_checkpoint_families_are_resolved) ... ok
test_32_direct_repo_dependencies_are_registered (tests_lm.test_v05_c220_frozen_learned_stack.C220Tests.test_32_direct_repo_dependencies_are_registered) ... ok
test_33_regression_suite_semantic_counts (tests_lm.test_v05_c220_frozen_learned_stack.C220Tests.test_33_regression_suite_semantic_counts) ... ok
test_34_python_alias_bindings_are_complete (tests_lm.test_v05_c220_frozen_learned_stack.C220Tests.test_34_python_alias_bindings_are_complete) ... ok
test_35_manifest_forward_and_decision_counts_are_consistent (tests_lm.test_v05_c220_frozen_learned_stack.C220Tests.test_35_manifest_forward_and_decision_counts_are_consistent) ... ok
test_36_powershell_guards_and_parent_path (tests_lm.test_v05_c220_frozen_learned_stack.C220Tests.test_36_powershell_guards_and_parent_path) ... ok
test_37_scope_is_integration_only_and_not_gate_f (tests_lm.test_v05_c220_frozen_learned_stack.C220Tests.test_37_scope_is_integration_only_and_not_gate_f) ... ok
test_38_run_has_no_optimizer_or_training_loop (tests_lm.test_v05_c220_frozen_learned_stack.C220Tests.test_38_run_has_no_optimizer_or_training_loop) ... ok
test_01_manifest_hash (tests_lm.test_v05_c221_live_coverage_dispatch.C221Tests.test_01_manifest_hash) ... ok
test_02_request_has_no_scorer_fields (tests_lm.test_v05_c221_live_coverage_dispatch.C221Tests.test_02_request_has_no_scorer_fields) ... ok
test_03_supported_actual_call_order (tests_lm.test_v05_c221_live_coverage_dispatch.C221Tests.test_03_supported_actual_call_order) ... ok
test_04_hot_is_readable (tests_lm.test_v05_c221_live_coverage_dispatch.C221Tests.test_04_hot_is_readable) ... ok
test_05_missing_does_not_call_poison_provider (tests_lm.test_v05_c221_live_coverage_dispatch.C221Tests.test_05_missing_does_not_call_poison_provider) ... ok
test_06_oos_does_not_call_selector_reader (tests_lm.test_v05_c221_live_coverage_dispatch.C221Tests.test_06_oos_does_not_call_selector_reader) ... ok
test_07_force_suppress_present_state (tests_lm.test_v05_c221_live_coverage_dispatch.C221Tests.test_07_force_suppress_present_state) ... ok
test_08_false_allow_missing_is_provider_blocked (tests_lm.test_v05_c221_live_coverage_dispatch.C221Tests.test_08_false_allow_missing_is_provider_blocked) ... ok
test_09_false_allow_oos_is_provider_blocked (tests_lm.test_v05_c221_live_coverage_dispatch.C221Tests.test_09_false_allow_oos_is_provider_blocked) ... ok
test_10_numeric_failure_cannot_reach_reader (tests_lm.test_v05_c221_live_coverage_dispatch.C221Tests.test_10_numeric_failure_cannot_reach_reader) ... ok
test_11_provider_rejects_value_on_block (tests_lm.test_v05_c221_live_coverage_dispatch.C221Tests.test_11_provider_rejects_value_on_block) ... ok
test_12_provider_rejects_nonfinite (tests_lm.test_v05_c221_live_coverage_dispatch.C221Tests.test_12_provider_rejects_nonfinite) ... ok
test_13_provider_rejects_wrong_shape (tests_lm.test_v05_c221_live_coverage_dispatch.C221Tests.test_13_provider_rejects_wrong_shape) ... ok
test_14_provider_rejects_unknown_status (tests_lm.test_v05_c221_live_coverage_dispatch.C221Tests.test_14_provider_rejects_unknown_status) ... ok
test_15_request_type_checked (tests_lm.test_v05_c221_live_coverage_dispatch.C221Tests.test_15_request_type_checked) ... ok
test_16_bad_model_output_shape_is_invalid (tests_lm.test_v05_c221_live_coverage_dispatch.C221Tests.test_16_bad_model_output_shape_is_invalid) ... ok
test_17_bad_input_is_invalid (tests_lm.test_v05_c221_live_coverage_dispatch.C221Tests.test_17_bad_input_is_invalid) ... ok
test_18_bad_provider_contract_is_invalid (tests_lm.test_v05_c221_live_coverage_dispatch.C221Tests.test_18_bad_provider_contract_is_invalid) ... ok
test_19_all_synthetic_cases_and_controls_execute (tests_lm.test_v05_c221_live_coverage_dispatch.C221Tests.test_19_all_synthetic_cases_and_controls_execute) ... ok
test_20_counters_count_invocations_not_claimed_constants (tests_lm.test_v05_c221_live_coverage_dispatch.C221Tests.test_20_counters_count_invocations_not_claimed_constants) ... ok
test_21_one_failure_rejects_gate (tests_lm.test_v05_c221_live_coverage_dispatch.C221Tests.test_21_one_failure_rejects_gate) ... ok
test_22_suppression_leak_rejects_gate (tests_lm.test_v05_c221_live_coverage_dispatch.C221Tests.test_22_suppression_leak_rejects_gate) ... ok
test_23_control_failure_rejects_gate (tests_lm.test_v05_c221_live_coverage_dispatch.C221Tests.test_23_control_failure_rejects_gate) ... ok
test_24_parent_parity_failure_rejects_gate (tests_lm.test_v05_c221_live_coverage_dispatch.C221Tests.test_24_parent_parity_failure_rejects_gate) ... ok
test_25_intervention_calls_frozen_model_once (tests_lm.test_v05_c221_live_coverage_dispatch.C221Tests.test_25_intervention_calls_frozen_model_once) ... ok
test_26_invalid_intervention_rejected (tests_lm.test_v05_c221_live_coverage_dispatch.C221Tests.test_26_invalid_intervention_rejected) ... ok
test_27_dispatch_signature_has_no_teacher (tests_lm.test_v05_c221_live_coverage_dispatch.C221Tests.test_27_dispatch_signature_has_no_teacher) ... ok
test_28_request_setup_does_not_call_bank_read (tests_lm.test_v05_c221_live_coverage_dispatch.C221Tests.test_28_request_setup_does_not_call_bank_read) ... ok
test_29_scorer_calls_live_dispatch_before_checking_result (tests_lm.test_v05_c221_live_coverage_dispatch.C221Tests.test_29_scorer_calls_live_dispatch_before_checking_result) ... ok
test_30_new_python_aliases_resolve (tests_lm.test_v05_c221_live_coverage_dispatch.C221Tests.test_30_new_python_aliases_resolve) ... ok
test_31_powershell_and_parent_path (tests_lm.test_v05_c221_live_coverage_dispatch.C221Tests.test_31_powershell_and_parent_path) ... ok
test_32_manifest_scopes_and_arithmetic (tests_lm.test_v05_c221_live_coverage_dispatch.C221Tests.test_32_manifest_scopes_and_arithmetic) ... ok
test_33_actual_historical_suite_counts (tests_lm.test_v05_c221_live_coverage_dispatch.C221Tests.test_33_actual_historical_suite_counts) ... ok
test_34_plan_matches_accepted_parent (tests_lm.test_v05_c221_live_coverage_dispatch.C221Tests.test_34_plan_matches_accepted_parent) ... ok
test_01_manifest_hash (tests_lm.test_v05_c222_withdrawal_lifecycle.C222Tests.test_01_manifest_hash) ... ok
test_02_workload_arithmetic (tests_lm.test_v05_c222_withdrawal_lifecycle.C222Tests.test_02_workload_arithmetic) ... ok
test_03_beta_readable_and_suppressed_counts (tests_lm.test_v05_c222_withdrawal_lifecycle.C222Tests.test_03_beta_readable_and_suppressed_counts) ... ok
test_04_readable_score (tests_lm.test_v05_c222_withdrawal_lifecycle.C222Tests.test_04_readable_score) ... ok
test_05_old_pre_replace_answer_rejected (tests_lm.test_v05_c222_withdrawal_lifecycle.C222Tests.test_05_old_pre_replace_answer_rejected) ... ok
test_06_retired_value_cannot_be_answered (tests_lm.test_v05_c222_withdrawal_lifecycle.C222Tests.test_06_retired_value_cannot_be_answered) ... ok
test_07_missing_oos_not_interchangeable (tests_lm.test_v05_c222_withdrawal_lifecycle.C222Tests.test_07_missing_oos_not_interchangeable) ... ok
test_08_suppression_cannot_hide_downstream_call (tests_lm.test_v05_c222_withdrawal_lifecycle.C222Tests.test_08_suppression_cannot_hide_downstream_call) ... ok
test_09_readable_score_requires_bank_read (tests_lm.test_v05_c222_withdrawal_lifecycle.C222Tests.test_09_readable_score_requires_bank_read) ... ok
test_10_registered_symbolic_audit (tests_lm.test_v05_c222_withdrawal_lifecycle.C222Tests.test_10_registered_symbolic_audit) ... ok
test_11_hypothesis_cannot_advance_evidence_clock (tests_lm.test_v05_c222_withdrawal_lifecycle.C222Tests.test_11_hypothesis_cannot_advance_evidence_clock) ... ok
test_12_anchor_cannot_be_lost (tests_lm.test_v05_c222_withdrawal_lifecycle.C222Tests.test_12_anchor_cannot_be_lost) ... ok
test_13_symbolic_retracted_is_not_missing (tests_lm.test_v05_c222_withdrawal_lifecycle.C222Tests.test_13_symbolic_retracted_is_not_missing) ... ok
test_14_hypothesis_cannot_be_exported (tests_lm.test_v05_c222_withdrawal_lifecycle.C222Tests.test_14_hypothesis_cannot_be_exported) ... ok
test_15_hypothesis_provenance_cannot_be_observed (tests_lm.test_v05_c222_withdrawal_lifecycle.C222Tests.test_15_hypothesis_provenance_cannot_be_observed) ... ok
test_16_ended_shadow_scope_is_explicit (tests_lm.test_v05_c222_withdrawal_lifecycle.C222Tests.test_16_ended_shadow_scope_is_explicit) ... ok
test_17_hypothesis_cannot_change_authoritative_numeric_state (tests_lm.test_v05_c222_withdrawal_lifecycle.C222Tests.test_17_hypothesis_cannot_change_authoritative_numeric_state) ... ok
test_18_tombstone_cannot_expose_old_relation (tests_lm.test_v05_c222_withdrawal_lifecycle.C222Tests.test_18_tombstone_cannot_expose_old_relation) ... ok
test_19_snapshot_sequence_must_be_complete (tests_lm.test_v05_c222_withdrawal_lifecycle.C222Tests.test_19_snapshot_sequence_must_be_complete) ... ok
test_20_spy_live_matrix_and_gate (tests_lm.test_v05_c222_withdrawal_lifecycle.C222Tests.test_20_spy_live_matrix_and_gate) ... ok
test_21_main_failure_is_rejected (tests_lm.test_v05_c222_withdrawal_lifecycle.C222Tests.test_21_main_failure_is_rejected) ... ok
test_22_post_retraction_publication_rejected (tests_lm.test_v05_c222_withdrawal_lifecycle.C222Tests.test_22_post_retraction_publication_rejected) ... ok
test_23_anchor_failure_rejected (tests_lm.test_v05_c222_withdrawal_lifecycle.C222Tests.test_23_anchor_failure_rejected) ... ok
test_24_forced_allow_reaches_provider_not_reader (tests_lm.test_v05_c222_withdrawal_lifecycle.C222Tests.test_24_forced_allow_reaches_provider_not_reader) ... ok
test_25_mutated_weights_rejected (tests_lm.test_v05_c222_withdrawal_lifecycle.C222Tests.test_25_mutated_weights_rejected) ... ok
test_26_no_optimizer_training_or_state_reset_between_stages (tests_lm.test_v05_c222_withdrawal_lifecycle.C222Tests.test_26_no_optimizer_training_or_state_reset_between_stages) ... ok
test_27_parent_adapter_matches_accepted_fields (tests_lm.test_v05_c222_withdrawal_lifecycle.C222Tests.test_27_parent_adapter_matches_accepted_fields) ... ok
test_28_scope_counts_and_no_production_changes (tests_lm.test_v05_c222_withdrawal_lifecycle.C222Tests.test_28_scope_counts_and_no_production_changes) ... ok
test_29_runner_and_launcher_contract (tests_lm.test_v05_c222_withdrawal_lifecycle.C222Tests.test_29_runner_and_launcher_contract) ... ok
test_30_python_alias_bindings (tests_lm.test_v05_c222_withdrawal_lifecycle.C222Tests.test_30_python_alias_bindings) ... ok
test_31_actual_accepted_memory_timeline (tests_lm.test_v05_c222_withdrawal_lifecycle.C222Tests.test_31_actual_accepted_memory_timeline) ... ok
test_32_actual_historical_suite_counts (tests_lm.test_v05_c222_withdrawal_lifecycle.C222Tests.test_32_actual_historical_suite_counts) ... ok
test_01_manifest_hash (tests_lm.test_v05_c223_request_freshness.C223Tests.test_01_manifest_hash) ... ok
test_02_lease_has_no_answer_or_teacher (tests_lm.test_v05_c223_request_freshness.C223Tests.test_02_lease_has_no_answer_or_teacher) ... ok
test_03_current_lease_runs_real_dispatch (tests_lm.test_v05_c223_request_freshness.C223Tests.test_03_current_lease_runs_real_dispatch) ... ok
test_04_stale_rejected_before_any_model (tests_lm.test_v05_c223_request_freshness.C223Tests.test_04_stale_rejected_before_any_model) ... ok
test_05_old_provider_is_not_called (tests_lm.test_v05_c223_request_freshness.C223Tests.test_05_old_provider_is_not_called) ... ok
test_06_fresh_after_publication_uses_new_state (tests_lm.test_v05_c223_request_freshness.C223Tests.test_06_fresh_after_publication_uses_new_state) ... ok
test_07_representation_only_publication_invalidates (tests_lm.test_v05_c223_request_freshness.C223Tests.test_07_representation_only_publication_invalidates) ... ok
test_08_same_generation_lease_reusable (tests_lm.test_v05_c223_request_freshness.C223Tests.test_08_same_generation_lease_reusable) ... ok
test_09_wrong_session_rejected (tests_lm.test_v05_c223_request_freshness.C223Tests.test_09_wrong_session_rejected) ... ok
test_10_generation_monotonic (tests_lm.test_v05_c223_request_freshness.C223Tests.test_10_generation_monotonic) ... ok
test_11_raw_unprotected_closure_reproduces_old_value (tests_lm.test_v05_c223_request_freshness.C223Tests.test_11_raw_unprotected_closure_reproduces_old_value) ... ok
test_12_invalid_factory_rejected (tests_lm.test_v05_c223_request_freshness.C223Tests.test_12_invalid_factory_rejected) ... ok
test_13_invalid_factory_return_rejected (tests_lm.test_v05_c223_request_freshness.C223Tests.test_13_invalid_factory_return_rejected) ... ok
test_14_empty_query_rejected (tests_lm.test_v05_c223_request_freshness.C223Tests.test_14_empty_query_rejected) ... ok
test_15_invalid_lease_type_rejected (tests_lm.test_v05_c223_request_freshness.C223Tests.test_15_invalid_lease_type_rejected) ... ok
test_16_identical_state_publication_is_conservative (tests_lm.test_v05_c223_request_freshness.C223Tests.test_16_identical_state_publication_is_conservative) ... ok
test_17_publication_during_bind_rejected (tests_lm.test_v05_c223_request_freshness.C223Tests.test_17_publication_during_bind_rejected) ... ok
test_18_publication_in_provider_withholds_result (tests_lm.test_v05_c223_request_freshness.C223Tests.test_18_publication_in_provider_withholds_result) ... ok
test_19_complete_spy_matrix_gate (tests_lm.test_v05_c223_request_freshness.C223Tests.test_19_complete_spy_matrix_gate) ... ok
test_20_exact_fresh_invocation_counts (tests_lm.test_v05_c223_request_freshness.C223Tests.test_20_exact_fresh_invocation_counts) ... ok
test_21_stale_attempts_do_no_downstream_work (tests_lm.test_v05_c223_request_freshness.C223Tests.test_21_stale_attempts_do_no_downstream_work) ... ok
test_22_raw_replay_controls_expose_the_original_contract (tests_lm.test_v05_c223_request_freshness.C223Tests.test_22_raw_replay_controls_expose_the_original_contract) ... ok
test_23_one_stale_exposure_rejects_gate (tests_lm.test_v05_c223_request_freshness.C223Tests.test_23_one_stale_exposure_rejects_gate) ... ok
test_24_one_parent_parity_error_rejects_gate (tests_lm.test_v05_c223_request_freshness.C223Tests.test_24_one_parent_parity_error_rejects_gate) ... ok
test_25_one_replay_or_repeat_failure_rejects_gate (tests_lm.test_v05_c223_request_freshness.C223Tests.test_25_one_replay_or_repeat_failure_rejects_gate) ... ok
test_26_parent_decision_adapter_validates_actual_schema (tests_lm.test_v05_c223_request_freshness.C223Tests.test_26_parent_decision_adapter_validates_actual_schema) ... ok
test_27_parent_adapter_rejects_duplicate_or_incomplete (tests_lm.test_v05_c223_request_freshness.C223Tests.test_27_parent_adapter_rejects_duplicate_or_incomplete) ... ok
test_28_no_training_and_expected_values_not_session_inputs (tests_lm.test_v05_c223_request_freshness.C223Tests.test_28_no_training_and_expected_values_not_session_inputs) ... ok
test_29_accepted_loader_and_source_registration (tests_lm.test_v05_c223_request_freshness.C223Tests.test_29_accepted_loader_and_source_registration) ... ok
test_30_manifest_workload_arithmetic (tests_lm.test_v05_c223_request_freshness.C223Tests.test_30_manifest_workload_arithmetic) ... ok
test_31_runner_and_launcher (tests_lm.test_v05_c223_request_freshness.C223Tests.test_31_runner_and_launcher) ... ok
test_32_new_aliases_are_bound (tests_lm.test_v05_c223_request_freshness.C223Tests.test_32_new_aliases_are_bound) ... ok
test_33_plan_and_actual_commit_revision_match_parent (tests_lm.test_v05_c223_request_freshness.C223Tests.test_33_plan_and_actual_commit_revision_match_parent) ... ok
test_34_actual_regression_suite_counts (tests_lm.test_v05_c223_request_freshness.C223Tests.test_34_actual_regression_suite_counts) ... ok
test_01_manifest_hash (tests_lm.test_v05_c224_history_cost_audit.C224Tests.test_01_manifest_hash) ... ok
test_02_registered_raw_hashes (tests_lm.test_v05_c224_history_cost_audit.C224Tests.test_02_registered_raw_hashes) ... ok
test_03_ledger_event_shapes (tests_lm.test_v05_c224_history_cost_audit.C224Tests.test_03_ledger_event_shapes) ... ok
test_04_semantic_cycle_and_fixed_anchor (tests_lm.test_v05_c224_history_cost_audit.C224Tests.test_04_semantic_cycle_and_fixed_anchor) ... ok
test_05_index_uses_utf8_byte_offsets (tests_lm.test_v05_c224_history_cost_audit.C224Tests.test_05_index_uses_utf8_byte_offsets) ... ok
test_06_incomplete_index_rejected (tests_lm.test_v05_c224_history_cost_audit.C224Tests.test_06_incomplete_index_rejected) ... ok
test_07_duplicate_sources_rejected (tests_lm.test_v05_c224_history_cost_audit.C224Tests.test_07_duplicate_sources_rejected) ... ok
test_08_corrupt_range_rejected (tests_lm.test_v05_c224_history_cost_audit.C224Tests.test_08_corrupt_range_rejected) ... ok
test_09_actual_replay_byte_event_counters (tests_lm.test_v05_c224_history_cost_audit.C224Tests.test_09_actual_replay_byte_event_counters) ... ok
test_10_tensor_export_contains_values_dtype_and_shape (tests_lm.test_v05_c224_history_cost_audit.C224Tests.test_10_tensor_export_contains_values_dtype_and_shape) ... ok
test_11_nonfinite_export_rejected (tests_lm.test_v05_c224_history_cost_audit.C224Tests.test_11_nonfinite_export_rejected) ... ok
test_12_all_dataclass_fields_exported (tests_lm.test_v05_c224_history_cost_audit.C224Tests.test_12_all_dataclass_fields_exported) ... ok
test_13_unknown_export_object_rejected (tests_lm.test_v05_c224_history_cost_audit.C224Tests.test_13_unknown_export_object_rejected) ... ok
test_14_reachable_object_estimate_deduplicates (tests_lm.test_v05_c224_history_cost_audit.C224Tests.test_14_reachable_object_estimate_deduplicates) ... ok
test_15_shared_tensor_storage_estimate_deduplicates (tests_lm.test_v05_c224_history_cost_audit.C224Tests.test_15_shared_tensor_storage_estimate_deduplicates) ... ok
test_16_instrumented_measurement_function_completes (tests_lm.test_v05_c224_history_cost_audit.C224Tests.test_16_instrumented_measurement_function_completes) ... ok
test_17_raw_query_work_is_separate_from_build (tests_lm.test_v05_c224_history_cost_audit.C224Tests.test_17_raw_query_work_is_separate_from_build) ... ok
test_18_no_raw_deletion_to_manufacture_savings (tests_lm.test_v05_c224_history_cost_audit.C224Tests.test_18_no_raw_deletion_to_manufacture_savings) ... ok
test_19_omitted_cost_component_fails_audit (tests_lm.test_v05_c224_history_cost_audit.C224Tests.test_19_omitted_cost_component_fails_audit) ... ok
test_20_bad_numeric_quality_fails_audit (tests_lm.test_v05_c224_history_cost_audit.C224Tests.test_20_bad_numeric_quality_fails_audit) ... ok
test_21_wrong_replay_work_fails_audit (tests_lm.test_v05_c224_history_cost_audit.C224Tests.test_21_wrong_replay_work_fails_audit) ... ok
test_22_source_provenance_and_symbolic_state_checked (tests_lm.test_v05_c224_history_cost_audit.C224Tests.test_22_source_provenance_and_symbolic_state_checked) ... ok
test_23_larger_history_retains_two_live_factors (tests_lm.test_v05_c224_history_cost_audit.C224Tests.test_23_larger_history_retains_two_live_factors) ... ok
test_24_candidate_query_has_no_raw_replay_or_hidden_baseline (tests_lm.test_v05_c224_history_cost_audit.C224Tests.test_24_candidate_query_has_no_raw_replay_or_hidden_baseline) ... ok
test_25_no_training_or_production_modification_claim (tests_lm.test_v05_c224_history_cost_audit.C224Tests.test_25_no_training_or_production_modification_claim) ... ok
test_26_artifact_inventory_matches_exact_bytes (tests_lm.test_v05_c224_history_cost_audit.C224Tests.test_26_artifact_inventory_matches_exact_bytes) ... ok
test_27_measurement_gate_requires_all_registered_sizes (tests_lm.test_v05_c224_history_cost_audit.C224Tests.test_27_measurement_gate_requires_all_registered_sizes) ... ok
test_28_runner_and_launcher_contract (tests_lm.test_v05_c224_history_cost_audit.C224Tests.test_28_runner_and_launcher_contract) ... ok
test_29_actual_accepted_numeric_backend (tests_lm.test_v05_c224_history_cost_audit.C224Tests.test_29_actual_accepted_numeric_backend) ... ok
test_30_actual_historical_regression_counts (tests_lm.test_v05_c224_history_cost_audit.C224Tests.test_30_actual_historical_regression_counts) ... ok
test_01_manifest_hash (tests_lm.test_v05_c225_stateful_baseline.C225Tests.test_01_manifest_hash) ... ok
test_02_all_raw_hashes_match_registered_parent (tests_lm.test_v05_c225_stateful_baseline.C225Tests.test_02_all_raw_hashes_match_registered_parent) ... ok
test_03_symbolic_build_consumes_each_event_once (tests_lm.test_v05_c225_stateful_baseline.C225Tests.test_03_symbolic_build_consumes_each_event_once) ... ok
test_04_symbolic_latest_value_and_anchor (tests_lm.test_v05_c225_stateful_baseline.C225Tests.test_04_symbolic_latest_value_and_anchor) ... ok
test_05_current_provenance_retained (tests_lm.test_v05_c225_stateful_baseline.C225Tests.test_05_current_provenance_retained) ... ok
test_06_query_symbolic_has_no_raw_argument (tests_lm.test_v05_c225_stateful_baseline.C225Tests.test_06_query_symbolic_has_no_raw_argument) ... ok
test_07_query_calls_full_solve_on_same_state (tests_lm.test_v05_c225_stateful_baseline.C225Tests.test_07_query_calls_full_solve_on_same_state) ... ok
test_08_measurement_gate_passes_synthetic_backend (tests_lm.test_v05_c225_stateful_baseline.C225Tests.test_08_measurement_gate_passes_synthetic_backend) ... ok
test_09_both_arms_have_zero_query_raw_replay (tests_lm.test_v05_c225_stateful_baseline.C225Tests.test_09_both_arms_have_zero_query_raw_replay) ... ok
test_10_both_arms_retain_identical_raw_and_index (tests_lm.test_v05_c225_stateful_baseline.C225Tests.test_10_both_arms_retain_identical_raw_and_index) ... ok
test_11_state_is_exported_in_both_arms (tests_lm.test_v05_c225_stateful_baseline.C225Tests.test_11_state_is_exported_in_both_arms) ... ok
test_12_canonical_inventory_is_exact (tests_lm.test_v05_c225_stateful_baseline.C225Tests.test_12_canonical_inventory_is_exact) ... ok
test_13_omitted_baseline_index_rejected (tests_lm.test_v05_c225_stateful_baseline.C225Tests.test_13_omitted_baseline_index_rejected) ... ok
test_14_changed_raw_identity_rejected (tests_lm.test_v05_c225_stateful_baseline.C225Tests.test_14_changed_raw_identity_rejected) ... ok
test_15_incorrect_total_bytes_rejected (tests_lm.test_v05_c225_stateful_baseline.C225Tests.test_15_incorrect_total_bytes_rejected) ... ok
test_16_symbolic_state_mismatch_rejected (tests_lm.test_v05_c225_stateful_baseline.C225Tests.test_16_symbolic_state_mismatch_rejected) ... ok
test_17_provenance_mismatch_rejected (tests_lm.test_v05_c225_stateful_baseline.C225Tests.test_17_provenance_mismatch_rejected) ... ok
test_18_numeric_quality_mismatch_rejected (tests_lm.test_v05_c225_stateful_baseline.C225Tests.test_18_numeric_quality_mismatch_rejected) ... ok
test_19_mutated_state_rejected (tests_lm.test_v05_c225_stateful_baseline.C225Tests.test_19_mutated_state_rejected) ... ok
test_20_hidden_replay_rejected (tests_lm.test_v05_c225_stateful_baseline.C225Tests.test_20_hidden_replay_rejected) ... ok
test_21_larger_storage_still_valid_audit (tests_lm.test_v05_c225_stateful_baseline.C225Tests.test_21_larger_storage_still_valid_audit) ... ok
test_22_all_sizes_required (tests_lm.test_v05_c225_stateful_baseline.C225Tests.test_22_all_sizes_required) ... ok
test_23_timing_does_not_select_verdict (tests_lm.test_v05_c225_stateful_baseline.C225Tests.test_23_timing_does_not_select_verdict) ... ok
test_24_parent_adapter_checks_order_and_raw_identity (tests_lm.test_v05_c225_stateful_baseline.C225Tests.test_24_parent_adapter_checks_order_and_raw_identity) ... ok
test_25_parent_adapter_rejects_invalid_or_incomplete (tests_lm.test_v05_c225_stateful_baseline.C225Tests.test_25_parent_adapter_rejects_invalid_or_incomplete) ... ok
test_26_archive_exact_bytes_and_members (tests_lm.test_v05_c225_stateful_baseline.C225Tests.test_26_archive_exact_bytes_and_members) ... ok
test_27_archive_content_corruption_rejected (tests_lm.test_v05_c225_stateful_baseline.C225Tests.test_27_archive_content_corruption_rejected) ... ok
test_28_no_production_or_training_claim (tests_lm.test_v05_c225_stateful_baseline.C225Tests.test_28_no_production_or_training_claim) ... ok
test_29_runner_and_launcher (tests_lm.test_v05_c225_stateful_baseline.C225Tests.test_29_runner_and_launcher) ... ok
test_30_parent_artifact_and_candidate_parity_are_used (tests_lm.test_v05_c225_stateful_baseline.C225Tests.test_30_parent_artifact_and_candidate_parity_are_used) ... ok
test_31_actual_accepted_backend (tests_lm.test_v05_c225_stateful_baseline.C225Tests.test_31_actual_accepted_backend) ... ok
test_32_actual_historical_counts (tests_lm.test_v05_c225_stateful_baseline.C225Tests.test_32_actual_historical_counts) ... ok
test_01_manifest_hash (tests_lm.test_v05_c226_dimension_scaling.C226Tests.test_01_manifest_hash) ... ok
test_02_registered_dimensions_and_history (tests_lm.test_v05_c226_dimension_scaling.C226Tests.test_02_registered_dimensions_and_history) ... ok
test_03_n2_anchor_tensors (tests_lm.test_v05_c226_dimension_scaling.C226Tests.test_03_n2_anchor_tensors) ... ok
test_04_dimensions_rank_and_readout (tests_lm.test_v05_c226_dimension_scaling.C226Tests.test_04_dimensions_rank_and_readout) ... ok
test_05_symmetry_and_finite (tests_lm.test_v05_c226_dimension_scaling.C226Tests.test_05_symmetry_and_finite) ... ok
test_06_strict_diagonal_dominance_and_spd (tests_lm.test_v05_c226_dimension_scaling.C226Tests.test_06_strict_diagonal_dominance_and_spd) ... ok
test_07_all_hidden_coordinates_are_connected (tests_lm.test_v05_c226_dimension_scaling.C226Tests.test_07_all_hidden_coordinates_are_connected) ... ok
test_08_hidden_system_changes_visible_response (tests_lm.test_v05_c226_dimension_scaling.C226Tests.test_08_hidden_system_changes_visible_response) ... ok
test_09_update_columns_are_independent (tests_lm.test_v05_c226_dimension_scaling.C226Tests.test_09_update_columns_are_independent) ... ok
test_10_tensor_identity_deterministic (tests_lm.test_v05_c226_dimension_scaling.C226Tests.test_10_tensor_identity_deterministic) ... ok
test_11_unregistered_dimensions_rejected (tests_lm.test_v05_c226_dimension_scaling.C226Tests.test_11_unregistered_dimensions_rejected) ... ok
test_12_dimension_factory_keeps_parent_factory_unchanged (tests_lm.test_v05_c226_dimension_scaling.C226Tests.test_12_dimension_factory_keeps_parent_factory_unchanged) ... ok
test_13_n2_factory_returns_original_template (tests_lm.test_v05_c226_dimension_scaling.C226Tests.test_13_n2_factory_returns_original_template) ... ok
test_14_capture_delegates_and_keeps_actual_built_state (tests_lm.test_v05_c226_dimension_scaling.C226Tests.test_14_capture_delegates_and_keeps_actual_built_state) ... ok
test_15_trace_records_actual_matrix_shapes (tests_lm.test_v05_c226_dimension_scaling.C226Tests.test_15_trace_records_actual_matrix_shapes) ... ok
test_16_trace_preserves_safety_operations (tests_lm.test_v05_c226_dimension_scaling.C226Tests.test_16_trace_preserves_safety_operations) ... ok
test_17_trace_restores_functions_on_exception (tests_lm.test_v05_c226_dimension_scaling.C226Tests.test_17_trace_restores_functions_on_exception) ... ok
test_18_parent_adapter_checks_complete_order (tests_lm.test_v05_c226_dimension_scaling.C226Tests.test_18_parent_adapter_checks_complete_order) ... ok
test_19_parent_adapter_rejects_invalid_or_incomplete (tests_lm.test_v05_c226_dimension_scaling.C226Tests.test_19_parent_adapter_rejects_invalid_or_incomplete) ... ok
test_20_row_gate_requires_parent_quality (tests_lm.test_v05_c226_dimension_scaling.C226Tests.test_20_row_gate_requires_parent_quality) ... ok
test_21_changed_matrix_or_dimension_rejected (tests_lm.test_v05_c226_dimension_scaling.C226Tests.test_21_changed_matrix_or_dimension_rejected) ... ok
test_22_wrong_solve_dimension_rejected (tests_lm.test_v05_c226_dimension_scaling.C226Tests.test_22_wrong_solve_dimension_rejected) ... ok
test_23_unfavorable_cost_does_not_fail_measurement (tests_lm.test_v05_c226_dimension_scaling.C226Tests.test_23_unfavorable_cost_does_not_fail_measurement) ... ok
test_24_anchor_byte_inventory_requires_both_arms (tests_lm.test_v05_c226_dimension_scaling.C226Tests.test_24_anchor_byte_inventory_requires_both_arms) ... ok
test_25_archive_exact_member_bytes (tests_lm.test_v05_c226_dimension_scaling.C226Tests.test_25_archive_exact_member_bytes) ... ok
test_26_archive_unexpected_member_rejected (tests_lm.test_v05_c226_dimension_scaling.C226Tests.test_26_archive_unexpected_member_rejected) ... ok
test_27_archive_corrupt_bytes_rejected (tests_lm.test_v05_c226_dimension_scaling.C226Tests.test_27_archive_corrupt_bytes_rejected) ... ok
test_28_runner_and_launcher (tests_lm.test_v05_c226_dimension_scaling.C226Tests.test_28_runner_and_launcher) ... ok
test_29_no_training_or_disabled_safety (tests_lm.test_v05_c226_dimension_scaling.C226Tests.test_29_no_training_or_disabled_safety) ... ok
test_30_actual_capsule_kernel_matches_full_system (tests_lm.test_v05_c226_dimension_scaling.C226Tests.test_30_actual_capsule_kernel_matches_full_system) ... ok
test_31_actual_parent_measurement_and_n2_anchor (tests_lm.test_v05_c226_dimension_scaling.C226Tests.test_31_actual_parent_measurement_and_n2_anchor) ... ok
test_32_actual_historical_counts (tests_lm.test_v05_c226_dimension_scaling.C226Tests.test_32_actual_historical_counts) ... ok
test_01_manifest_hash (tests_lm.test_v05_c227_factor_reuse.C227Tests.test_01_manifest_hash) ... ok
test_02_parent_identity (tests_lm.test_v05_c227_factor_reuse.C227Tests.test_02_parent_identity) ... ok
test_03_no_automatic_superiority (tests_lm.test_v05_c227_factor_reuse.C227Tests.test_03_no_automatic_superiority) ... ok
test_04_fixed_arms_and_dimensions (tests_lm.test_v05_c227_factor_reuse.C227Tests.test_04_fixed_arms_and_dimensions) ... ok
test_05_precision_and_workload (tests_lm.test_v05_c227_factor_reuse.C227Tests.test_05_precision_and_workload) ... ok
test_06_actual_torch_cache_matches_full_solve (tests_lm.test_v05_c227_factor_reuse.C227Tests.test_06_actual_torch_cache_matches_full_solve) ... ok
test_07_cache_holds_full_factor_and_rhs (tests_lm.test_v05_c227_factor_reuse.C227Tests.test_07_cache_holds_full_factor_and_rhs) ... ok
test_08_prepare_is_checked_cholesky (tests_lm.test_v05_c227_factor_reuse.C227Tests.test_08_prepare_is_checked_cholesky) ... ok
test_09_query_uses_factor_without_refactor (tests_lm.test_v05_c227_factor_reuse.C227Tests.test_09_query_uses_factor_without_refactor) ... ok
test_10_unknown_relation_rejected (tests_lm.test_v05_c227_factor_reuse.C227Tests.test_10_unknown_relation_rejected) ... ok
test_11_nonfinite_rejected (tests_lm.test_v05_c227_factor_reuse.C227Tests.test_11_nonfinite_rejected) ... ok
test_12_non_spd_rejected_no_jitter (tests_lm.test_v05_c227_factor_reuse.C227Tests.test_12_non_spd_rejected_no_jitter) ... ok
test_13_other_state_object_rejected (tests_lm.test_v05_c227_factor_reuse.C227Tests.test_13_other_state_object_rejected) ... ok
test_14_other_bridge_object_rejected (tests_lm.test_v05_c227_factor_reuse.C227Tests.test_14_other_bridge_object_rejected) ... ok
test_15_mutated_rhs_rejected (tests_lm.test_v05_c227_factor_reuse.C227Tests.test_15_mutated_rhs_rejected) ... ok
test_16_mutated_registry_rejected (tests_lm.test_v05_c227_factor_reuse.C227Tests.test_16_mutated_registry_rejected) ... ok
test_17_trace_restores_functions (tests_lm.test_v05_c227_factor_reuse.C227Tests.test_17_trace_restores_functions) ... ok
test_18_trace_restores_on_exception (tests_lm.test_v05_c227_factor_reuse.C227Tests.test_18_trace_restores_on_exception) ... ok
test_19_measured_order_covers_each_start (tests_lm.test_v05_c227_factor_reuse.C227Tests.test_19_measured_order_covers_each_start) ... ok
test_20_parent_adapter_rejects_order_and_missing_rows (tests_lm.test_v05_c227_factor_reuse.C227Tests.test_20_parent_adapter_rejects_order_and_missing_rows) ... ok
test_21_original_inventories_compare_both_arms (tests_lm.test_v05_c227_factor_reuse.C227Tests.test_21_original_inventories_compare_both_arms) ... ok
test_22_gate_requires_complete_cache_bytes (tests_lm.test_v05_c227_factor_reuse.C227Tests.test_22_gate_requires_complete_cache_bytes) ... ok
test_23_unfavorable_time_does_not_fail_audit (tests_lm.test_v05_c227_factor_reuse.C227Tests.test_23_unfavorable_time_does_not_fail_audit) ... ok
test_24_quality_failure_rejects_audit (tests_lm.test_v05_c227_factor_reuse.C227Tests.test_24_quality_failure_rejects_audit) ... ok
test_25_query_refactorization_rejects_gate (tests_lm.test_v05_c227_factor_reuse.C227Tests.test_25_query_refactorization_rejects_gate) ... ok
test_26_archive_exact_members (tests_lm.test_v05_c227_factor_reuse.C227Tests.test_26_archive_exact_members) ... ok
test_27_archive_corrupt_bytes_rejected (tests_lm.test_v05_c227_factor_reuse.C227Tests.test_27_archive_corrupt_bytes_rejected) ... ok
test_28_runner_launcher_and_python_blocks (tests_lm.test_v05_c227_factor_reuse.C227Tests.test_28_runner_launcher_and_python_blocks) ... ok
test_29_source_safety_and_binding (tests_lm.test_v05_c227_factor_reuse.C227Tests.test_29_source_safety_and_binding) ... ok
test_30_synthetic_run_exercises_adapter_export_and_postcheck (tests_lm.test_v05_c227_factor_reuse.C227Tests.test_30_synthetic_run_exercises_adapter_export_and_postcheck) ... ok
test_31_actual_parent_backend_and_export_anchor (tests_lm.test_v05_c227_factor_reuse.C227Tests.test_31_actual_parent_backend_and_export_anchor) ... ok
test_32_actual_historical_counts (tests_lm.test_v05_c227_factor_reuse.C227Tests.test_32_actual_historical_counts) ... ok
test_01_manifest (tests_lm.test_v05_c228_update_query_cost.C228Tests.test_01_manifest) ... ok
test_02_complete_ledger_and_parent_prefix (tests_lm.test_v05_c228_update_query_cost.C228Tests.test_02_complete_ledger_and_parent_prefix) ... ok
test_03_scope (tests_lm.test_v05_c228_update_query_cost.C228Tests.test_03_scope) ... ok
test_04_actual_torch_rhs_refresh_matches_solve (tests_lm.test_v05_c228_update_query_cost.C228Tests.test_04_actual_torch_rhs_refresh_matches_solve) ... ok
test_05_factor_is_reused_exact_object (tests_lm.test_v05_c228_update_query_cost.C228Tests.test_05_factor_is_reused_exact_object) ... ok
test_06_new_core_rejects_old_state_binding (tests_lm.test_v05_c228_update_query_cost.C228Tests.test_06_new_core_rejects_old_state_binding) ... ok
test_07_changed_matrix_is_rejected (tests_lm.test_v05_c228_update_query_cost.C228Tests.test_07_changed_matrix_is_rejected) ... ok
test_08_base_tensor_mutation_rejected (tests_lm.test_v05_c228_update_query_cost.C228Tests.test_08_base_tensor_mutation_rejected) ... ok
test_09_matrix_guard_mutation_rejected (tests_lm.test_v05_c228_update_query_cost.C228Tests.test_09_matrix_guard_mutation_rejected) ... ok
test_10_other_bridge_rejected (tests_lm.test_v05_c228_update_query_cost.C228Tests.test_10_other_bridge_rejected) ... ok
test_11_unsupported_update_rejected (tests_lm.test_v05_c228_update_query_cost.C228Tests.test_11_unsupported_update_rejected) ... ok
test_12_nonfinite_rhs_rejected (tests_lm.test_v05_c228_update_query_cost.C228Tests.test_12_nonfinite_rhs_rejected) ... ok
test_13_cache_export_includes_matrix_guard (tests_lm.test_v05_c228_update_query_cost.C228Tests.test_13_cache_export_includes_matrix_guard) ... ok
test_14_append_offsets (tests_lm.test_v05_c228_update_query_cost.C228Tests.test_14_append_offsets) ... ok
test_15_duplicate_append_rejected (tests_lm.test_v05_c228_update_query_cost.C228Tests.test_15_duplicate_append_rejected) ... ok
test_16_refresh_has_no_refactorization (tests_lm.test_v05_c228_update_query_cost.C228Tests.test_16_refresh_has_no_refactorization) ... ok
test_17_cached_query_remains_actual_factor_solve (tests_lm.test_v05_c228_update_query_cost.C228Tests.test_17_cached_query_remains_actual_factor_solve) ... ok
test_18_row_gate (tests_lm.test_v05_c228_update_query_cost.C228Tests.test_18_row_gate) ... ok
test_19_unaccounted_cache_tensor_fails (tests_lm.test_v05_c228_update_query_cost.C228Tests.test_19_unaccounted_cache_tensor_fails) ... ok
test_20_quality_failure_fails (tests_lm.test_v05_c228_update_query_cost.C228Tests.test_20_quality_failure_fails) ... ok
test_21_unfavorable_time_is_not_audit_failure (tests_lm.test_v05_c228_update_query_cost.C228Tests.test_21_unfavorable_time_is_not_audit_failure) ... ok
test_22_refactor_count_invalidates_row_gate (tests_lm.test_v05_c228_update_query_cost.C228Tests.test_22_refactor_count_invalidates_row_gate) ... ok
test_23_initial_anchor_compares_both_arms (tests_lm.test_v05_c228_update_query_cost.C228Tests.test_23_initial_anchor_compares_both_arms) ... ok
test_24_parent_adapter_checks_order_and_gate (tests_lm.test_v05_c228_update_query_cost.C228Tests.test_24_parent_adapter_checks_order_and_gate) ... ok
test_25_archive_members_and_bytes (tests_lm.test_v05_c228_update_query_cost.C228Tests.test_25_archive_members_and_bytes) ... ok
test_26_archive_corruption (tests_lm.test_v05_c228_update_query_cost.C228Tests.test_26_archive_corruption) ... ok
test_27_runner_launcher_and_embedded_python (tests_lm.test_v05_c228_update_query_cost.C228Tests.test_27_runner_launcher_and_embedded_python) ... ok
test_28_source_bindings_and_query_validation (tests_lm.test_v05_c228_update_query_cost.C228Tests.test_28_source_bindings_and_query_validation) ... ok
test_29_measure_cell_warmup_and_contract (tests_lm.test_v05_c228_update_query_cost.C228Tests.test_29_measure_cell_warmup_and_contract) ... ok
test_30_synthetic_run_executes_loader_export_postcheck (tests_lm.test_v05_c228_update_query_cost.C228Tests.test_30_synthetic_run_executes_loader_export_postcheck) ... ok
test_31_actual_parent_backend_trajectory (tests_lm.test_v05_c228_update_query_cost.C228Tests.test_31_actual_parent_backend_trajectory) ... ok
test_32_actual_historical_counts (tests_lm.test_v05_c228_update_query_cost.C228Tests.test_32_actual_historical_counts) ... ok
test_01_manifest_hash (tests_lm.test_v05_c229_cost_profile.C229Tests.test_01_manifest_hash) ... ok
test_02_scope_is_diagnostic_not_optimization (tests_lm.test_v05_c229_cost_profile.C229Tests.test_02_scope_is_diagnostic_not_optimization) ... ok
test_03_off_callback_executed (tests_lm.test_v05_c229_cost_profile.C229Tests.test_03_off_callback_executed) ... ok
test_04_real_profile_counts_torch_calls (tests_lm.test_v05_c229_cost_profile.C229Tests.test_04_real_profile_counts_torch_calls) ... ok
test_05_profile_exception_restores_hook (tests_lm.test_v05_c229_cost_profile.C229Tests.test_05_profile_exception_restores_hook) ... ok
test_06_existing_profile_not_overwritten (tests_lm.test_v05_c229_cost_profile.C229Tests.test_06_existing_profile_not_overwritten) ... ok
test_07_self_and_cumulative_are_separate (tests_lm.test_v05_c229_cost_profile.C229Tests.test_07_self_and_cumulative_are_separate) ... ok
test_08_off_error_propagates (tests_lm.test_v05_c229_cost_profile.C229Tests.test_08_off_error_propagates) ... ok
test_09_invalid_enable_rejected (tests_lm.test_v05_c229_cost_profile.C229Tests.test_09_invalid_enable_rejected) ... ok
test_10_function_count_respects_filename_and_qualname (tests_lm.test_v05_c229_cost_profile.C229Tests.test_10_function_count_respects_filename_and_qualname) ... ok
test_11_report_rejects_missing_profile (tests_lm.test_v05_c229_cost_profile.C229Tests.test_11_report_rejects_missing_profile) ... ok
test_12_report_rejects_negative_time (tests_lm.test_v05_c229_cost_profile.C229Tests.test_12_report_rejects_negative_time) ... ok
test_13_report_rejects_wrong_phase_count (tests_lm.test_v05_c229_cost_profile.C229Tests.test_13_report_rejects_wrong_phase_count) ... ok
test_14_cell_gate (tests_lm.test_v05_c229_cost_profile.C229Tests.test_14_cell_gate) ... ok
test_15_parent_export_mismatch_fails (tests_lm.test_v05_c229_cost_profile.C229Tests.test_15_parent_export_mismatch_fails) ... ok
test_16_quality_mismatch_fails (tests_lm.test_v05_c229_cost_profile.C229Tests.test_16_quality_mismatch_fails) ... ok
test_17_call_count_mismatch_fails (tests_lm.test_v05_c229_cost_profile.C229Tests.test_17_call_count_mismatch_fails) ... ok
test_18_complete_grid_passes (tests_lm.test_v05_c229_cost_profile.C229Tests.test_18_complete_grid_passes) ... ok
test_19_incomplete_grid_fails (tests_lm.test_v05_c229_cost_profile.C229Tests.test_19_incomplete_grid_fails) ... ok
test_20_unfavorable_parent_ratios_do_not_fail_audit (tests_lm.test_v05_c229_cost_profile.C229Tests.test_20_unfavorable_parent_ratios_do_not_fail_audit) ... ok
test_21_parent_adapter_validates_cell_order (tests_lm.test_v05_c229_cost_profile.C229Tests.test_21_parent_adapter_validates_cell_order) ... ok
test_22_parent_adapter_rejects_bad_gate (tests_lm.test_v05_c229_cost_profile.C229Tests.test_22_parent_adapter_rejects_bad_gate) ... ok
test_23_profiler_does_not_mutate_input (tests_lm.test_v05_c229_cost_profile.C229Tests.test_23_profiler_does_not_mutate_input) ... ok
test_24_reports_serialize_as_json (tests_lm.test_v05_c229_cost_profile.C229Tests.test_24_reports_serialize_as_json) ... ok
test_25_profiles_keep_only_top_ten_in_summary (tests_lm.test_v05_c229_cost_profile.C229Tests.test_25_profiles_keep_only_top_ten_in_summary) ... ok
test_26_runner_and_embedded_python (tests_lm.test_v05_c229_cost_profile.C229Tests.test_26_runner_and_embedded_python) ... ok
test_27_free_module_aliases_and_no_optimization (tests_lm.test_v05_c229_cost_profile.C229Tests.test_27_free_module_aliases_and_no_optimization) ... ok
test_28_cell_executes_control_before_profile (tests_lm.test_v05_c229_cost_profile.C229Tests.test_28_cell_executes_control_before_profile) ... ok
test_29_stateful_callback_is_not_replaced_by_result (tests_lm.test_v05_c229_cost_profile.C229Tests.test_29_stateful_callback_is_not_replaced_by_result) ... ok
test_30_synthetic_run_calls_adapter_and_postchecks (tests_lm.test_v05_c229_cost_profile.C229Tests.test_30_synthetic_run_calls_adapter_and_postchecks) ... ok
test_31_actual_parent_trajectory_and_profile_counts (tests_lm.test_v05_c229_cost_profile.C229Tests.test_31_actual_parent_trajectory_and_profile_counts) ... ok
test_32_actual_historical_suite_counts (tests_lm.test_v05_c229_cost_profile.C229Tests.test_32_actual_historical_suite_counts) ... ok
test_01_manifest_hash (tests_lm.test_v05_c230_prepared_capsule.C230Tests.test_01_manifest_hash) ... ok
test_02_actual_reference_source_identity (tests_lm.test_v05_c230_prepared_capsule.C230Tests.test_02_actual_reference_source_identity) ... ok
test_03_response_matches_reference (tests_lm.test_v05_c230_prepared_capsule.C230Tests.test_03_response_matches_reference) ... ok
test_04_four_dimensions_match_full_solve (tests_lm.test_v05_c230_prepared_capsule.C230Tests.test_04_four_dimensions_match_full_solve) ... ok
test_05_bias_changes_reuse_factor_but_not_answer (tests_lm.test_v05_c230_prepared_capsule.C230Tests.test_05_bias_changes_reuse_factor_but_not_answer) ... ok
test_06_no_bias_or_answer_retained (tests_lm.test_v05_c230_prepared_capsule.C230Tests.test_06_no_bias_or_answer_retained) ... ok
test_07_non_spd_update_rejected (tests_lm.test_v05_c230_prepared_capsule.C230Tests.test_07_non_spd_update_rejected) ... ok
test_08_nonfinite_preparation_rejected (tests_lm.test_v05_c230_prepared_capsule.C230Tests.test_08_nonfinite_preparation_rejected) ... ok
test_09_nonsymmetric_update_rejected (tests_lm.test_v05_c230_prepared_capsule.C230Tests.test_09_nonsymmetric_update_rejected) ... ok
test_10_batched_shape_explicitly_out_of_scope (tests_lm.test_v05_c230_prepared_capsule.C230Tests.test_10_batched_shape_explicitly_out_of_scope) ... ok
test_11_nonfinite_current_bias_rejected (tests_lm.test_v05_c230_prepared_capsule.C230Tests.test_11_nonfinite_current_bias_rejected) ... ok
test_12_wrong_dtype_rejected (tests_lm.test_v05_c230_prepared_capsule.C230Tests.test_12_wrong_dtype_rejected) ... ok
test_13_autograd_explicitly_out_of_scope (tests_lm.test_v05_c230_prepared_capsule.C230Tests.test_13_autograd_explicitly_out_of_scope) ... ok
test_14_K_mutation_detected (tests_lm.test_v05_c230_prepared_capsule.C230Tests.test_14_K_mutation_detected) ... ok
test_15_y0_mutation_detected (tests_lm.test_v05_c230_prepared_capsule.C230Tests.test_15_y0_mutation_detected) ... ok
test_16_V_mutation_detected (tests_lm.test_v05_c230_prepared_capsule.C230Tests.test_16_V_mutation_detected) ... ok
test_17_g_replacement_detected (tests_lm.test_v05_c230_prepared_capsule.C230Tests.test_17_g_replacement_detected) ... ok
test_18_context_replacement_detected (tests_lm.test_v05_c230_prepared_capsule.C230Tests.test_18_context_replacement_detected) ... ok
test_19_context_mutation_detected (tests_lm.test_v05_c230_prepared_capsule.C230Tests.test_19_context_mutation_detected) ... ok
test_20_LU_mutation_detected (tests_lm.test_v05_c230_prepared_capsule.C230Tests.test_20_LU_mutation_detected) ... ok
test_21_pivot_mutation_detected (tests_lm.test_v05_c230_prepared_capsule.C230Tests.test_21_pivot_mutation_detected) ... ok
test_22_W_guard_mutation_detected (tests_lm.test_v05_c230_prepared_capsule.C230Tests.test_22_W_guard_mutation_detected) ... ok
test_23_changed_W_requires_reprepare (tests_lm.test_v05_c230_prepared_capsule.C230Tests.test_23_changed_W_requires_reprepare) ... ok
test_24_equal_new_W_allowed (tests_lm.test_v05_c230_prepared_capsule.C230Tests.test_24_equal_new_W_allowed) ... ok
test_25_capsule_binding_detected (tests_lm.test_v05_c230_prepared_capsule.C230Tests.test_25_capsule_binding_detected) ... ok
test_26_finite_signed_update_accepted (tests_lm.test_v05_c230_prepared_capsule.C230Tests.test_26_finite_signed_update_accepted) ... ok
test_27_checked_preparation_trace (tests_lm.test_v05_c230_prepared_capsule.C230Tests.test_27_checked_preparation_trace) ... ok
test_28_query_trace_has_no_refactorization (tests_lm.test_v05_c230_prepared_capsule.C230Tests.test_28_query_trace_has_no_refactorization) ... ok
test_29_trace_wrappers_restored_on_error (tests_lm.test_v05_c230_prepared_capsule.C230Tests.test_29_trace_wrappers_restored_on_error) ... ok
test_30_bad_preparation_does_not_change_reference (tests_lm.test_v05_c230_prepared_capsule.C230Tests.test_30_bad_preparation_does_not_change_reference) ... ok
test_31_parent_adapter_actual_quality_schema (tests_lm.test_v05_c230_prepared_capsule.C230Tests.test_31_parent_adapter_actual_quality_schema) ... ok
test_32_audit_pass_independent_of_speed_ratio (tests_lm.test_v05_c230_prepared_capsule.C230Tests.test_32_audit_pass_independent_of_speed_ratio) ... ok
test_33_archive_integrity (tests_lm.test_v05_c230_prepared_capsule.C230Tests.test_33_archive_integrity) ... ok
test_34_warmup_measurement_dispatch_and_parity (tests_lm.test_v05_c230_prepared_capsule.C230Tests.test_34_warmup_measurement_dispatch_and_parity) ... ok
test_35_runner_cli_and_own_tests_before_regression (tests_lm.test_v05_c230_prepared_capsule.C230Tests.test_35_runner_cli_and_own_tests_before_regression) ... ok
test_36_source_bindings_and_current_bias (tests_lm.test_v05_c230_prepared_capsule.C230Tests.test_36_source_bindings_and_current_bias) ... ok
test_37_cache_export_contains_all_extra_tensors (tests_lm.test_v05_c230_prepared_capsule.C230Tests.test_37_cache_export_contains_all_extra_tensors) ... ok
test_38_synthetic_run_adapter_export_postcheck (tests_lm.test_v05_c230_prepared_capsule.C230Tests.test_38_synthetic_run_adapter_export_postcheck) ... ok
test_39_actual_parent_export_and_fast_bank (tests_lm.test_v05_c230_prepared_capsule.C230Tests.test_39_actual_parent_export_and_fast_bank) ... ok
test_40_actual_historical_suite_count (tests_lm.test_v05_c230_prepared_capsule.C230Tests.test_40_actual_historical_suite_count) ... ok
test_01_manifest_hash (tests_lm.test_v05_c231_byte_eval_contract.C231Tests.test_01_manifest_hash) ... ok
test_02_fixture_counts (tests_lm.test_v05_c231_byte_eval_contract.C231Tests.test_02_fixture_counts) ... ok
test_03_prefix_is_observed_bytes_only (tests_lm.test_v05_c231_byte_eval_contract.C231Tests.test_03_prefix_is_observed_bytes_only) ... ok
test_04_partial_utf8_prefix_is_not_decoded (tests_lm.test_v05_c231_byte_eval_contract.C231Tests.test_04_partial_utf8_prefix_is_not_decoded) ... ok
test_05_empty_and_overlong_documents_rejected (tests_lm.test_v05_c231_byte_eval_contract.C231Tests.test_05_empty_and_overlong_documents_rejected) ... ok
test_06_no_truncation (tests_lm.test_v05_c231_byte_eval_contract.C231Tests.test_06_no_truncation) ... ok
test_07_uniform_eight_bits_per_byte (tests_lm.test_v05_c231_byte_eval_contract.C231Tests.test_07_uniform_eight_bits_per_byte) ... ok
test_08_special_ids_never_scored (tests_lm.test_v05_c231_byte_eval_contract.C231Tests.test_08_special_ids_never_scored) ... ok
test_09_nonfinite_logits_rejected (tests_lm.test_v05_c231_byte_eval_contract.C231Tests.test_09_nonfinite_logits_rejected) ... ok
test_10_likelihood_shape_errors (tests_lm.test_v05_c231_byte_eval_contract.C231Tests.test_10_likelihood_shape_errors) ... ok
test_11_model_interface_has_no_target (tests_lm.test_v05_c231_byte_eval_contract.C231Tests.test_11_model_interface_has_no_target) ... ok
test_12_batch_single_suffix_controls_execute (tests_lm.test_v05_c231_byte_eval_contract.C231Tests.test_12_batch_single_suffix_controls_execute) ... ok
test_13_generation_uses_own_previous_bytes (tests_lm.test_v05_c231_byte_eval_contract.C231Tests.test_13_generation_uses_own_previous_bytes) ... ok
test_14_predict_requires_full_vocabulary (tests_lm.test_v05_c231_byte_eval_contract.C231Tests.test_14_predict_requires_full_vocabulary) ... ok
test_15_weights_not_changed (tests_lm.test_v05_c231_byte_eval_contract.C231Tests.test_15_weights_not_changed) ... ok
test_16_gate_not_based_on_language_score (tests_lm.test_v05_c231_byte_eval_contract.C231Tests.test_16_gate_not_based_on_language_score) ... ok
test_17_nonfinite_score_and_bad_replay_fail_row (tests_lm.test_v05_c231_byte_eval_contract.C231Tests.test_17_nonfinite_score_and_bad_replay_fail_row) ... ok
test_18_union_preserves_parent_and_checks_conflicts (tests_lm.test_v05_c231_byte_eval_contract.C231Tests.test_18_union_preserves_parent_and_checks_conflicts) ... ok
test_19_runner_order_and_cli_blocks (tests_lm.test_v05_c231_byte_eval_contract.C231Tests.test_19_runner_order_and_cli_blocks) ... ok
test_20_no_training_or_memory_candidate_in_run (tests_lm.test_v05_c231_byte_eval_contract.C231Tests.test_20_no_training_or_memory_candidate_in_run) ... ok
test_21_module_alias_bindings (tests_lm.test_v05_c231_byte_eval_contract.C231Tests.test_21_module_alias_bindings) ... ok
test_22_synthetic_run_serialization_and_postchecks (tests_lm.test_v05_c231_byte_eval_contract.C231Tests.test_22_synthetic_run_serialization_and_postchecks) ... ok
test_23_actual_v5b_model_contract (tests_lm.test_v05_c231_byte_eval_contract.C231Tests.test_23_actual_v5b_model_contract) ... ok
test_24_actual_historical_suite (tests_lm.test_v05_c231_byte_eval_contract.C231Tests.test_24_actual_historical_suite) ... ok
test_01_manifest_and_dataset_hashes (tests_lm.test_v05_c232_bilingual_learning.C232Tests.test_01_manifest_and_dataset_hashes) ... ok
test_02_document_split_counts (tests_lm.test_v05_c232_bilingual_learning.C232Tests.test_02_document_split_counts) ... ok
test_03_semantic_pairs_do_not_cross_splits (tests_lm.test_v05_c232_bilingual_learning.C232Tests.test_03_semantic_pairs_do_not_cross_splits) ... ok
test_04_pair_holds_all_languages_and_templates_together (tests_lm.test_v05_c232_bilingual_learning.C232Tests.test_04_pair_holds_all_languages_and_templates_together) ... ok
test_05_all_words_seen_in_train (tests_lm.test_v05_c232_bilingual_learning.C232Tests.test_05_all_words_seen_in_train) ... ok
test_06_byte_counts_and_slots (tests_lm.test_v05_c232_bilingual_learning.C232Tests.test_06_byte_counts_and_slots) ... ok
test_07_dataset_edits_rejected (tests_lm.test_v05_c232_bilingual_learning.C232Tests.test_07_dataset_edits_rejected) ... ok
test_08_unigram_rejects_eval (tests_lm.test_v05_c232_bilingual_learning.C232Tests.test_08_unigram_rejects_eval) ... ok
test_09_unigram_normalized_and_smoothed (tests_lm.test_v05_c232_bilingual_learning.C232Tests.test_09_unigram_normalized_and_smoothed) ... ok
test_10_unigram_counts_are_language_specific (tests_lm.test_v05_c232_bilingual_learning.C232Tests.test_10_unigram_counts_are_language_specific) ... ok
test_11_unigram_independent_of_eval_changes (tests_lm.test_v05_c232_bilingual_learning.C232Tests.test_11_unigram_independent_of_eval_changes) ... ok
test_12_tensor_rows_use_parent_prefix_adapter (tests_lm.test_v05_c232_bilingual_learning.C232Tests.test_12_tensor_rows_use_parent_prefix_adapter) ... ok
test_13_empty_tensor_rows_rejected (tests_lm.test_v05_c232_bilingual_learning.C232Tests.test_13_empty_tensor_rows_rejected) ... ok
test_14_scores_weight_bytes_not_documents (tests_lm.test_v05_c232_bilingual_learning.C232Tests.test_14_scores_weight_bytes_not_documents) ... ok
test_15_empty_language_is_invalid (tests_lm.test_v05_c232_bilingual_learning.C232Tests.test_15_empty_language_is_invalid) ... ok
test_16_nonfinite_scores_invalid (tests_lm.test_v05_c232_bilingual_learning.C232Tests.test_16_nonfinite_scores_invalid) ... ok
test_17_uniform_reference_eight_bits (tests_lm.test_v05_c232_bilingual_learning.C232Tests.test_17_uniform_reference_eight_bits) ... ok
test_18_evaluator_restores_training_state (tests_lm.test_v05_c232_bilingual_learning.C232Tests.test_18_evaluator_restores_training_state) ... ok
test_19_trainer_has_no_eval_inputs (tests_lm.test_v05_c232_bilingual_learning.C232Tests.test_19_trainer_has_no_eval_inputs) ... ok
test_20_real_optimizer_changes_synthetic_weights (tests_lm.test_v05_c232_bilingual_learning.C232Tests.test_20_real_optimizer_changes_synthetic_weights) ... ok
test_21_two_step_training_deterministic (tests_lm.test_v05_c232_bilingual_learning.C232Tests.test_21_two_step_training_deterministic) ... ok
test_22_gate_accepts_complete_relative_improvement (tests_lm.test_v05_c232_bilingual_learning.C232Tests.test_22_gate_accepts_complete_relative_improvement) ... ok
test_23_no_improvement_is_valid_negative (tests_lm.test_v05_c232_bilingual_learning.C232Tests.test_23_no_improvement_is_valid_negative) ... ok
test_24_tie_does_not_pass (tests_lm.test_v05_c232_bilingual_learning.C232Tests.test_24_tie_does_not_pass) ... ok
test_25_wrong_replay_does_not_pass (tests_lm.test_v05_c232_bilingual_learning.C232Tests.test_25_wrong_replay_does_not_pass) ... ok
test_26_training_budget_is_fixed (tests_lm.test_v05_c232_bilingual_learning.C232Tests.test_26_training_budget_is_fixed) ... ok
test_27_runner_cli_order_and_parser_guard (tests_lm.test_v05_c232_bilingual_learning.C232Tests.test_27_runner_cli_order_and_parser_guard) ... ok
test_28_source_binding_and_parent_decoder_identity (tests_lm.test_v05_c232_bilingual_learning.C232Tests.test_28_source_binding_and_parent_decoder_identity) ... ok
test_29_real_output_validator_preserves_valid_negative (tests_lm.test_v05_c232_bilingual_learning.C232Tests.test_29_real_output_validator_preserves_valid_negative) ... ok
test_30_synthetic_run_calls_train_and_publishes_valid_negative (tests_lm.test_v05_c232_bilingual_learning.C232Tests.test_30_synthetic_run_calls_train_and_publishes_valid_negative) ... ok
test_31_actual_v5b_training_smoke_train_only (tests_lm.test_v05_c232_bilingual_learning.C232Tests.test_31_actual_v5b_training_smoke_train_only) ... ok
test_32_actual_historical_suite_counts (tests_lm.test_v05_c232_bilingual_learning.C232Tests.test_32_actual_historical_suite_counts) ... ok
test_01_manifest_identity (tests_lm.test_v05_c233_core_ablation.C233Tests.test_01_manifest_identity) ... ok
test_02_actual_backbone_parameter_count (tests_lm.test_v05_c233_core_ablation.C233Tests.test_02_actual_backbone_parameter_count) ... ok
test_03_common_initial_weights_match_exactly (tests_lm.test_v05_c233_core_ablation.C233Tests.test_03_common_initial_weights_match_exactly) ... ok
test_04_copied_parameters_do_not_alias (tests_lm.test_v05_c233_core_ablation.C233Tests.test_04_copied_parameters_do_not_alias) ... ok
test_05_no_core_parameters_remain (tests_lm.test_v05_c233_core_ablation.C233Tests.test_05_no_core_parameters_remain) ... ok
test_06_configuration_mismatch_rejected (tests_lm.test_v05_c233_core_ablation.C233Tests.test_06_configuration_mismatch_rejected) ... ok
test_07_forward_matches_direct_gru_eos_readout (tests_lm.test_v05_c233_core_ablation.C233Tests.test_07_forward_matches_direct_gru_eos_readout) ... ok
test_08_forward_rejects_shape_and_dtype (tests_lm.test_v05_c233_core_ablation.C233Tests.test_08_forward_rejects_shape_and_dtype) ... ok
test_09_only_next_task_allowed (tests_lm.test_v05_c233_core_ablation.C233Tests.test_09_only_next_task_allowed) ... ok
test_10_invalid_token_ids_rejected (tests_lm.test_v05_c233_core_ablation.C233Tests.test_10_invalid_token_ids_rejected) ... ok
test_11_own_checkpoint_roundtrip (tests_lm.test_v05_c233_core_ablation.C233Tests.test_11_own_checkpoint_roundtrip) ... ok
test_12_initial_copy_precedes_trained_full_load (tests_lm.test_v05_c233_core_ablation.C233Tests.test_12_initial_copy_precedes_trained_full_load) ... ok
test_13_fit_inputs_are_train_only (tests_lm.test_v05_c233_core_ablation.C233Tests.test_13_fit_inputs_are_train_only) ... ok
test_14_two_real_optimizer_steps_change_weights (tests_lm.test_v05_c233_core_ablation.C233Tests.test_14_two_real_optimizer_steps_change_weights) ... ok
test_15_short_training_is_reproducible (tests_lm.test_v05_c233_core_ablation.C233Tests.test_15_short_training_is_reproducible) ... ok
test_16_sampler_uses_registered_order (tests_lm.test_v05_c233_core_ablation.C233Tests.test_16_sampler_uses_registered_order) ... ok
test_17_score_adapter_reproduces_metric (tests_lm.test_v05_c233_core_ablation.C233Tests.test_17_score_adapter_reproduces_metric) ... ok
test_18_score_adapter_rejects_bad_count_and_units (tests_lm.test_v05_c233_core_ablation.C233Tests.test_18_score_adapter_rejects_bad_count_and_units) ... ok
test_19_score_adapter_rejects_nonfinite (tests_lm.test_v05_c233_core_ablation.C233Tests.test_19_score_adapter_rejects_nonfinite) ... ok
test_20_parent_checkpoint_schema_checked (tests_lm.test_v05_c233_core_ablation.C233Tests.test_20_parent_checkpoint_schema_checked) ... ok
test_21_parent_record_adapter_checks_order (tests_lm.test_v05_c233_core_ablation.C233Tests.test_21_parent_record_adapter_checks_order) ... ok
test_22_six_full_win_cells_pass (tests_lm.test_v05_c233_core_ablation.C233Tests.test_22_six_full_win_cells_pass) ... ok
test_23_competitive_smaller_baseline_is_valid_negative (tests_lm.test_v05_c233_core_ablation.C233Tests.test_23_competitive_smaller_baseline_is_valid_negative) ... ok
test_24_tie_is_not_full_advantage (tests_lm.test_v05_c233_core_ablation.C233Tests.test_24_tie_is_not_full_advantage) ... ok
test_25_unqualified_baseline_does_not_favor_full (tests_lm.test_v05_c233_core_ablation.C233Tests.test_25_unqualified_baseline_does_not_favor_full) ... ok
test_26_failed_replay_is_invalid_not_scientific_negative (tests_lm.test_v05_c233_core_ablation.C233Tests.test_26_failed_replay_is_invalid_not_scientific_negative) ... ok
test_27_runner_and_launcher_contracts (tests_lm.test_v05_c233_core_ablation.C233Tests.test_27_runner_and_launcher_contracts) ... ok
test_28_no_extra_hypothesis_or_training_budget (tests_lm.test_v05_c233_core_ablation.C233Tests.test_28_no_extra_hypothesis_or_training_budget) ... ok
test_29_import_aliases_and_direct_source_guards (tests_lm.test_v05_c233_core_ablation.C233Tests.test_29_import_aliases_and_direct_source_guards) ... ok
test_30_synthetic_full_run_uses_initial_copy_and_preserves_negative (tests_lm.test_v05_c233_core_ablation.C233Tests.test_30_synthetic_full_run_uses_initial_copy_and_preserves_negative) ... ok
test_31_actual_parent_train_only_smoke (tests_lm.test_v05_c233_core_ablation.C233Tests.test_31_actual_parent_train_only_smoke) ... ok
test_32_actual_historical_suite_counts (tests_lm.test_v05_c233_core_ablation.C233Tests.test_32_actual_historical_suite_counts) ... ok

----------------------------------------------------------------------
Ran 2753 tests in 53.150s

OK
[C233 GRU-only] seed=232001 step=100/400 train_batch_nll=1.373354
[C233 GRU-only] seed=232001 step=200/400 train_batch_nll=0.430912
[C233 GRU-only] seed=232001 step=300/400 train_batch_nll=0.292202
[C233 GRU-only] seed=232001 step=400/400 train_batch_nll=0.455256
[C233 GRU-only] seed=232002 step=100/400 train_batch_nll=1.692751
[C233 GRU-only] seed=232002 step=200/400 train_batch_nll=0.767523
[C233 GRU-only] seed=232002 step=300/400 train_batch_nll=0.577213
[C233 GRU-only] seed=232002 step=400/400 train_batch_nll=0.525285
[C233 GRU-only] seed=232003 step=100/400 train_batch_nll=1.428855
[C233 GRU-only] seed=232003 step=200/400 train_batch_nll=0.888152
[C233 GRU-only] seed=232003 step=300/400 train_batch_nll=0.249199
[C233 GRU-only] seed=232003 step=400/400 train_batch_nll=0.383492
=== C233 RESULT ===
{"artifacts":[{"file":"baseline-models.pt","serialized_bytes":252826,"sha256":"0bbe764c832d2fb33b3f51e3838c7178ab7121cf6c2f72a25bda43b2cb0722a3"},{"file":"comparison-plan.json","serialized_bytes":2025,"sha256":"01459cd555cc15193b1289767cd824d159999faff130d537d16c5895f3f83d39"},{"file":"comparisons.json","serialized_bytes":8330,"sha256":"7ad45aac3d70cc2a5d8054b4dfcaae36ad169f2434981904e8b657eb053b872c"},{"file":"replay-audit.json","serialized_bytes":647,"sha256":"f2a8c96fd6201593f5b7c9326844ab58db94f93fde71d8cd0b29398d666bb551"},{"file":"validation-summary.json","serialized_bytes":522,"sha256":"c839db0ed26f0369dcedb6227ae5278ca60904d8636da0d00e49da02d75998e4"}],"commit_sha":"fedf6c3e5c163d449d1ad793a87d4fa6952deb1d","diagnostic_execution_valid":true,"experiment_id":"C233-v5b-backbone-matched-core-ablation","gate_f_candidate":false,"input_sha256":{"M:\\asobiba\\fold\\docs\\baseline-development-measurement-v0.1.md":"500bf2601413f1ad78324d6c4f2c99348c3001fb841343687227e03f53f6e5b1","M:\\asobiba\\fold\\docs\\candidate-input-compatibility-preflight-v0.1.md":"4493e92167957b3734107f42f2f3d6449790651465244189200bfe270da4e58d","M:\\asobiba\\fold\\docs\\experiment-ledger-addendum-c171-preregistration.md":"4df6b22c1f1312082789c14145e4dcdb67038cfabe8c575e134192efc22ca1a5","M:\\asobiba\\fold\\docs\\experiment-ledger-addendum-c200-preregistration.md":"d295affb4dfd33667741d460e72c263b2a8c1ee3aeedaa204bc04e04b03d9d67","M:\\asobiba\\fold\\docs\\experiment-ledger-addendum-c201-preregistration.md":"8499f6bcba6e896cc1339ae748c8a25d4b705f0e897686c9269031aa886da390","M:\\asobiba\\fold\\docs\\experiment-ledger-addendum-c202-preregistration.md":"52cd25f6ecd8c8dbb5c2e2824596f463b904699fc7e40ce0a37d5e72673701b3","M:\\asobiba\\fold\\docs\\experiment-ledger-addendum-c203-preregistration.md":"ffa6d277d1472221dc59d8499d0007523d75804bd838bfff37325bb5f7838efc","M:\\asobiba\\fold\\docs\\experiment-ledger-addendum-c204-preregistration.md":"e182737b738cc30c072df812c46e5a439f59e637fc40a99c3414df867f80b90b","M:\\asobiba\\fold\\docs\\experiment-ledger-addendum-c205-preregistration.md":"52c4b19282befcaffa0e68b718f487adc4ba7430ac514b59e3e89f892f13da85","M:\\asobiba\\fold\\docs\\experiment-ledger-addendum-c206-preregistration.md":"0fc08ea4a6f39810bcd92c054549fce2e3b7f9cfb30881d348836c0199d250d1","M:\\asobiba\\fold\\docs\\experiment-ledger-addendum-c207-preregistration.md":"4f811b8a69592fd133e534beedc043913f1220deef67dc78849d698d572ed56b","M:\\asobiba\\fold\\docs\\experiment-ledger-addendum-c208-preregistration.md":"109c48fdbe3adbaee9254a954f158489b14c4043feb7187fb42065e0093c7301","M:\\asobiba\\fold\\docs\\experiment-ledger-addendum-c209-preregistration.md":"c58543b985423e8b211b98e667934c618d085f66143bbdf66cd6e5824bcba5e6","M:\\asobiba\\fold\\docs\\experiment-ledger-addendum-c210-preregistration.md":"52d9547a6c0b23c462ce7faceda8d16afaf81113c54d07bd69de6eee92153d9f","M:\\asobiba\\fold\\docs\\experiment-ledger-addendum-c211-preregistration.md":"303887eb0eb9ba53e64d64b0c5ba9bb0daaeea182ba24de48cb857978149104a","M:\\asobiba\\fold\\docs\\experiment-ledger-addendum-c212-preregistration.md":"bce59d21eadae1ea841db9dfedcb7d18808e7f821367bfe7b6536f2e66cf30bd","M:\\asobiba\\fold\\docs\\experiment-ledger-addendum-c213-preregistration.md":"ad1d3c2909b0a948248e2bda4bac5619d5a40deaf1e595318e54e276a6f80896","M:\\asobiba\\fold\\docs\\experiment-ledger-addendum-c214-preregistration.md":"ed97e382a5f15c23eca27fb73b10072473e35a87aa28aa9f1e7261cb9e7c192b","M:\\asobiba\\fold\\docs\\experiment-ledger-addendum-c215-preregistration.md":"314672217c9aca6b7cd0a12c89d812036e50a5ad92b6bcd08c8482c5d5151837","M:\\asobiba\\fold\\docs\\experiment-ledger-addendum-c216-preregistration.md":"8d0232bb21ffd55d7a76a04a9bfb5f7120cbe7b43a81baedc0d88269b0f106d5","M:\\asobiba\\fold\\docs\\experiment-ledger-addendum-c217-preregistration.md":"e945a38a38274fe1c8d07f1f5cd069a9e8b8474427c043d190276a7ef41bff7c","M:\\asobiba\\fold\\docs\\experiment-ledger-addendum-c218-preregistration.md":"0b9fb2db7418e2c5461c4883fa6079193cea2414b45c6bbe610b741d3099b40f","M:\\asobiba\\fold\\docs\\experiment-ledger-addendum-c219-preregistration.md":"87de6cf8c2617b247d3f71b475d35d7f0bfe4ec4c08f1e1d36b94a47dfec8cf1","M:\\asobiba\\fold\\docs\\experiment-ledger-addendum-c220-preregistration.md":"c0b946054818b9014b03f859b4ab095f298dd8652fbe734d19276f19ddc1eed1","M:\\asobiba\\fold\\docs\\experiment-ledger-addendum-c221-preregistration.md":"7bd3ac9faebf1cad09c4e90e3fd2d2ea7f00c66843147627cad2c5d9f480908e","M:\\asobiba\\fold\\docs\\experiment-ledger-addendum-c222-preregistration.md":"a76e2b491e6d5caef2faefac4076ef63e843276531b3c9634249c580244bcd94","M:\\asobiba\\fold\\docs\\experiment-ledger-addendum-c223-preregistration.md":"4a89279ccb6bea6bfc2594f904123883d4b192052605e071c3dcdf62b915d8aa","M:\\asobiba\\fold\\docs\\experiment-ledger-addendum-c224-preregistration.md":"2a64cd08b91d2dc65429391402582c5cf0a267062323f08241ff860021ac54dd","M:\\asobiba\\fold\\docs\\experiment-ledger-addendum-c225-preregistration.md":"d56c70080159cbad4c1cd36e972180b7a3b5375369d8fc011ea382e537b0d9f8","M:\\asobiba\\fold\\docs\\experiment-ledger-addendum-c226-preregistration.md":"b99c6abc4e420cf4241ad68c3e41cb502a3d22d6b55b741ee783204da124c8b3","M:\\asobiba\\fold\\docs\\experiment-ledger-addendum-c227-preregistration.md":"f9fd11699eace409e5f43e2eb05f2b781c1bb4d932c87c1d667de256dc5d1fd1","M:\\asobiba\\fold\\docs\\experiment-ledger-addendum-c228-preregistration.md":"eac52973c60750bc5bda227491214e7bdd86be67c0e534c0725b6343532356e4","M:\\asobiba\\fold\\docs\\experiment-ledger-addendum-c229-preregistration.md":"acb0b9a820ffcc5135f1d37a2056b18855183b6748b91ddcc097d7ff2b7704f5","M:\\asobiba\\fold\\docs\\experiment-ledger-addendum-c230-preregistration.md":"81fe47c105b863325301142e2004710997036215ecc8540474ecb14d5560e030","M:\\asobiba\\fold\\docs\\experiment-ledger-addendum-c231-preregistration.md":"deb8a74a8779d9dad569969cc94acba3cd27e5025426e65b9c84a04c2c89cb60","M:\\asobiba\\fold\\docs\\experiment-ledger-addendum-c232-preregistration.md":"cc2f91df75b8d173edfb93f7d27e6d50d5b613edff1a6be22b2eba1e691ddb7e","M:\\asobiba\\fold\\docs\\experiment-ledger-addendum-c233-preregistration.md":"0ded33b4b66ea50d58bbbec01773e13f7639d4cc301173883e6c0636bd10e1b7","M:\\asobiba\\fold\\docs\\gate-e-deciding-holdout-execution-v0.1.md":"758df8ce4d93b76f1a9a3e0f596493516b861a1c441883314029b3ce68ecf9c2","M:\\asobiba\\fold\\docs\\gate-e-deciding-manifest-v0.1.md":"0dbd530e4757478b3f5e9bf0a414d7af55a4a0c8eba74db29b77705685da1dfe","M:\\asobiba\\fold\\docs\\live-v2-mixed-channel-loop-v0.1.md":"4064060702ed0a522681d11218af4261c934fb21cb4a7739f895eeafb42b7df4","M:\\asobiba\\fold\\docs\\mixed-channel-multistep-replay-v0.1.md":"daddf3c52fe03306aa72e5bf7939e753ef0f6c4da467b1f978104c5e7ae6ec1e","M:\\asobiba\\fold\\docs\\nine-family-development-manifest-v0.1.md":"a4fa7fa5bff3f4d4e777af839d2c77bfd45f50855cec3f3372ca64edb19ff863","M:\\asobiba\\fold\\docs\\phase0-batch-composition-attribution-v0.1.md":"ce4e3218312b6d34e03f606eef4fd9298414e32b49db5ab04ed0a42ec2ad53bc","M:\\asobiba\\fold\\docs\\structured-action-channel-v0.1.md":"f4879a843964bcbe98d427985d470ec29377303b15095128b629bafd33664655","M:\\asobiba\\fold\\docs\\structured-derived-result-v0.1.md":"690add974ca2713cefacb99a85cba52f49cebf1fd3f85604c02b952e411ced1f","M:\\asobiba\\fold\\docs\\structured-task-interface-v0.2.md":"a46ac637d44e3d00b87d9e67ee693836b48545f2f28c660795dec9eac4857710","M:\\asobiba\\fold\\docs\\terminal-derived-result-integration-v0.1.md":"cd3c39c194857a10f2366c3bc33f9e1ce9afbcad2473f65526bfb1e91374e895","M:\\asobiba\\fold\\docs\\three-channel-acquisition-dispatch-v0.1.md":"3594910686e00f66a0ce5a45f6520dc53e7abd10e88ca892886b2eefe442c4c4","M:\\asobiba\\fold\\docs\\v5b-backbone-matched-core-ablation-v0.1.md":"c2ed0db3eccc94bc1984a75fc47d7177b3fd249e169a7a8914b4c1ac5a348deb","M:\\asobiba\\fold\\docs\\v5b-byte-evaluation-contract-v0.1.md":"39ea5c5a15aa146b2f48641d306507f7fc3855894e2231985c31577a4b1271e3","M:\\asobiba\\fold\\docs\\v5b-grouped-bilingual-learning-v0.1.md":"6e16939f3ebcbff6e4f379f67b25576a225c98c7e0060172f709f57e6f915918","M:\\asobiba\\fold\\docs\\v5f-bias-update-query-amortization-v0.1.md":"6ba233faf39e2b49eeb82d6227d7f2cd06359f45b909a02c8f72a16edf02dd8f","M:\\asobiba\\fold\\docs\\v5f-checked-factor-reuse-v0.1.md":"42f36bc51627a3ae06b4d7929b2d4dce33d2da8a2e555a8449f89a3c9b401f7d","M:\\asobiba\\fold\\docs\\v5f-checked-reduced-preparation-v0.1.md":"9ec07bb430247e247cd3cfe0cd5282240ddd33180e558c1660ed42edbd66e26b","M:\\asobiba\\fold\\docs\\v5f-fixed-port-dimension-scaling-v0.1.md":"a932e6f38ba7965a63fb2bdd433ddffe6ccc11404b444c6cda8ba57ead5a570e","M:\\asobiba\\fold\\docs\\v5f-frozen-learned-stack-integration-v0.1.md":"7e306b989a677818dd1a6db7aeebf44c95475345b2621a64555eb54d15808d6d","M:\\asobiba\\fold\\docs\\v5f-h1-h2-chunk-commit-v0.1.md":"85dc5adca911a30f6c3a5d00b089ced0b6b4abaddd6bd56a8660eb42831a463f","M:\\asobiba\\fold\\docs\\v5f-history-cost-audit-v0.1.md":"7fff17b8fd72884306ccc88c99eed632e46bdc355ccc9325b897c23f6b7f8395","M:\\asobiba\\fold\\docs\\v5f-learned-coverage-pilot-v0.1.md":"89adec991b6aaa71bb0d967ddcb0561a62449e83633c84bcfa4b8e6de8f5f229","M:\\asobiba\\fold\\docs\\v5f-learned-port-selector-pilot-v0.1.md":"160b417de62938bd4ab384ee0575ef9bb7a4e6c9d3b1b7b6a1988773c5f6d245","M:\\asobiba\\fold\\docs\\v5f-learned-reader-pilot-v0.1.md":"9775ee0d217a5baa909204a6a7defa14654b90c3168459e7a12578595f4e7c25","M:\\asobiba\\fold\\docs\\v5f-learned-writer-pilot-v0.1.md":"48b7f5ef57e2bba343e989f84862608e6187d1fb3b9eccf508ef79449ae8b524","M:\\asobiba\\fold\\docs\\v5f-live-coverage-dispatch-v0.1.md":"865f7ad5e59406cc64d0b90f5febe818477f032b840c953b4842c2decc95f842","M:\\asobiba\\fold\\docs\\v5f-memory-capsule-closure-v0.1.md":"1f7d4ef6062f9bac547e5f850be9ce7b476147546f2f03fff82ae68764f105aa","M:\\asobiba\\fold\\docs\\v5f-memory-operation-contract-v0.1.md":"c35289599f32732e62bc42fba7c34f4a6c74d41f4b102ab54fdc249765547509","M:\\asobiba\\fold\\docs\\v5f-retained-request-freshness-v0.1.md":"66e8f20de105e9a4c514be57b277788b535eda06cc3ae69617a12cdef7ea75da","M:\\asobiba\\fold\\docs\\v5f-stateful-baseline-attribution-v0.1.md":"04373675abb0b52e3b17e5610a7bacf07185550a4087e8eca781bb8a0284c4fe","M:\\asobiba\\fold\\docs\\v5f-update-query-function-profile-v0.1.md":"c7ccd0041a352fa0f4ecf44c742e4633d88d8ab567064f6e17a2c9f58dfdd1fd","M:\\asobiba\\fold\\docs\\v5f-withdrawal-hypothesis-lifecycle-v0.1.md":"3e2226385f531ee5e20d240e283f253dcc38c3dc5684db1d88a36836e39baa11","M:\\asobiba\\fold\\docs\\visible-only-candidate-projection-v0.1.md":"b801d7cc3e14d846f8fb390f7f2249dd22230d662363d9a9c1d7b90dee69c453","M:\\asobiba\\fold\\fold_lm\\__init__.py":"42443c74e03f0bb69e5899865aac6ea99a2f4f2474d3bbfa1b6208eab7959902","M:\\asobiba\\fold\\fold_lm\\capsule.py":"de66714750d170cd562b67f6d3bce9ae4b991dc0a8abf38c848ef530babab659","M:\\asobiba\\fold\\fold_lm\\data.py":"744558e6d039fa62370efc5070086113b824a409a33535b63d545a779349c5ce","M:\\asobiba\\fold\\fold_lm\\v05\\__init__.py":"ec11157f557399bd26fd71fda20b62646d484bf6af8ddacf5184c17c92d9deb9","M:\\asobiba\\fold\\fold_lm\\v05\\candidate_input_projection.py":"38eb4ba8c0baafaac4aa26b8748b16d0d6feb7102a75da44cb616fac167a1e08","M:\\asobiba\\fold\\fold_lm\\v05\\language_task.py":"afacaf1b8e3007ff197351b776215ca3c44f5575a94aa85801b65e438a277424","M:\\asobiba\\fold\\fold_lm\\v05\\memory_bank.py":"0ea075252755dfad0017145d9ccac2b799b260c2e861e0194b263495a8d4cca9","M:\\asobiba\\fold\\fold_lm\\v05\\memory_bridge.py":"6107213d1c7a68db7663e06fa4e4bae2c5dbf688f310324dfd0c210fb77937f3","M:\\asobiba\\fold\\fold_lm\\v05\\memory_capsule_bridge.py":"f66c14c26876ef58e58f9c90736d8259f2503da52c51d96faef3d68683eb8749","M:\\asobiba\\fold\\fold_lm\\v05\\memory_coverage.py":"de00d00c5f0c9e729a26a7919a48f2d68f950cd5ac339fa5f60d4dc4af58bc70","M:\\asobiba\\fold\\fold_lm\\v05\\memory_dispatch.py":"9590f35e507e735177298bc28ed6d27a82c72377624eb9d4e75410bb834216b0","M:\\asobiba\\fold\\fold_lm\\v05\\memory_port_selector.py":"cb4a9762d1c8ed82bcf09b3375dbb33d17ca97e7ea3f40ede7fce1336ffbc250","M:\\asobiba\\fold\\fold_lm\\v05\\memory_reader.py":"e5c08987e65f473a25dd134b20f8f701fb328630f4013543a79a8e3a1e6a8b56","M:\\asobiba\\fold\\fold_lm\\v05\\memory_request_lease.py":"5e70a46460ce9af69eb5a7df81eb651773c364798bb6134573dd94b7f9364e4f","M:\\asobiba\\fold\\fold_lm\\v05\\memory_stack.py":"c4b5f9101db1677ea76aba0627a30259f1ee678733aad904dedb5c4180adc598","M:\\asobiba\\fold\\fold_lm\\v05\\memory_writer.py":"1cb709b3cfa879589416be38b7c22b99d2fae308fdb0e7a9d5a5484e06c1c1d7","M:\\asobiba\\fold\\fold_lm\\v05\\modules.py":"feb30e74abb2ce248de4c15cf4089b0be05122faf2fd69fb0bf051112d2cd0ac","M:\\asobiba\\fold\\fold_lm\\v05\\prepared_capsule.py":"d20210818e4144ab5ddaa3e9bada9e20e67debdc67259c15e3b2f5326048b92a","M:\\asobiba\\fold\\fold_lm\\v05\\state.py":"c2468836b0730f436913a9f0aa2bf36cddab7cbb4c0c365bd98cd4679f5fd2f6","M:\\asobiba\\fold\\fold_lm\\v05\\structured_acquisition_lifecycle.py":"9b3a2ab6a5d2043636fa72f28d9f1ee6f8272b0afd697f143b8ade1a662d17b3","M:\\asobiba\\fold\\fold_lm\\v05\\structured_action_channel.py":"58eab69bc48a2016595fee27b31e23046176bf815d6e67cf32befe9b5f0104c0","M:\\asobiba\\fold\\fold_lm\\v05\\structured_action_runtime.py":"cf311de725e02825782d5619ca6ee027460ccba3c19ce5c6db16daeb03abe57b","M:\\asobiba\\fold\\fold_lm\\v05\\structured_derived_result.py":"713003258a72110531717cf5c7d25e4238e0fc5839ee6190fd1a208d8d6e8764","M:\\asobiba\\fold\\fold_lm\\v05\\structured_task_input.py":"855429f224a3eebe692d7421bc119cddb38ad273a4e54160d6062a34b3b0f3c4","M:\\asobiba\\fold\\fold_lm\\v05\\structured_task_input_v2.py":"816f1103e41f207bff50a0af4c5a8b049c06a3a43bd2786d3afc2bd8738f112e","M:\\asobiba\\fold\\fold_lm\\v05_benchmarks\\gate_e_c171_derived_result.py":"5af4eb891167fafb69382da7897473f3a033a097cc9bceb7e24599dee99c5368","M:\\asobiba\\fold\\fold_lm\\v05_benchmarks\\gate_e_c175_frozen_prediction_audit.py":"9ceb8674f1325acb7dc62feeef7d83e5cc63ace539c0b478831bb13a7b16d674","M:\\asobiba\\fold\\fold_lm\\v05_benchmarks\\gate_e_c178_visible_leaf_binding.py":"01537813734942589c979a7819752dcd2913d4a2851add2a5aae82b436841852","M:\\asobiba\\fold\\fold_lm\\v05_benchmarks\\gate_e_c179_shared_graph.py":"6e8b2d637ce4bf706b3f38cb741ded8e19def833a68ee1401d5a1c9416f863d0","M:\\asobiba\\fold\\fold_lm\\v05_benchmarks\\gate_e_c182_frozen_fact_renaming.py":"e02a9acbcb39d93a6cfb0d5b17dbf61ecb0437cbc1fdac667a31f54e18b86626","M:\\asobiba\\fold\\fold_lm\\v05_benchmarks\\gate_e_c185_single_missing_acquisition.py":"460b0a1c4590e9b639e022eaa8bb5220fa5158c5167bb64e7f81e14837314224","M:\\asobiba\\fold\\fold_lm\\v05_benchmarks\\gate_e_c188_multimissing_target_selection.py":"98bafc5fd08c1434a77d9a4d584bf31f6db9931cf593cf457949bc9230064ee2","M:\\asobiba\\fold\\fold_lm\\v05_benchmarks\\gate_e_c189_live_multimissing_target.py":"75881ca03596fe16629e259f8621050b5ff13df81d999be49fb63d366411c799","M:\\asobiba\\fold\\fold_lm\\v05_benchmarks\\gate_e_c190_iterative_multimissing_acquisition.py":"32ac71c17dd540a0a506f7f5cad15c771a02ba173f3593ca085568074d8380ff","M:\\asobiba\\fold\\fold_lm\\v05_benchmarks\\gate_e_c200_acquisition_channel_input.py":"3a45ebe45826eae879a850d97869abfcb70602ad54d0d6fb1b1a1260f585ad80","M:\\asobiba\\fold\\fold_lm\\v05_benchmarks\\gate_e_c201_selected_fact_channel_route.py":"394d23f4c26d8e1285474f9538a98a82f60c4f235b9089dd4e32d1e9def2d6b2","M:\\asobiba\\fold\\fold_lm\\v05_benchmarks\\gate_e_c202_three_channel_acquisition_dispatch.py":"97282a562fa0128b8d8ef7266d715f384a9dcdb1b7c25a169c95e2b1a254e082","M:\\asobiba\\fold\\fold_lm\\v05_benchmarks\\gate_e_c203_mixed_channel_multistep_replay.py":"13a4b5a0f102739606f86f466712556ecf616843056cbe1a96bae70ac50ca74c","M:\\asobiba\\fold\\fold_lm\\v05_benchmarks\\gate_e_c204_live_v2_mixed_channel_loop.py":"71a1af20caf624f86225ee32899276bc53e1eefa2403c806f48a5d68d6d1e4c4","M:\\asobiba\\fold\\fold_lm\\v05_benchmarks\\gate_e_c205_phase0_batch_composition_attribution.py":"3d30b5d9e96d489b4ba6f754be609eb7ea8650e668452f9387406b34119615af","M:\\asobiba\\fold\\fold_lm\\v05_benchmarks\\gate_e_c206_terminal_derived_result_integration.py":"6bcd59c3489eac9d4fe08d4ab2683230769d11ba5cad3ad7332e640287c95940","M:\\asobiba\\fold\\fold_lm\\v05_benchmarks\\gate_e_c207_nine_family_development_manifest.py":"68bb05c995cd303b7ae06f236d17671fcb2b1cba375e44552b1d30efcdbd568a","M:\\asobiba\\fold\\fold_lm\\v05_benchmarks\\gate_e_c208_candidate_input_compatibility_preflight.py":"cfcea8477fd4f98f7fad076606bcf6fd992e02e168dc9ad6f97535b464acab4a","M:\\asobiba\\fold\\fold_lm\\v05_benchmarks\\gate_e_c209_visible_only_candidate_projection.py":"dad94e9f8acb6a0d0e48f11b7be441ae075a06e48f8f0a2148b7c364d83d60be","M:\\asobiba\\fold\\fold_lm\\v05_benchmarks\\gate_e_c210_baseline_development_measurement.py":"5e4a491ab2ef0df07d669f12a03e77c5307c56d2a194675b869414d60eaedb73","M:\\asobiba\\fold\\fold_lm\\v05_benchmarks\\gate_e_c211_deciding_manifest_freeze.py":"b144727bc84846e4a22f7a6362ff6305bd5b669f9abeac90a1c5f622532c6f28","M:\\asobiba\\fold\\fold_lm\\v05_benchmarks\\gate_e_c212_deciding_holdout_execution.py":"04beadd6d114b477e2a97ea9c1f7303547d14a57bb5730f9934925b7b36e4611","M:\\asobiba\\fold\\fold_lm\\v05_benchmarks\\gate_f_c213_memory_operation_contract.py":"f8d8d868356e9e41f444d1a709cc77c6c371f73ab944ad2ad63bbdd517bd7d32","M:\\asobiba\\fold\\fold_lm\\v05_benchmarks\\gate_f_c214_memory_capsule_closure.py":"e897397a286ac6e2ccf350c24ee954fd01ca587c37cd6d414f7a0a60c54c36f2","M:\\asobiba\\fold\\fold_lm\\v05_benchmarks\\gate_f_c215_h1_h2_chunk_commit.py":"48f81f99ac5496abc87d760d8dfbadab899040b6f16612e4d85e3b34b7283200","M:\\asobiba\\fold\\fold_lm\\v05_benchmarks\\gate_f_c216_learned_reader.py":"51075ac1b66fdfc0ce1cef6ef336f544e3c12e5294c32be8fed98ae06c64b730","M:\\asobiba\\fold\\fold_lm\\v05_benchmarks\\gate_f_c217_learned_port_selector.py":"fceb5ec8835513e3cc84663941316117e568aa524819fabae3e6202571f0ac90","M:\\asobiba\\fold\\fold_lm\\v05_benchmarks\\gate_f_c218_learned_writer.py":"9eefb4e475b2171e15ccb3e543296612dbdf16c286c3c6be806992fc2aae2c4c","M:\\asobiba\\fold\\fold_lm\\v05_benchmarks\\gate_f_c219_learned_coverage.py":"1518c0c4b00642b8b600843ef9cb9e20a68e06f99640623a6665f72b261b6090","M:\\asobiba\\fold\\fold_lm\\v05_benchmarks\\gate_f_c220_frozen_learned_stack.py":"64f5da33ae733123a15d532f61cb1c5a8cfd013a021b2894e204df1664235260","M:\\asobiba\\fold\\fold_lm\\v05_benchmarks\\gate_f_c221_live_coverage_dispatch.py":"8e1e6291e2d70078794c91d2294702fe0c5642248f7dfec28e05c4f9b2710d95","M:\\asobiba\\fold\\fold_lm\\v05_benchmarks\\gate_f_c222_withdrawal_lifecycle.py":"7b6ec04f513b0a1274aa54b1c3a0180f2f5f6419098a29a6f638f583df33b645","M:\\asobiba\\fold\\fold_lm\\v05_benchmarks\\gate_f_c223_request_freshness.py":"f9f3a33efc7664600090ef756341a433289896f0cd74dd3a77c317f674f88d01","M:\\asobiba\\fold\\fold_lm\\v05_benchmarks\\gate_f_c224_history_cost_audit.py":"e351ec3657e268e933a1b75496200e0cddfe90aa3b89b38599d36dcf85cf3f38","M:\\asobiba\\fold\\fold_lm\\v05_benchmarks\\gate_f_c225_stateful_baseline.py":"a45a3c0d40e2472a7bc842263e19015217d397219805d21e0541a8c0da7751bf","M:\\asobiba\\fold\\fold_lm\\v05_benchmarks\\gate_f_c226_dimension_scaling.py":"c99579ebc7bfdbf0a27b6194da091acbddb4be16bfa619af867042c784b3dfbd","M:\\asobiba\\fold\\fold_lm\\v05_benchmarks\\gate_f_c227_factor_reuse.py":"4fabe9282d505813524d8509571adb127fb5913ce9fceddc7c41b3c70d2bd18c","M:\\asobiba\\fold\\fold_lm\\v05_benchmarks\\gate_f_c228_update_query_cost.py":"39001ef71a44307723b6d419a0568e302629e3c776e79465fc7260ce439fadc7","M:\\asobiba\\fold\\fold_lm\\v05_benchmarks\\gate_f_c229_cost_profile.py":"d161253be89c360de3fc88bdf99a91f59043ef7ea51f14882e33262478a7cef9","M:\\asobiba\\fold\\fold_lm\\v05_benchmarks\\gate_f_c230_prepared_capsule.py":"1b5110d824030287b3693ae461d341008597fb9e69dc9f4738cfab8b7bc17650","M:\\asobiba\\fold\\fold_lm\\v05_benchmarks\\model_c231_byte_eval_contract.py":"3570b04a2900b31f7cff19a5196ddcaee267852d972f4c96533f455e874aa01e","M:\\asobiba\\fold\\fold_lm\\v05_benchmarks\\model_c232_bilingual_learning.py":"e6f79d9e97217a1f035bab51b1520d2e262710d6784a61fa7f385b1f6836ac09","M:\\asobiba\\fold\\fold_lm\\v05_benchmarks\\model_c233_core_ablation.py":"c4faf70aa41b68e1834fbd843937f5cc984aad9c787845e88466b900ff20eb8a","M:\\asobiba\\fold\\runs\\c216-v5f-learned-reader-5fb7ef1e99ec4ee189a3047cc60953d0\\evaluation.json":"cb6e069bab88197df2cd0bfec2a92952685aa96c5efdb50fc660fa4efd14979d","M:\\asobiba\\fold\\runs\\c216-v5f-learned-reader-5fb7ef1e99ec4ee189a3047cc60953d0\\reader-checkpoints.pt":"bf96cf6cec13bfdb9c71e374b0e11dd104365add1c5947f2123f4e4ea9f051af","M:\\asobiba\\fold\\runs\\c216-v5f-learned-reader-5fb7ef1e99ec4ee189a3047cc60953d0\\reader-dataset.npz":"d6ab5de8ec3c23d7e48bc45f7efdd9c3e5c0b11b7d640efccef116ec9036a193","M:\\asobiba\\fold\\runs\\c216-v5f-learned-reader-5fb7ef1e99ec4ee189a3047cc60953d0\\reader-plan.json":"7e2237f94ea1441225cc6470f02e08f39a41dedca0610d6de0feede0fc2fd8f8","M:\\asobiba\\fold\\runs\\c216-v5f-learned-reader-5fb7ef1e99ec4ee189a3047cc60953d0\\summary.json":"7542625a054725d3a70dfa1c19f706fe8fce26af379e24b92aa1ae478483acc9","M:\\asobiba\\fold\\runs\\c216-v5f-learned-reader-5fb7ef1e99ec4ee189a3047cc60953d0\\validation-summary.json":"dddd27d04917f810a68dc83aa98cddabf1cd78cd67357c52b913e2ff3fe239be","M:\\asobiba\\fold\\runs\\c217-v5f-learned-port-selector-6dfc0082313d48aa826750203c887bc6\\evaluation.json":"c0a564969c3de251fbc8ce5115cf42aa2d176b17b490df9bb61921c71291d6d2","M:\\asobiba\\fold\\runs\\c217-v5f-learned-port-selector-6dfc0082313d48aa826750203c887bc6\\selector-checkpoints.pt":"ab8892e6562a4801a30fea853fdbc712d69d9c5077e32c0b8fab6e555fead215","M:\\asobiba\\fold\\runs\\c217-v5f-learned-port-selector-6dfc0082313d48aa826750203c887bc6\\selector-dataset.npz":"38f5ed7bfa0a2b9066cc9940d1cc3443d31818dcbf0076dff7bf059e460af619","M:\\asobiba\\fold\\runs\\c217-v5f-learned-port-selector-6dfc0082313d48aa826750203c887bc6\\selector-plan.json":"9579741670fd8a72c6b914f02388072a27f0829c1d033a6914e0dbca04fc6c21","M:\\asobiba\\fold\\runs\\c217-v5f-learned-port-selector-6dfc0082313d48aa826750203c887bc6\\summary.json":"cb27e93c9a6dc9d03875938c55c37f146c12278dec4c9ebb5a20da150fd847ab","M:\\asobiba\\fold\\runs\\c217-v5f-learned-port-selector-6dfc0082313d48aa826750203c887bc6\\validation-summary.json":"7e46f83fc7c6702e36ede2d05f016018cf8d219c51248ef7d395815168409cf0","M:\\asobiba\\fold\\runs\\c218-v5f-learned-writer-7ccc565edaba498c9af8f7caea7d17a4\\evaluation.json":"ad7eb3ddbb1327e7c4a1045f1616478b0602d343483237a8a893d8260a4f4a36","M:\\asobiba\\fold\\runs\\c218-v5f-learned-writer-7ccc565edaba498c9af8f7caea7d17a4\\summary.json":"50ec397534901bb865731b615232c555cfcf0222571f42b09098eae77f49f021","M:\\asobiba\\fold\\runs\\c218-v5f-learned-writer-7ccc565edaba498c9af8f7caea7d17a4\\validation-summary.json":"a0b235393fe3cd267534ecaa6de7190b534eb59a5fb8b95b1de083b6b4563359","M:\\asobiba\\fold\\runs\\c218-v5f-learned-writer-7ccc565edaba498c9af8f7caea7d17a4\\writer-checkpoints.pt":"3313bb507527b7e4798333c8b8c7f1e0e2ea2f9f2cd513060b505184c87d5c9d","M:\\asobiba\\fold\\runs\\c218-v5f-learned-writer-7ccc565edaba498c9af8f7caea7d17a4\\writer-dataset.npz":"f10f6ce8e30be0cce7be554f00168f396fdb7c8c5bfb961aec84550ddd7be724","M:\\asobiba\\fold\\runs\\c218-v5f-learned-writer-7ccc565edaba498c9af8f7caea7d17a4\\writer-plan.json":"1886927bd60b736448e99ce67253b7a9892897931a73cc1435dfa86f50d2e048","M:\\asobiba\\fold\\runs\\c219-v5f-learned-coverage-5c3f67fd3c36442ca332ddfc76717e19\\coverage-checkpoints.pt":"1ba50ab3b621b75a0b5c0528f2eb03c6f11e8a0000122563357709d386cee0a1","M:\\asobiba\\fold\\runs\\c219-v5f-learned-coverage-5c3f67fd3c36442ca332ddfc76717e19\\coverage-dataset.npz":"e66717c64cf76dd88a1dc59bba176aa00aeac591daedb0d2d075db985f8b09db","M:\\asobiba\\fold\\runs\\c219-v5f-learned-coverage-5c3f67fd3c36442ca332ddfc76717e19\\coverage-plan.json":"a49b1bdb6ad310ad477d11881580e7716c67d9269115241ba813d4314c4f2eb1","M:\\asobiba\\fold\\runs\\c219-v5f-learned-coverage-5c3f67fd3c36442ca332ddfc76717e19\\evaluation.json":"49e5d7572abff634c43924986345124ca06cf14aa43f103ef522fec12af58b97","M:\\asobiba\\fold\\runs\\c219-v5f-learned-coverage-5c3f67fd3c36442ca332ddfc76717e19\\summary.json":"dbf54bd3cdc5b2fbd82a68a62bcdbaad806b8946b817776d94527a5bdcbaee14","M:\\asobiba\\fold\\runs\\c219-v5f-learned-coverage-5c3f67fd3c36442ca332ddfc76717e19\\validation-summary.json":"a380cbb38c686757d4a296c8e557d7b2f304ea72ce4b583185c02099958685d4","M:\\asobiba\\fold\\runs\\c220-v5f-frozen-learned-stack-5bc9d133c96348de81a24d19b3ef6f93\\combination-results.json":"96c99e94b1f5feec661e06aad2ca3f87845b2738ad29427b8fb2e8349770f0ad","M:\\asobiba\\fold\\runs\\c220-v5f-frozen-learned-stack-5bc9d133c96348de81a24d19b3ef6f93\\component-fingerprints.json":"3b827a6a6ce4cdb21ef6624462926cc880088ced489bdf22ecafb26860d9d22c","M:\\asobiba\\fold\\runs\\c220-v5f-frozen-learned-stack-5bc9d133c96348de81a24d19b3ef6f93\\episode-sets.json":"919222de2ca2b598dca487154cf8d7d6756eb6fe9526ba70f31f34ae6094b69f","M:\\asobiba\\fold\\runs\\c220-v5f-frozen-learned-stack-5bc9d133c96348de81a24d19b3ef6f93\\stack-plan.json":"c03227618834ca60f4acb6d69e151e33d9b1723c5a01bb08dd87627403336be8","M:\\asobiba\\fold\\runs\\c220-v5f-frozen-learned-stack-5bc9d133c96348de81a24d19b3ef6f93\\summary.json":"45821b372bf0108e667274e2facd73b1f0a84f515a7d036e73874d9238fff5f7","M:\\asobiba\\fold\\runs\\c220-v5f-frozen-learned-stack-5bc9d133c96348de81a24d19b3ef6f93\\validation-summary.json":"f17175ab1f914df65a28014fbc2571c32cbeeade583ad7f38093a17a24c458cd","M:\\asobiba\\fold\\runs\\c221-v5f-live-coverage-dispatch-cbcaaf2ea8b94d7a8b748426810f442b\\component-fingerprints.json":"2b600e9a46171c03914687d3288308e517db3fb95844327eba0a803a50a961a7","M:\\asobiba\\fold\\runs\\c221-v5f-live-coverage-dispatch-cbcaaf2ea8b94d7a8b748426810f442b\\dispatch-plan.json":"fb387b9c026ee852f4efbabab0c71cde93e03fea443f440f7b508b8fe3c3f4d8","M:\\asobiba\\fold\\runs\\c221-v5f-live-coverage-dispatch-cbcaaf2ea8b94d7a8b748426810f442b\\intervention-decisions.json":"38256d249c523d2534f152b68d1568161fd84d26d271a5316de0c92e3158eb0a","M:\\asobiba\\fold\\runs\\c221-v5f-live-coverage-dispatch-cbcaaf2ea8b94d7a8b748426810f442b\\live-decisions.json":"bf3ecc6de4accc2346e27a2a5d2a3955afdd762e01d14fc4ebce8f1877e93454","M:\\asobiba\\fold\\runs\\c221-v5f-live-coverage-dispatch-cbcaaf2ea8b94d7a8b748426810f442b\\summary.json":"70cee94a95b20d538d86a041a3518151f019e03d15594132720c041224859766","M:\\asobiba\\fold\\runs\\c221-v5f-live-coverage-dispatch-cbcaaf2ea8b94d7a8b748426810f442b\\validation-summary.json":"c3ed8f149357c27281122b3cab9876b371d8da25a57dd536fa4e1b32f0a7ab0c","M:\\asobiba\\fold\\runs\\c222-v5f-withdrawal-lifecycle-60ba479f7d2b46ff957b5d2a21bf865c\\forced-allow-decisions.json":"46d404627059f5e28653b498150ecda803e0ff057f02319cea10c730fb48ef09","M:\\asobiba\\fold\\runs\\c222-v5f-withdrawal-lifecycle-60ba479f7d2b46ff957b5d2a21bf865c\\lifecycle-plan.json":"1b94c0af7c1d828f54c5519dd9169a9e2a7985ddd91b155a72d312d39e26a828","M:\\asobiba\\fold\\runs\\c222-v5f-withdrawal-lifecycle-60ba479f7d2b46ff957b5d2a21bf865c\\live-decisions.json":"ba5f2ca66e6c345e1da7cf4d6bea38c13addb2c9191d4b642702c504f610847d","M:\\asobiba\\fold\\runs\\c222-v5f-withdrawal-lifecycle-60ba479f7d2b46ff957b5d2a21bf865c\\summary.json":"18321ace4ade112fe227d4836867223a5ec609761c89015b704e9e14b629c62e","M:\\asobiba\\fold\\runs\\c222-v5f-withdrawal-lifecycle-60ba479f7d2b46ff957b5d2a21bf865c\\timeline-audit.json":"ac64f295987df1d81ce774b53dc5e2f567e9119a05676a78834ec0b17e44c1cb","M:\\asobiba\\fold\\runs\\c222-v5f-withdrawal-lifecycle-60ba479f7d2b46ff957b5d2a21bf865c\\validation-summary.json":"9d6916dfcaec497680b94ae2b280dc9ab98f3da17aac7447a8b2e8b150d9b40b","M:\\asobiba\\fold\\runs\\c223-v5f-request-freshness-56cfd6d212764ccf98e7789aa964de52\\fresh-decisions.json":"17f34d5c97c7e1fac1ae08f521c0127853a51a284e66af8509dd8a1f9aa4aa32","M:\\asobiba\\fold\\runs\\c223-v5f-request-freshness-56cfd6d212764ccf98e7789aa964de52\\freshness-plan.json":"ef0d7db9c3ef24da2076c8811076e53c6d46abeff19b363163a0c352f0d0872d","M:\\asobiba\\fold\\runs\\c223-v5f-request-freshness-56cfd6d212764ccf98e7789aa964de52\\replay-controls.json":"9c5bc56ab46a84bea8b98901a625da468329d3cbc4e49fc43ebbe1878b5ba50d","M:\\asobiba\\fold\\runs\\c223-v5f-request-freshness-56cfd6d212764ccf98e7789aa964de52\\stale-decisions.json":"f9b83ed40115b9265593055080f235ff82f969a4315498c8506379cbec510a66","M:\\asobiba\\fold\\runs\\c223-v5f-request-freshness-56cfd6d212764ccf98e7789aa964de52\\summary.json":"1b08cf76a1c233ce849f2b7fe81dbb7fa44120e59a75b32e2f42c4ebccdad2ca","M:\\asobiba\\fold\\runs\\c223-v5f-request-freshness-56cfd6d212764ccf98e7789aa964de52\\validation-summary.json":"b52c9d95bb89dca5061d2ccff4aab90276ea5dc4edba2d653b1d9fdc03d12db2","M:\\asobiba\\fold\\runs\\c224-v5f-history-cost-audit-7d510ad2c98647bfbabeabe91de81381\\cost-plan.json":"0097887642e62a0c2e332d6b68a6dbcb769e829a1970387c3e0aa4ad28343103","M:\\asobiba\\fold\\runs\\c224-v5f-history-cost-audit-7d510ad2c98647bfbabeabe91de81381\\measurements.json":"2e09353e3899f45bb2ee3598a61e72e1602858ae446a43de306abd07acbb832a","M:\\asobiba\\fold\\runs\\c224-v5f-history-cost-audit-7d510ad2c98647bfbabeabe91de81381\\memory-exports.zip":"6eec653b1d5848864f9ef0528233dc6cd24217711f439f3587027892db36e07f","M:\\asobiba\\fold\\runs\\c224-v5f-history-cost-audit-7d510ad2c98647bfbabeabe91de81381\\quality-checks.json":"def94c9d01c42cc312854c2c5d1e05852274046b2ed5e0aef73ceaaac77e0f36","M:\\asobiba\\fold\\runs\\c224-v5f-history-cost-audit-7d510ad2c98647bfbabeabe91de81381\\summary.json":"d47f17ed6a467e5203f3bf5e39e5d023cfa469320f4636ca05d13d0673b09f88","M:\\asobiba\\fold\\runs\\c224-v5f-history-cost-audit-7d510ad2c98647bfbabeabe91de81381\\validation-summary.json":"5be4146f3139b761837bcbe0cad25db02c46035351e3d76b1a75a1ebd00211f2","M:\\asobiba\\fold\\runs\\c225-v5f-stateful-baseline-4df0cd59e7c34942a3d33b0932863b0f\\comparison-plan.json":"0520afee3c0b25ca1da8f28be3534115d72b1abbe4252628312fd2d321b24e66","M:\\asobiba\\fold\\runs\\c225-v5f-stateful-baseline-4df0cd59e7c34942a3d33b0932863b0f\\measurements.json":"50e82a0a655ab63ddf00da04edab1995c7b99064ae493ba5320a0d2f348362a2","M:\\asobiba\\fold\\runs\\c225-v5f-stateful-baseline-4df0cd59e7c34942a3d33b0932863b0f\\quality-checks.json":"54c518d89a03b1c73fc0f28da2ab2585af99a9c73641fa8efa0a63d6e3b64760","M:\\asobiba\\fold\\runs\\c225-v5f-stateful-baseline-4df0cd59e7c34942a3d33b0932863b0f\\stateful-exports.zip":"146f806660f9eb686fd8783f3608f7ffe74982cac55cff8481e1b038ed95098c","M:\\asobiba\\fold\\runs\\c225-v5f-stateful-baseline-4df0cd59e7c34942a3d33b0932863b0f\\summary.json":"b54943514cebb06161851e6a79c9eb4e8fd6766429f6f2e0e2f34c79c52a78ad","M:\\asobiba\\fold\\runs\\c225-v5f-stateful-baseline-4df0cd59e7c34942a3d33b0932863b0f\\validation-summary.json":"94e2028aaaff24f9cc03480abde49c2e41674d833141745e6bc34f9852620a29","M:\\asobiba\\fold\\runs\\c226-v5f-dimension-scaling-b1186f4e625e45e0909c44ed8c585937\\dimension-exports.zip":"83e75e1938ce4ef3b925d5b35945c51e1c6f8c2ca817570095fbe158bf62b9e1","M:\\asobiba\\fold\\runs\\c226-v5f-dimension-scaling-b1186f4e625e45e0909c44ed8c585937\\dimension-plan.json":"77a17f1330f62a1278922d40cb7313c610a7caa29c653b618b5f1e43f872a093","M:\\asobiba\\fold\\runs\\c226-v5f-dimension-scaling-b1186f4e625e45e0909c44ed8c585937\\measurements.json":"f312af884dc6ee11bf02bf8b1aa3022531b3d599307571172557abc242519f44","M:\\asobiba\\fold\\runs\\c226-v5f-dimension-scaling-b1186f4e625e45e0909c44ed8c585937\\quality-checks.json":"f003133dd2f178e649c05bf0772d86444abdd9441c94e07d07a3b700f263069e","M:\\asobiba\\fold\\runs\\c226-v5f-dimension-scaling-b1186f4e625e45e0909c44ed8c585937\\summary.json":"ba4465c8c84e8fd54da1f7096a18056b7e53e6689a6ba3df5e1f9c559a7fac08","M:\\asobiba\\fold\\runs\\c226-v5f-dimension-scaling-b1186f4e625e45e0909c44ed8c585937\\validation-summary.json":"ec05f980af138ef10f243c2a75788d50f7322f47bd5b8309b7e896c398ccaad7","M:\\asobiba\\fold\\runs\\c227-v5f-factor-reuse-8abdfa3dfbd141db94ce9afd0e4c171a\\measurements.json":"68234a510756ac5d80a5a1ee770a393ad8dce656a8c395ce8ca73be80b3eac16","M:\\asobiba\\fold\\runs\\c227-v5f-factor-reuse-8abdfa3dfbd141db94ce9afd0e4c171a\\quality-checks.json":"ba9a5fd35ee7e9594446fd8f6a51cf5e4d0fad88ce282a02c7f3c792d101f74a","M:\\asobiba\\fold\\runs\\c227-v5f-factor-reuse-8abdfa3dfbd141db94ce9afd0e4c171a\\reuse-exports.zip":"0c39f381139977e96fff705ad8d837ea29c16ccbe2447916b54b674779c9d123","M:\\asobiba\\fold\\runs\\c227-v5f-factor-reuse-8abdfa3dfbd141db94ce9afd0e4c171a\\reuse-plan.json":"4ea370a98b04bff4364f2ec8dccbc5fff658c1d4529a13ee6c3fc1d0c0cfa23d","M:\\asobiba\\fold\\runs\\c227-v5f-factor-reuse-8abdfa3dfbd141db94ce9afd0e4c171a\\summary.json":"4e2a5282f5923b80272afd6476bf2a5ff62a672825cee6d442b0bac4325f9b75","M:\\asobiba\\fold\\runs\\c227-v5f-factor-reuse-8abdfa3dfbd141db94ce9afd0e4c171a\\validation-summary.json":"bbb5ffefd2a0aad3c5e332ba1f50e2a87e15463267129bf657512a044c198d05","M:\\asobiba\\fold\\runs\\c228-v5f-update-query-76eea62720cf4857a7122cd48c400f1a\\measurements.json":"36bf474db858daf9ccb6a01f5b13d4980edf1dda904c5d9c7bfa124501eb1aab","M:\\asobiba\\fold\\runs\\c228-v5f-update-query-76eea62720cf4857a7122cd48c400f1a\\quality-checks.json":"e4e58785965cd19554dc8680fa0e3e433498f8048df44daad19130c72f415f10","M:\\asobiba\\fold\\runs\\c228-v5f-update-query-76eea62720cf4857a7122cd48c400f1a\\summary.json":"44ddf79b6ae1aadb5fb28e37e8528e40c1384b13a152283badbb9eb1be20e9a6","M:\\asobiba\\fold\\runs\\c228-v5f-update-query-76eea62720cf4857a7122cd48c400f1a\\update-exports.zip":"54cd9ac63fe598765b5a49d4b374f2350361f44c797e129d7dff2c2cf70bff28","M:\\asobiba\\fold\\runs\\c228-v5f-update-query-76eea62720cf4857a7122cd48c400f1a\\update-plan.json":"bd9e450beebb183dd953928a1e5894bcbd76f33aa25de3bcca27ef05277b1096","M:\\asobiba\\fold\\runs\\c228-v5f-update-query-76eea62720cf4857a7122cd48c400f1a\\validation-summary.json":"29779710b3826659244ea89f3c57f8dffdc0b824fe0247a205150b63ce8f617b","M:\\asobiba\\fold\\runs\\c229-v5f-cost-profile-02c07c2130ab49acbf1558009be3b3b3\\function-profiles.json":"d323c8af2c491bc1759fbf7455cb3dcb0b165ac6c1c988185e40eadc527b1df5","M:\\asobiba\\fold\\runs\\c229-v5f-cost-profile-02c07c2130ab49acbf1558009be3b3b3\\measurements.json":"c96d4154a0aef79fb50b5a34e8c7f5fad10262ebb9a79e02614d0b2a36e74786","M:\\asobiba\\fold\\runs\\c229-v5f-cost-profile-02c07c2130ab49acbf1558009be3b3b3\\profile-plan.json":"3f9ce8c054db73843455447d6dc74426be570e50857cc220a3927f8777bd3723","M:\\asobiba\\fold\\runs\\c229-v5f-cost-profile-02c07c2130ab49acbf1558009be3b3b3\\quality-checks.json":"a816a2829a9923afed5398ac65c616934aeff47dfef156676329d83435553904","M:\\asobiba\\fold\\runs\\c229-v5f-cost-profile-02c07c2130ab49acbf1558009be3b3b3\\summary.json":"b71769d8c22ef72436b5952406632deafd100c44ed72da8f4c71c93133a0fe37","M:\\asobiba\\fold\\runs\\c229-v5f-cost-profile-02c07c2130ab49acbf1558009be3b3b3\\validation-summary.json":"08d0113b747fe902d99dedc3204775d22ae9e59cb4dc2f0fa80532ff6cb79551","M:\\asobiba\\fold\\runs\\c230-v5f-prepared-capsule-42695282c3e6402f9fe7616ba3641099\\measurements.json":"d72afb4423933d673983f6ea850e8064c6b84072ae061bbca935c2f2d5705afc","M:\\asobiba\\fold\\runs\\c230-v5f-prepared-capsule-42695282c3e6402f9fe7616ba3641099\\quality-checks.json":"fd69a11348aa806acc3c5d1918790e1ecd2d3b5068f037d3339ae44b9d379584","M:\\asobiba\\fold\\runs\\c230-v5f-prepared-capsule-42695282c3e6402f9fe7616ba3641099\\reuse-exports.zip":"c41e08ad164c86e3728b26deaa87ca2d329c9924f249ed08ea3c3182cc1e46a7","M:\\asobiba\\fold\\runs\\c230-v5f-prepared-capsule-42695282c3e6402f9fe7616ba3641099\\reuse-plan.json":"c93b9845cd10c4cab316b01da41f3e03f443f75b078c8912fc27c6c23c299b95","M:\\asobiba\\fold\\runs\\c230-v5f-prepared-capsule-42695282c3e6402f9fe7616ba3641099\\summary.json":"3eeb739eaf37c8b0d1ef4f94d5eec46281ea8721c1cea67fb51234f8bd7fca7c","M:\\asobiba\\fold\\runs\\c230-v5f-prepared-capsule-42695282c3e6402f9fe7616ba3641099\\validation-summary.json":"8f0ebfb7c769f1bc9eebceff02d51c55e1a94dd52ee0ec67b73650f2dda683a9","M:\\asobiba\\fold\\runs\\c231-v5b-byte-eval-9e4c4cd1513a4b3c97e598252f6300c5\\byte-fixture.json":"5dcdbd8223c0e40df8d9e3fb5c98e50873a0a014ce9a3c2e003fe74d3911ce23","M:\\asobiba\\fold\\runs\\c231-v5b-byte-eval-9e4c4cd1513a4b3c97e598252f6300c5\\evaluation-plan.json":"745c97d3aab18c129494357cc91eb48a6e713294e437b17700be22da8bd3bf83","M:\\asobiba\\fold\\runs\\c231-v5b-byte-eval-9e4c4cd1513a4b3c97e598252f6300c5\\measurements.json":"c4bac00541cded4f937d879580cec12e7476319acd1fdccd6d62df955e5e4375","M:\\asobiba\\fold\\runs\\c231-v5b-byte-eval-9e4c4cd1513a4b3c97e598252f6300c5\\summary.json":"53f9c163beeeab1617eb8946e902cb29c2bbc4a94fb869d3325381160107b522","M:\\asobiba\\fold\\runs\\c231-v5b-byte-eval-9e4c4cd1513a4b3c97e598252f6300c5\\untrained-models.pt":"3964642731892977ddf24799465f82e963209dc74b070812a6165401dcc66590","M:\\asobiba\\fold\\runs\\c231-v5b-byte-eval-9e4c4cd1513a4b3c97e598252f6300c5\\validation-summary.json":"316435e0a31e0559a73368171df186336852990f16e4aa55b322e776ba281938","M:\\asobiba\\fold\\runs\\c232-v5b-bilingual-learning-67b366b0db07449185a18bd0bbe7b996\\dataset.json":"1a1b09c80c3877c662ee43bf91fb00b7a762d20a7b6b3f455f5ee208c7a79200","M:\\asobiba\\fold\\runs\\c232-v5b-bilingual-learning-67b366b0db07449185a18bd0bbe7b996\\learning-plan.json":"09f2a463981d49680ca66940698baf363731adda9fda8718c5b59fdc281b80c4","M:\\asobiba\\fold\\runs\\c232-v5b-bilingual-learning-67b366b0db07449185a18bd0bbe7b996\\measurements.json":"ca14020688c9993edde9d176d596c7ffc1704ddbf78ab55520abbc48f5351c04","M:\\asobiba\\fold\\runs\\c232-v5b-bilingual-learning-67b366b0db07449185a18bd0bbe7b996\\summary.json":"df75e3956a6bfaa37aaebdb12f3d189a10010576f0d9fa8709e5e399e1da75d2","M:\\asobiba\\fold\\runs\\c232-v5b-bilingual-learning-67b366b0db07449185a18bd0bbe7b996\\trained-models.pt":"c26e7bb71a9e9a882561165ef91e94b9c2ff257a0d39aa8166654c995e042a7b","M:\\asobiba\\fold\\runs\\c232-v5b-bilingual-learning-67b366b0db07449185a18bd0bbe7b996\\validation-summary.json":"d7084ad67ee1072aa1c985c5d62ae958ce7771994db18bd29530442486e04ded","M:\\asobiba\\fold\\tests_lm\\test_v05_c171_derived_result.py":"f6eab105f04b584d3daaecff8a252ea7e82156590261d728a51a06bffbee4523","M:\\asobiba\\fold\\tests_lm\\test_v05_c200_acquisition_channel_input.py":"796f4e835181e4c1526806548b9e3b5e8da3ceed0e4963a79ba100218421dcdc","M:\\asobiba\\fold\\tests_lm\\test_v05_c201_selected_fact_channel_route.py":"63fb0901bca6b5538afc4369cdf3a12a7fc53d5305758c289314ecfe1155b3a3","M:\\asobiba\\fold\\tests_lm\\test_v05_c202_three_channel_acquisition_dispatch.py":"575291e64925d7e7ac948fd7722bc6395bd1234b6b3f8cc496d5a1c61d2de590","M:\\asobiba\\fold\\tests_lm\\test_v05_c203_mixed_channel_multistep_replay.py":"4b0e30a0f1c87dc5d8646ab511447511b2f0c197db281db10f2d0d210faec36f","M:\\asobiba\\fold\\tests_lm\\test_v05_c204_live_v2_mixed_channel_loop.py":"4733d41786aee978cef3982ebc9d12e0b7ee6b7076b92dec8c73857f94e89c81","M:\\asobiba\\fold\\tests_lm\\test_v05_c205_phase0_batch_composition_attribution.py":"db05a98bf7232d61fc49b28d4fef0f70c674c571c725353019c73d324955fd72","M:\\asobiba\\fold\\tests_lm\\test_v05_c206_terminal_derived_result_integration.py":"765aefd0d7e644a56c9aaea7dc1b67a5272bc3658a7ccaedcefbb2b66d5be9c8","M:\\asobiba\\fold\\tests_lm\\test_v05_c207_nine_family_development_manifest.py":"58b295f0d6147d546e638a7972df4b825055a6c436bf5ac9ed1ef217ae53cf2d","M:\\asobiba\\fold\\tests_lm\\test_v05_c208_candidate_input_compatibility_preflight.py":"6ae7f023b160b01d5b09ac0669741d184cf82a3ec623681c2fa55986989a3857","M:\\asobiba\\fold\\tests_lm\\test_v05_c209_visible_only_candidate_projection.py":"d43526a3653c4a2ba83208611d6d04560d0097691e8695d1ccc53f898ffba0cb","M:\\asobiba\\fold\\tests_lm\\test_v05_c210_baseline_development_measurement.py":"9e15d128c56ad0d1145a9ec39ef01035389f5968995652a55cbd2a690d430672","M:\\asobiba\\fold\\tests_lm\\test_v05_c211_deciding_manifest_freeze.py":"ee1d775030338b348240c03b134d76504c66d578314556dc9dedd8aaf146e3df","M:\\asobiba\\fold\\tests_lm\\test_v05_c212_deciding_holdout_execution.py":"1aae5e29d334a3f80c681537dc9aedb336a2b15c2e21baf7957cf819afe0cbd7","M:\\asobiba\\fold\\tests_lm\\test_v05_c213_memory_operation_contract.py":"a3410537f58f300a7eddf5add22d329b10d2236c6e2d826fe9a20272c4387074","M:\\asobiba\\fold\\tests_lm\\test_v05_c214_memory_capsule_closure.py":"ffdccd24952b58844d657259c3819537849aa893febc777ee430e2675d4ad579","M:\\asobiba\\fold\\tests_lm\\test_v05_c215_h1_h2_chunk_commit.py":"4f9fc50db93eb843be8997298e544d1418b61e2eed460f422671d4bd070018b8","M:\\asobiba\\fold\\tests_lm\\test_v05_c216_learned_reader.py":"7333757dd049ca1d2e741b4a9a94afc7765c0f5fec47a78c978c53ca400cadd0","M:\\asobiba\\fold\\tests_lm\\test_v05_c217_learned_port_selector.py":"2af49b87be9569d3dc84d2c0ec36619160808322041a903c7d3c6a81b811e7d0","M:\\asobiba\\fold\\tests_lm\\test_v05_c218_learned_writer.py":"92df2fc2e0e943c791186d0da5ed23d38f10feb0317d1e435e44eeaee4b886e2","M:\\asobiba\\fold\\tests_lm\\test_v05_c219_learned_coverage.py":"371325ec5c364ac656a71461ea9b5652f51f5fd6c7863d34a4396abf1db90208","M:\\asobiba\\fold\\tests_lm\\test_v05_c220_frozen_learned_stack.py":"788da1feda8b5f37447c48e0d9141a61a033322154ddf46859263a050b034fb3","M:\\asobiba\\fold\\tests_lm\\test_v05_c221_live_coverage_dispatch.py":"efe80235781c9b07e5587932710f434e2167b96f8d62f2ab67b7f3903767b6da","M:\\asobiba\\fold\\tests_lm\\test_v05_c222_withdrawal_lifecycle.py":"1dc19493bf1d96382534bc6e4417cfda0064c3e15d18eff1536e87cd5a3f3932","M:\\asobiba\\fold\\tests_lm\\test_v05_c223_request_freshness.py":"329395c4a411a62ac6a43fba6b5a9d299cbe52bf69b2d6aa0ecfd0680650ba70","M:\\asobiba\\fold\\tests_lm\\test_v05_c224_history_cost_audit.py":"83bfdd3064d5ddadb042115131eee17a226a5ec20effd8ca2844a521db798b4b","M:\\asobiba\\fold\\tests_lm\\test_v05_c225_stateful_baseline.py":"9449d28776ed5cbaff702988b60e24cbbe606708c4d7dd7862cbd7e2dbdd06d6","M:\\asobiba\\fold\\tests_lm\\test_v05_c226_dimension_scaling.py":"1a739bbdfe6fca3603a7f843fa2d4c2c1cfe39a5221c77dabdbf430b431e1a85","M:\\asobiba\\fold\\tests_lm\\test_v05_c227_factor_reuse.py":"3021250a592c6d437a3c0f301740d65b3789aa0d8f57904a0f1b76db5e149bf5","M:\\asobiba\\fold\\tests_lm\\test_v05_c228_update_query_cost.py":"914cdd9cecda4fecdfef22bfaacbc891a71758a126af7011260db3f5b1bf3972","M:\\asobiba\\fold\\tests_lm\\test_v05_c229_cost_profile.py":"a7a1dcf447040ac30ec02ca50c78ff877369a5cf217cd153a9a35551c05863b3","M:\\asobiba\\fold\\tests_lm\\test_v05_c230_prepared_capsule.py":"1b95797a44da2d9593ddedfed0ff07bd0baf712c918e643dbde4b548051823d3","M:\\asobiba\\fold\\tests_lm\\test_v05_c231_byte_eval_contract.py":"215ea4f8b4a20c2248f0c07464f6d4826d582b0491fd154893827ea3f185b1d1","M:\\asobiba\\fold\\tests_lm\\test_v05_c232_bilingual_learning.py":"25e7fe84de9d359fd9ccb16173501db8a892e114bd784167593306f0b8edde63","M:\\asobiba\\fold\\tests_lm\\test_v05_c233_core_ablation.py":"44f285a369e556bc37241d6602a3c8e3c168d6f29e0d1a62c7f84c32733e8202","M:\\asobiba\\fold\\tools\\invoke_active.ps1":"57a0f1ffa3a9370b5261ec5bf1e9eb3d778dc84f19f35c51e21174f61735a95b","M:\\asobiba\\fold\\tools\\invoke_c200.ps1":"a0675df56086766dc979fd75a4d08dc5af1b6e33ea0dd8e0d97a9384f7bd2ec5","M:\\asobiba\\fold\\tools\\invoke_c201.ps1":"4259002937ebc81b778e28a95e65f9275219b0d47b656d925e4130ffffbeaa3c","M:\\asobiba\\fold\\tools\\invoke_c202.ps1":"c317ec0aab4ea773ecc037d1559d6a8989ceef49698259c8b46fe0b7dff85434","M:\\asobiba\\fold\\tools\\invoke_c203.ps1":"5d3f1a8fbd478a638774818d2c22841c804455bcd19e4840de77b5937d4841b0","M:\\asobiba\\fold\\tools\\invoke_c204.ps1":"2afd0a6aa121776fa300db26bf25f9a787354b85d863703a5ebfa366cb019648","M:\\asobiba\\fold\\tools\\invoke_c205.ps1":"af8436413c6d451e85056d2e562b021c5378bc0a7e732bb3b3df61cc573dfbd4","M:\\asobiba\\fold\\tools\\invoke_c206.ps1":"dedc573002a047b55e7d14fb9cf89eae09e83013e368a8c9ec32e1f13b1b3e95","M:\\asobiba\\fold\\tools\\invoke_c207.ps1":"84112f611a4aa9d4f359c0118c46132e4b28a95b3eb2fd679fdaaaa7f6af8b23","M:\\asobiba\\fold\\tools\\invoke_c208.ps1":"5c880255ee2a75e47fe20342bda7d932ed4167308bf8e4bf324986e92e0cdf03","M:\\asobiba\\fold\\tools\\invoke_c209.ps1":"c6a1f9ab85a5c0f42186f2bdf8c8012103edac5eccd6a6658b2eaafd79e9b03f","M:\\asobiba\\fold\\tools\\invoke_c210.ps1":"1e30d76a568c7fa4075bc3fb0e14c79469cb38621383f1a973cf7907f14c57d4","M:\\asobiba\\fold\\tools\\invoke_c211.ps1":"c68e2ddeda1a626d46c0f5834b6ce72918a39462cb586fef1f1221c86593d6a0","M:\\asobiba\\fold\\tools\\invoke_c212.ps1":"2c9cc86be1b2221cd71bacb28ed35a5c298941efa02e277a5a83576de25f0420","M:\\asobiba\\fold\\tools\\invoke_c213.ps1":"4d2e76ee530426d7eb476413cd26d27459027ef48a6ec6c96cebe2a1e29810cf","M:\\asobiba\\fold\\tools\\invoke_c214.ps1":"bc160d785c3b724c81d305fb8e42c19de348bc0231ebc2ce85b7e09c1f505d1a","M:\\asobiba\\fold\\tools\\invoke_c215.ps1":"f27f4ab064c2e08c6301a49d177abd0f7237dca0293e14fb7f93cedb4770f5e4","M:\\asobiba\\fold\\tools\\invoke_c216.ps1":"a596800a69b7a04bea5b4f051d36f1325379cce224a82afe67b61158d73657a7","M:\\asobiba\\fold\\tools\\invoke_c217.ps1":"38b311f0fbab14f9b2096cd835d4563cf4fe8f587367fd57affbc2977a4e82ec","M:\\asobiba\\fold\\tools\\invoke_c218.ps1":"36abb2ca9cb2e30adc9b661ada3a732efc39b3170168a9e8e4099f57da7c9975","M:\\asobiba\\fold\\tools\\invoke_c219.ps1":"ae85193c6b0188ce7d71c3396e1f7bc74fee6d803d792ba51d39623384cb7d3a","M:\\asobiba\\fold\\tools\\invoke_c220.ps1":"07ecf69c12f298c1bbbe796044e7d3df838e3299f9f0ca750f37bb40ad16830b","M:\\asobiba\\fold\\tools\\invoke_c221.ps1":"bacde5edd9f1e91a5270f52be33a53fa283d275862f6c589c8917d4fc7fc5dee","M:\\asobiba\\fold\\tools\\invoke_c222.ps1":"851c73d8adc19d589783e647584fa0a934b1fd195c98a5e503ee26c65f54e6ee","M:\\asobiba\\fold\\tools\\invoke_c223.ps1":"2c661c7eae240134db369082f632748ebf62dbd157089304e03cf01bd815534a","M:\\asobiba\\fold\\tools\\invoke_c224.ps1":"4d73ac238e84bf6d0139a367b42988865937ba3e60018bb2d0d893cdd30ef37b","M:\\asobiba\\fold\\tools\\invoke_c225.ps1":"f409617a5aaa6a21d4f46852caf9ac6e2f386230612fc420430faad0b8ce9fa3","M:\\asobiba\\fold\\tools\\invoke_c226.ps1":"6c7f693a22b4f70891ad3a90b984d03ec8146c099fdfc152870c9f0395d5c959","M:\\asobiba\\fold\\tools\\invoke_c227.ps1":"e6d16107ffcafa88957caa7429c2b36fff0353f9fdc0d04a33a1dc9801c3f828","M:\\asobiba\\fold\\tools\\invoke_c228.ps1":"2e07bce3125f15803136c0437df36261f7a5e49493962c8af8b616890e856b80","M:\\asobiba\\fold\\tools\\invoke_c229.ps1":"d5f1721a5a7dddb73609f7fd716c48b3613aed5fed0871a65aa9ed392916ce0f","M:\\asobiba\\fold\\tools\\invoke_c230.ps1":"affa8a2c7b324e4e23f933228d32935e7e62dc7730dcdc3dbfc229f5f054ac8e","M:\\asobiba\\fold\\tools\\invoke_c231.ps1":"33645d8dd5a7874ac5e458b0d7a47d934632ee40e9b11b82cae3b9e8133894c4","M:\\asobiba\\fold\\tools\\invoke_c232.ps1":"dce26f70e62ca08fc2af70a05e43bfcd90576210da99e8791558a00d9b5a1ce4","M:\\asobiba\\fold\\tools\\invoke_c233.ps1":"764c7edefb3e0a0dd4a6a76a3a3832763b4d00ca931f0e25cb2ff326b8efa900","M:\\asobiba\\fold\\tools\\run_c167.ps1":"8417740597cdf8bf4c89e658c918712f1699c8d8f6b6e35cd38fa49d0dccda41","M:\\asobiba\\fold\\tools\\run_c171.ps1":"797d7a750c2eacfe5bdc968301eb5d0bc027f94eef34ce85993c864cdcc64703","M:\\asobiba\\fold\\tools\\run_c200.ps1":"f43ab489bc9bcdea32a8af941646e104e83abc8f576fb1da89f25df585d4aba2","M:\\asobiba\\fold\\tools\\run_c201.ps1":"ad58b4d90b4eb0807c0bfbe25c45da7bbb75e62ff16fa3fd99c1c0c261a9bb57","M:\\asobiba\\fold\\tools\\run_c202.ps1":"d318c1e87f930e9e9c06eabb9be0a5d252a17c8e1073dac24897c5112e114781","M:\\asobiba\\fold\\tools\\run_c203.ps1":"a927866d5b92757912a4d90560d3793da24aad04d2da9e70e5b3417c3b76a3e7","M:\\asobiba\\fold\\tools\\run_c204.ps1":"05e47bb3b6c6d3acaca55e2ea251953e44485b7c0f9a5c344dd9f4d59b4cf42d","M:\\asobiba\\fold\\tools\\run_c205.ps1":"c963d9eb0b3d03eaa4d9175f561e313e846afcc43cafd396bbe94e65fa79bcd0","M:\\asobiba\\fold\\tools\\run_c206.ps1":"03901efa4a03b3018d352447919dd4e1fcf9baa6fd9d9077b8fdb690e9432930","M:\\asobiba\\fold\\tools\\run_c207.ps1":"7c73add3270615af33d3ab062175b460e4689926f118f75442da845e272fa314","M:\\asobiba\\fold\\tools\\run_c208.ps1":"2471b0eb259c84e6e897bd7bd3dd7636d1f7c77610450af9a02690e4205e1d22","M:\\asobiba\\fold\\tools\\run_c209.ps1":"e4c35229655ac2f7f5cb29b88e426ddd3f1f88fdfc484c9e514d99a2f7ca4e68","M:\\asobiba\\fold\\tools\\run_c210.ps1":"7994480ba9a2d9657512d280781c4d129de3498288ff10f06796af96b7503f98","M:\\asobiba\\fold\\tools\\run_c211.ps1":"f3c4c4b224efb1a0ea068fc834305f73ca95046f1a7c9c339c2b2d0c03f028c7","M:\\asobiba\\fold\\tools\\run_c212.ps1":"e04c6152cda2a0236d66ea148fe872ecbc156617fc45d20621cb02f8a2d15817","M:\\asobiba\\fold\\tools\\run_c213.ps1":"3ea50213c5182186b646f85831d7f6ea0a90674f27c39749f45e0babfab76a96","M:\\asobiba\\fold\\tools\\run_c214.ps1":"ea89d5314e8a6266cad6c1baaa66304e47bd95003792615bd7ec72deb6a114a6","M:\\asobiba\\fold\\tools\\run_c215.ps1":"1d985611cd02fbc8d0306f5d5a90481bdf647451e65fa6174599fa4d5ecee3cc","M:\\asobiba\\fold\\tools\\run_c216.ps1":"20221d1854844250cc146fb337feb4f0a0ab8a63ce13a5e6599d7c334fc7aa08","M:\\asobiba\\fold\\tools\\run_c217.ps1":"3aeda5c7e8c402103fc7832d5d4521a70703a2914db2ff7007d156c583615420","M:\\asobiba\\fold\\tools\\run_c218.ps1":"32209e2647bd3f09a1bacd8f2ddb01f986365535d50e3f16041925825008bee0","M:\\asobiba\\fold\\tools\\run_c219.ps1":"8bc17e89ec02a41bd417512b03cec23099153c0e0ce82eb5f1b75ddb9207a457","M:\\asobiba\\fold\\tools\\run_c220.ps1":"1cbde4aae3b329ca5de6339b3b5f073b1679bea3e6b9ef20b258806cc6110ab7","M:\\asobiba\\fold\\tools\\run_c221.ps1":"62b8cbfff31e970fba11557fdb39012342a34c4aa195a09aff070c49ac99f056","M:\\asobiba\\fold\\tools\\run_c222.ps1":"1a842d8cf7080ec3fecbc40274f040dbd2fdbd4a1f51cbf17004b4d45395e38a","M:\\asobiba\\fold\\tools\\run_c223.ps1":"cacc2588d52305b9f3363b7b239d6a6ee666dd87cbd4a6bfbf9adb844d5f1e90","M:\\asobiba\\fold\\tools\\run_c224.ps1":"6f388d25a37748c9ea6bb8a336275d1880b485d1812b78c95086148012ac32e2","M:\\asobiba\\fold\\tools\\run_c225.ps1":"0fb139b07ba001a017fc0843718539a19db87f6a512d1910ea241a096410f426","M:\\asobiba\\fold\\tools\\run_c226.ps1":"ea219ef27f6541781b09df0d78c5929c490b5d4e57a05d535396db7f65b488ff","M:\\asobiba\\fold\\tools\\run_c227.ps1":"157e9dd88696d5414a3a5586e5136e636cecbdbe9fd58d4f65aa35ccce2cffc9","M:\\asobiba\\fold\\tools\\run_c228.ps1":"dba7209ec0750aa42d1bc002a2e9c65c35d3b7e27d08721d30e6442d66f62252","M:\\asobiba\\fold\\tools\\run_c229.ps1":"00efeb9ceaeab349b543be20705c9aa076a5468a2afcdcd2ab2674be1b3b4c75","M:\\asobiba\\fold\\tools\\run_c230.ps1":"7ffff75b91ff6752740f09ab6ee41c108003111fade772e264d141c35aed1d7e","M:\\asobiba\\fold\\tools\\run_c231.ps1":"66bdcc0bf9cb171993080e4088eb8101a2d7ed5ef4fe4d0c51a6783cdb1efa2d","M:\\asobiba\\fold\\tools\\run_c232.ps1":"d4d46de68b1d7c146849ff4adbf6aac8e17fe162ddc85939831f0db29816fa32","M:\\asobiba\\fold\\tools\\run_c233.ps1":"34f0c6052b098eea30ae48be0a8e4b8c93d66a37c9d66aba2b0e2639ae1c099d"},"limitations":["same-backbone ablation, not matched parameters or compute","13488 full versus10160 baseline parameters; capacity and recurrence not separated","same observed C232 split reused; no independent confirmation or general semantics","baseline unqualified means inconclusive, not evidence for the full core","no public benchmark, learned-memory integration, speed claim or Gate F completion"],"network_calls":0,"source_blobs":{"docs/baseline-development-measurement-v0.1.md":"734a57a9f05c2668b2c28e5a162e408c600684eb","docs/candidate-input-compatibility-preflight-v0.1.md":"971c4f6a9900c4e21bd08718430a899e71e9b402","docs/experiment-ledger-addendum-c171-preregistration.md":"e5045736c2fae0910cbc6398ce7b8217345afa7e","docs/experiment-ledger-addendum-c200-preregistration.md":"652d73d3df2cef46a2fadfd3573861aeba3e155c","docs/experiment-ledger-addendum-c201-preregistration.md":"52e2174f4a31aa25c32d2a8459506b17ad340f04","docs/experiment-ledger-addendum-c202-preregistration.md":"a6cff437627d961f5713709a9bd2f5df103a4392","docs/experiment-ledger-addendum-c203-preregistration.md":"c02f53692572e6fa24e22822cd1142a2faa8f53f","docs/experiment-ledger-addendum-c204-preregistration.md":"f54601f53f044387329c90c2b0d7f9a58a6d8b85","docs/experiment-ledger-addendum-c205-preregistration.md":"55d264925b4f1acb3fafb570fcce65d9f1bd23e3","docs/experiment-ledger-addendum-c206-preregistration.md":"44e911987ad8209fd616200eb8bae850c90ae313","docs/experiment-ledger-addendum-c207-preregistration.md":"eb32f48518fa4a2c469c66ed61172c1ef8a8f936","docs/experiment-ledger-addendum-c208-preregistration.md":"bcb6c0b0a7a521e0ce9ff1aa2f62fdd9e8ed237c","docs/experiment-ledger-addendum-c209-preregistration.md":"190ae2d180879a7ecdd5b3e1c0c74261b5d31cf4","docs/experiment-ledger-addendum-c210-preregistration.md":"6d1547b8f0e8e66377bed6a17e3a2b5fd8a78a6d","docs/experiment-ledger-addendum-c211-preregistration.md":"858f691f8303f478ffc6bfb81ac4a0982792ecce","docs/experiment-ledger-addendum-c212-preregistration.md":"f8ffd285a3e4749bafc4664808f1072d94064066","docs/experiment-ledger-addendum-c213-preregistration.md":"23f24e86172e51ed4991d0a21be5616b4295d08e","docs/experiment-ledger-addendum-c214-preregistration.md":"8609c5d41fe3b5405e626624dca3a5b7759dfcea","docs/experiment-ledger-addendum-c215-preregistration.md":"acac447b84444464ec6106aece6b084831f95d3f","docs/experiment-ledger-addendum-c216-preregistration.md":"ec31072c60e5dcd4c8a526deaf2ac3b909f852d1","docs/experiment-ledger-addendum-c217-preregistration.md":"e2be3321eddb2da92808a70040af3e129572482f","docs/experiment-ledger-addendum-c218-preregistration.md":"434696b4ff6f2ce976c821d56506757cb774a950","docs/experiment-ledger-addendum-c219-preregistration.md":"44868d8c5e2433049ada63c6d1729492b12e75cf","docs/experiment-ledger-addendum-c220-preregistration.md":"039e2dac5c82c3f00defefb034e78d0f99625844","docs/experiment-ledger-addendum-c221-preregistration.md":"6362cd3a1806444536085d06505f32020a2ff92f","docs/experiment-ledger-addendum-c222-preregistration.md":"4f3f3b76c3dc46d3a8cc22a0c2621829f3c66608","docs/experiment-ledger-addendum-c223-preregistration.md":"bd095c8766764635cf4fb14a48384de9bbb1e62d","docs/experiment-ledger-addendum-c224-preregistration.md":"68d5242e4d91fb8b833368a83ce23bd18348f210","docs/experiment-ledger-addendum-c225-preregistration.md":"9c2b8494e031e58d9def8cecb77467fc1a9ac6ec","docs/experiment-ledger-addendum-c226-preregistration.md":"ee0a6379ea0f2ecafca0247c049701b1aab7cae2","docs/experiment-ledger-addendum-c227-preregistration.md":"42e226c810f16c26a1ad67adc11dd755c9edc95d","docs/experiment-ledger-addendum-c228-preregistration.md":"f410214d3ae17745cdf197e79f5d454f60c9fd2f","docs/experiment-ledger-addendum-c229-preregistration.md":"fa900763a45ea7790fc2c7f1dd78ce95c48675d2","docs/experiment-ledger-addendum-c230-preregistration.md":"fbf42ce1d6d4adba4e16e9198356d9cb802e0a52","docs/experiment-ledger-addendum-c231-preregistration.md":"aaf4c07fcb3c7e8a599327c29e19817ad02fd9dd","docs/experiment-ledger-addendum-c232-preregistration.md":"f2860913dc131c14bb82827fde2f5675c89f9883","docs/experiment-ledger-addendum-c233-preregistration.md":"b90b85a56fa53b7bdc3301d644bf7aa28ba22e70","docs/gate-e-deciding-holdout-execution-v0.1.md":"3b65297e384280fb66d809d8dd99122d17f7a94c","docs/gate-e-deciding-manifest-v0.1.md":"cc44462f77ef6f45f12ae4205d0f8b9416d7d473","docs/live-v2-mixed-channel-loop-v0.1.md":"7cf06e3cba985fd2cc9dc35b180bd14f89dd4c8e","docs/mixed-channel-multistep-replay-v0.1.md":"02c82462b9aa5cc2548a077fe6ab54ec50b58e2a","docs/nine-family-development-manifest-v0.1.md":"8b71cae0c8834dcce3cd14f0ee3154136dca3ee7","docs/phase0-batch-composition-attribution-v0.1.md":"e9379b7d63c27fddb3a6a1bb1b9e52c5928ed99f","docs/structured-action-channel-v0.1.md":"05f1966ca828202b797e95ba995b268e8df8cdf5","docs/structured-derived-result-v0.1.md":"a1e8bb4860c715ef949a16ddbaafc19cb7c22fb0","docs/structured-task-interface-v0.2.md":"5b3e9562c1cb87d4d4952f8541ea29f4592d5c63","docs/terminal-derived-result-integration-v0.1.md":"6ce49a2b79c6875c8ae67244dd7af692dab465e1","docs/three-channel-acquisition-dispatch-v0.1.md":"6942ce066ddad44121f5b3409ddae2371b84f163","docs/v5b-backbone-matched-core-ablation-v0.1.md":"aa57824839cabe4a66f09cda217df4fd2fd4be7a","docs/v5b-byte-evaluation-contract-v0.1.md":"f62803c41c5182a7e6ea7802907c7bb23bf87a95","docs/v5b-grouped-bilingual-learning-v0.1.md":"f1201a211effb0e880b7ede990a17b7dc9d826e7","docs/v5f-bias-update-query-amortization-v0.1.md":"a8084799de07a5a5e5af76a31c5d252c9d1d9d71","docs/v5f-checked-factor-reuse-v0.1.md":"ec2629eb941886f2d1b4aa8611b695e5d83c07b6","docs/v5f-checked-reduced-preparation-v0.1.md":"5c7825a14bc8ccaf75a06549fad33d628051658e","docs/v5f-fixed-port-dimension-scaling-v0.1.md":"11cd5ce75c558e7a45f5c032c88594882eeb23f1","docs/v5f-frozen-learned-stack-integration-v0.1.md":"4163f91a6b69ce59684e905d628f70127924e964","docs/v5f-h1-h2-chunk-commit-v0.1.md":"13f42a0547731b54815b0184c8c3bb4de9a4c5b7","docs/v5f-history-cost-audit-v0.1.md":"0dd5b392daba17c77ff0ec269766559e02c0bd68","docs/v5f-learned-coverage-pilot-v0.1.md":"ae98c5aa463f48c9fab72b87c2e53b6c4dd78ff7","docs/v5f-learned-port-selector-pilot-v0.1.md":"9a60a632d83c698ee1ac432f32d4dbdc4441858c","docs/v5f-learned-reader-pilot-v0.1.md":"00638e9102162c9b1b5325e16679c55afe411060","docs/v5f-learned-writer-pilot-v0.1.md":"890445a6c794ebbddb2fc3d4873349a5a47fec41","docs/v5f-live-coverage-dispatch-v0.1.md":"3bf5f42f72142b9ed56ee541d41f33a3f24f2ab7","docs/v5f-memory-capsule-closure-v0.1.md":"de824d8edb831490100ea92db3d6911e605633b3","docs/v5f-memory-operation-contract-v0.1.md":"74310ca404dceb65d680d82af6be8e71b41e67b4","docs/v5f-retained-request-freshness-v0.1.md":"2ab93d3a7eb4ed53d3949ef11dbf91f803bd49fc","docs/v5f-stateful-baseline-attribution-v0.1.md":"553c62ac3135055512490fec7627dea96102e4e2","docs/v5f-update-query-function-profile-v0.1.md":"1b55c6ae34df9a381c45d3036abca9011c093907","docs/v5f-withdrawal-hypothesis-lifecycle-v0.1.md":"38593ba7231e413ec1c96a8000c3838e92d59e74","docs/visible-only-candidate-projection-v0.1.md":"ebf11e69e5a5c1d4dbbac96a7f3419f0ffd5058b","fold_lm/__init__.py":"8977a876cd0e934ec6113d5d323e4809fd4ea1cc","fold_lm/capsule.py":"7f1090fe95b2e3eab3967d00c6730165e34fadfb","fold_lm/data.py":"2b0c9635bc67be9a6928d0ccf65e2751719dd2f0","fold_lm/v05/__init__.py":"a5306fe80fd99b46a2efcce0352d29f0030e0f98","fold_lm/v05/candidate_input_projection.py":"346f7edab02ef1bc24db2934a1f0c6488ab5567c","fold_lm/v05/language_task.py":"587162ffc35e1d854fa8d8577740a1e034537de2","fold_lm/v05/memory_bank.py":"47ff011b8b8a9d29e080395e5b36ced08f150ab0","fold_lm/v05/memory_bridge.py":"c6a18378a451569f2f9597566204b251fbbd1083","fold_lm/v05/memory_capsule_bridge.py":"a22cd514573b473ef4f756eb3d2bed12f21f49c9","fold_lm/v05/memory_coverage.py":"971a17b26e1d016c327e26a09cb99d99d5af3077","fold_lm/v05/memory_dispatch.py":"da7efd7cf6c1c9a748ed35953df1a26a6e4c30fe","fold_lm/v05/memory_port_selector.py":"440d4c79b07c7b008db86155a50a375a44f32957","fold_lm/v05/memory_reader.py":"bca6b50ae47bc98f823a0dcc0e1a4928d1ead796","fold_lm/v05/memory_request_lease.py":"67a2d87120a3aa155a11a9e54e60007b32dd6d4c","fold_lm/v05/memory_stack.py":"535c8cce20b8d4ddff416ff61426a4ff4f95900c","fold_lm/v05/memory_writer.py":"b08f922a1f907f73856015c9cd5f2aab354bda35","fold_lm/v05/modules.py":"3413c2de62e83dbf4a98af044a5ac2b242c99f87","fold_lm/v05/prepared_capsule.py":"f0e8d5338ea974a52ee77d3354fc6abd4993dfa0","fold_lm/v05/state.py":"aa3f4938f6b5d403d8ee05c4220f686695cef3f0","fold_lm/v05/structured_acquisition_lifecycle.py":"e7fa5cbddbb650ab43b3b69683082a6edc0ac4da","fold_lm/v05/structured_action_channel.py":"18f85a768456940783ffbfa1c2cb574519d998ab","fold_lm/v05/structured_action_runtime.py":"672a79ea1c6e6467b1a5f1a474c843ce23fd1b04","fold_lm/v05/structured_derived_result.py":"56709025b02cff2dba6d7c907051a553ca5908ec","fold_lm/v05/structured_task_input.py":"b874b6abf17fb938a5cc873ff2090c6493f00010","fold_lm/v05/structured_task_input_v2.py":"504f888e57e43ef3165cadc36b0ae723c068f112","fold_lm/v05_benchmarks/gate_e_c171_derived_result.py":"ff84a03ac6ce96579e84acb2fd2f867c5be33e3e","fold_lm/v05_benchmarks/gate_e_c175_frozen_prediction_audit.py":"efd1bb246442fb4f472e33e450c16b192acfa18a","fold_lm/v05_benchmarks/gate_e_c178_visible_leaf_binding.py":"2ec87851f1f75533dd2225243d0c1baeda9c9a2a","fold_lm/v05_benchmarks/gate_e_c179_shared_graph.py":"504c79b6a881c64dba2494ef6ad35bffd9099f5a","fold_lm/v05_benchmarks/gate_e_c182_frozen_fact_renaming.py":"a5fb10af6238d425f82b093a0c3676d247b1f0e3","fold_lm/v05_benchmarks/gate_e_c185_single_missing_acquisition.py":"15f7cfec66d8bf9f27cbd25e169893f62ceaa7dc","fold_lm/v05_benchmarks/gate_e_c188_multimissing_target_selection.py":"0819bc70377a949fe1c17a66be559336bbda96e1","fold_lm/v05_benchmarks/gate_e_c189_live_multimissing_target.py":"b34b40d84ab6597cc1cd26e47f64d58254d3304f","fold_lm/v05_benchmarks/gate_e_c190_iterative_multimissing_acquisition.py":"aab7c2fee08327d5c4f3ff4e3e76eb592f3fdfef","fold_lm/v05_benchmarks/gate_e_c200_acquisition_channel_input.py":"bf43ead7a7a80bb70f1e10be4f1d2af67c68f3dd","fold_lm/v05_benchmarks/gate_e_c201_selected_fact_channel_route.py":"6b7029433e8dde0db0b43ff0f844d25f7405cb46","fold_lm/v05_benchmarks/gate_e_c202_three_channel_acquisition_dispatch.py":"4a64e5ddc788165ccb4980710e6fff4678e0ae21","fold_lm/v05_benchmarks/gate_e_c203_mixed_channel_multistep_replay.py":"5cb7560d5a70370f3d133e9a43d31d8cda88e6c6","fold_lm/v05_benchmarks/gate_e_c204_live_v2_mixed_channel_loop.py":"929ee89f93db385202ea477e12abf63c3d387c30","fold_lm/v05_benchmarks/gate_e_c205_phase0_batch_composition_attribution.py":"56642fdd3ded16570a31cc79e78bce9f2151d06c","fold_lm/v05_benchmarks/gate_e_c206_terminal_derived_result_integration.py":"ac52859a087c9d9e98a3e7e6116da288a7f2e398","fold_lm/v05_benchmarks/gate_e_c207_nine_family_development_manifest.py":"d824f1203f6098147a993a8fffb36b29f7654cc9","fold_lm/v05_benchmarks/gate_e_c208_candidate_input_compatibility_preflight.py":"4aa2f11687f76e8e7ed6228441412e4f4f161cd6","fold_lm/v05_benchmarks/gate_e_c209_visible_only_candidate_projection.py":"d207f97046b7e36cdc27f1fbf99d7bb8c14091f0","fold_lm/v05_benchmarks/gate_e_c210_baseline_development_measurement.py":"309e1a54a00ef828cea29f705e69d9a56df899d9","fold_lm/v05_benchmarks/gate_e_c211_deciding_manifest_freeze.py":"9ca2ac3f9bf1fb697a25a4a052de473f43184e73","fold_lm/v05_benchmarks/gate_e_c212_deciding_holdout_execution.py":"b9afd4fa6794ad7d3ddf7a7f7861d461b7c185c5","fold_lm/v05_benchmarks/gate_f_c213_memory_operation_contract.py":"42c7aad0bcd00f525350a67cf7a8cd478bf69c1a","fold_lm/v05_benchmarks/gate_f_c214_memory_capsule_closure.py":"43dc49bc1ccbb8212d8201c9d3780871dda5f50d","fold_lm/v05_benchmarks/gate_f_c215_h1_h2_chunk_commit.py":"5aa485f8ac38f67327232ad69d793d36439f0113","fold_lm/v05_benchmarks/gate_f_c216_learned_reader.py":"fdc2cb06e1da5a5b7509097a9556c62c5465d45c","fold_lm/v05_benchmarks/gate_f_c217_learned_port_selector.py":"0a36607f97ae36b3e25987d12ca6bc06a25e7bd8","fold_lm/v05_benchmarks/gate_f_c218_learned_writer.py":"1d0bf23a6a10871b82737f5c5bca29e1d71e8973","fold_lm/v05_benchmarks/gate_f_c219_learned_coverage.py":"bd5139d34c5dbdd2922cf95152c30e444638b373","fold_lm/v05_benchmarks/gate_f_c220_frozen_learned_stack.py":"f3d0807eb76a51a1b227dcafa04c79e9045948f4","fold_lm/v05_benchmarks/gate_f_c221_live_coverage_dispatch.py":"0041f407622159b6ef26f232a2ed3183346c52b4","fold_lm/v05_benchmarks/gate_f_c222_withdrawal_lifecycle.py":"e8956469df17dc922c7ef26e57a83f999766e21d","fold_lm/v05_benchmarks/gate_f_c223_request_freshness.py":"ef6ad21dacaea0da41030c012c30094eace8c2e3","fold_lm/v05_benchmarks/gate_f_c224_history_cost_audit.py":"eda1608db14bad7283c0ad593e0c490caf1c4f15","fold_lm/v05_benchmarks/gate_f_c225_stateful_baseline.py":"02c0c82ba00207c5b9a3ffd27f80bbfbfa79f4de","fold_lm/v05_benchmarks/gate_f_c226_dimension_scaling.py":"82b3c44cc8ae6c36321860453410badc3e139024","fold_lm/v05_benchmarks/gate_f_c227_factor_reuse.py":"98fcbbc84590e07d4c544440fe859c7450c83b2a","fold_lm/v05_benchmarks/gate_f_c228_update_query_cost.py":"dffc4778412bcec7e0adff63b78027f93b00a584","fold_lm/v05_benchmarks/gate_f_c229_cost_profile.py":"234f644d66bdc56636796f48a3f812b1cbe99f24","fold_lm/v05_benchmarks/gate_f_c230_prepared_capsule.py":"fe5d0dfb1e4d145b5d589a13ccb55effde28efab","fold_lm/v05_benchmarks/model_c231_byte_eval_contract.py":"ada77c1e5b515cfcdf4da4ff0edaf9c413488645","fold_lm/v05_benchmarks/model_c232_bilingual_learning.py":"644f7cd3b1d89454f33be1431616a655f8d215db","fold_lm/v05_benchmarks/model_c233_core_ablation.py":"6c8fce83822de367b8e5493d33a0b96fec2c63b2","tests_lm/test_v05_c171_derived_result.py":"1ef6305f53ac3c40871405f8ea9485e3e0c87cff","tests_lm/test_v05_c200_acquisition_channel_input.py":"c139ad665d4d65fc87612d67ecd825d6f0e6b016","tests_lm/test_v05_c201_selected_fact_channel_route.py":"ebe33c63503dfb4c7a3fed5b6bd4e85f2acc7286","tests_lm/test_v05_c202_three_channel_acquisition_dispatch.py":"2c3a3aec26b7f958eda7f6c72176ba54069faaae","tests_lm/test_v05_c203_mixed_channel_multistep_replay.py":"177356c68da3fc8d88bc40397762ca9bf5e5b4dd","tests_lm/test_v05_c204_live_v2_mixed_channel_loop.py":"e6af66893ea54034787ab4cb07c2d80837e3dc13","tests_lm/test_v05_c205_phase0_batch_composition_attribution.py":"9301bf68d7433535d5521cca8fadf6643b7ca6d8","tests_lm/test_v05_c206_terminal_derived_result_integration.py":"a851e1e76f7b192e988795658bcee3bcb8021e4d","tests_lm/test_v05_c207_nine_family_development_manifest.py":"ef9106b69ac61cd02319670aac03db350df98337","tests_lm/test_v05_c208_candidate_input_compatibility_preflight.py":"6a8989bebe34f28d5e03b5d86adaa195fabad4db","tests_lm/test_v05_c209_visible_only_candidate_projection.py":"8b250ffd4219af1eaac39ca2a6e0c3940300b70d","tests_lm/test_v05_c210_baseline_development_measurement.py":"5b88db44bb17d256aeebbbb72b877bc5d572662b","tests_lm/test_v05_c211_deciding_manifest_freeze.py":"93208cc667790ae50a40d70747158f49fb51187c","tests_lm/test_v05_c212_deciding_holdout_execution.py":"1272cefa0b4953564a240bcb329cddcb3b7e0f57","tests_lm/test_v05_c213_memory_operation_contract.py":"6a254ec5f323f59440176b04ff1fdc3b618835f3","tests_lm/test_v05_c214_memory_capsule_closure.py":"a6da89f9b8402e08b6a38ffef2414548541c8858","tests_lm/test_v05_c215_h1_h2_chunk_commit.py":"d8ae3dea9fa53f8702bed62021c87e60375959ee","tests_lm/test_v05_c216_learned_reader.py":"9776cea5594fb7d45d43369db6e35548e03d9628","tests_lm/test_v05_c217_learned_port_selector.py":"348b496bc721350512d24fd22f8a885ade2113c0","tests_lm/test_v05_c218_learned_writer.py":"a1136293856417b6349a1105933f73541f15c46a","tests_lm/test_v05_c219_learned_coverage.py":"8a39001675b443b28da280c85179a0639fd0c07a","tests_lm/test_v05_c220_frozen_learned_stack.py":"5f8da5f7631191f66165f1a35a7e3e8abf619c77","tests_lm/test_v05_c221_live_coverage_dispatch.py":"5bdea9b2dde65096a65be220da4782ad516d3c76","tests_lm/test_v05_c222_withdrawal_lifecycle.py":"5936e58d1f7dfdcedde98fe1da7ddf0981b75407","tests_lm/test_v05_c223_request_freshness.py":"bae18eaad8dd7b8c3ccecb04e935444224fb7c7f","tests_lm/test_v05_c224_history_cost_audit.py":"48672deaf1ed734ef77e0f902cb0f96185958509","tests_lm/test_v05_c225_stateful_baseline.py":"2ab366f351d421a2f4baa9777b5151351eeec6de","tests_lm/test_v05_c226_dimension_scaling.py":"33f8139fb02503bd273e0c3b8f20495fe336f4db","tests_lm/test_v05_c227_factor_reuse.py":"b3796ffe5c98f6293dd1251ca2ddfdacc1d0172e","tests_lm/test_v05_c228_update_query_cost.py":"0a9bf9c10bccb77c89e9358b68cb1bb1bfec2737","tests_lm/test_v05_c229_cost_profile.py":"dbc1a0062f30f101f49999fce4afd9c35c1d15e7","tests_lm/test_v05_c230_prepared_capsule.py":"ecd824a60c9b8b3c1363328d75c909e13a0bda0c","tests_lm/test_v05_c231_byte_eval_contract.py":"d12325f1bd384a2734096bb9f3f34bce011d1d6a","tests_lm/test_v05_c232_bilingual_learning.py":"cb72903208ed62c485654491ec9a051e4fe3a244","tests_lm/test_v05_c233_core_ablation.py":"845dd7bc0be4c5898c45af38861a9e213b8037d9","tools/invoke_active.ps1":"86b5606a5b212b12f416abedac0923da634f88e3","tools/invoke_c200.ps1":"b7c229f30f5c7ff05c8adfa41ac634029735c923","tools/invoke_c201.ps1":"2da127d54cf30f6b77696f6b8f8aa2568f6b72c1","tools/invoke_c202.ps1":"9dffb325582c3dfadeaa95cc2c81f5e4f87aceba","tools/invoke_c203.ps1":"0d92dbb3e6a0a6b5375a82c06ab2de6e8a30c7e1","tools/invoke_c204.ps1":"b3ffeb04ebee921c3f2f7379df7dfb8abd032f1b","tools/invoke_c205.ps1":"00f5f49a0f18f8bf70e4c7db6f862c1d89bff305","tools/invoke_c206.ps1":"7db56a4f223f634a7aa49b6ac8e555f4b4d7e5c7","tools/invoke_c207.ps1":"8c76c824318365de167771fe74db12a42b37bd05","tools/invoke_c208.ps1":"393bd13a8a89f485212c02f4381c00d7ded5ef86","tools/invoke_c209.ps1":"83b06fab9e3e7118cca02e696dd66612fde79040","tools/invoke_c210.ps1":"2a9cbd9abe74b52ea11e570a3b0a181fe1659fe4","tools/invoke_c211.ps1":"37e258a232bbe7fe77f89113fa9317696eb9d84e","tools/invoke_c212.ps1":"16568563f05cf9d5ac05b59792627185190999d4","tools/invoke_c213.ps1":"cbcc150db7d19a3c5975adfa6b666e6b13979d00","tools/invoke_c214.ps1":"5d5a4f5531869ac5386ef8e0ce0bdcbb935c3375","tools/invoke_c215.ps1":"e8f78c6b1abc0d6ec54077cf48a3f52867e8d600","tools/invoke_c216.ps1":"d5e74b241baf6ce7f371267f565160e34f13469e","tools/invoke_c217.ps1":"65c080eb13bd26ea9c8bfbdf19b79ba6ffe1746d","tools/invoke_c218.ps1":"bed590cfd2b1ee450baa70b38b762a87d98e7294","tools/invoke_c219.ps1":"1b61bafa63d62d31003f05e997f230ef562fd66f","tools/invoke_c220.ps1":"9f36f4dd254bba066dcdc16c202345f19b20b9ae","tools/invoke_c221.ps1":"03e420c395d14c9e66fc65110df45a14f1cbe7d3","tools/invoke_c222.ps1":"e5326abf1e163f4d6159f9a498662c065be03158","tools/invoke_c223.ps1":"8c809480445b9ecd69b5ce9ef6cb6d103be32610","tools/invoke_c224.ps1":"c60f2a54d8be82e62eba35063b93c3a2cdeeb7ab","tools/invoke_c225.ps1":"1f874faeecb4e33104deda5f8542e16c65508583","tools/invoke_c226.ps1":"c8a4a1fd88d4be0700b5a86a7b7c3abb8b0e5875","tools/invoke_c227.ps1":"f9b1a670012ae4a2ceb576072ae3f3f20ef1a1e3","tools/invoke_c228.ps1":"3bf14d5436b16b6a31b2c99c4fa3a7896953428e","tools/invoke_c229.ps1":"ef170c496661b197e6b4b8ec0d2959f1c8cf114d","tools/invoke_c230.ps1":"b1885a07c28ba6036d2f5e1bf9c75e9685b1b432","tools/invoke_c231.ps1":"d77df6074cb704a85ab40f6cd82123cc368448fa","tools/invoke_c232.ps1":"b315131db009489ff762dbda244f6a4c09813b21","tools/invoke_c233.ps1":"5dd7ad311ef43cd50800531031046dd3bf251c14","tools/run_c167.ps1":"7c5d6e9838d4ce7bd2bfec0e43458eb749fd1789","tools/run_c171.ps1":"d7b32c5969347f7d41c1a15d515ae82c0ee255fe","tools/run_c200.ps1":"c592d9d685a7fdb8bf2560b0658e97e3614f7803","tools/run_c201.ps1":"f4ffa2dfe60f9388f96d8d7e3d8a747703d59d31","tools/run_c202.ps1":"e70b83d683c41ef6c4cf7b997997af93a70f1e92","tools/run_c203.ps1":"a3083e05f4e8d191c4ecb0d2132aa3ded07455e9","tools/run_c204.ps1":"57a191f79ddd62c972cf7cf146b76af8c1810171","tools/run_c205.ps1":"3567646ebb65c99709fce5973995ae01261ea4e4","tools/run_c206.ps1":"19994f0117bf10c37a8a72910446129edef332a1","tools/run_c207.ps1":"1fd67819f6d43cc2bcae993acdce6c300989270c","tools/run_c208.ps1":"3e2a1c01b8d6a12d48d72dd7f8acfbfbe16a25aa","tools/run_c209.ps1":"d7bfad68c05b9b4f7c30145fedf9d73cd1483eef","tools/run_c210.ps1":"ca68ab45c64056d44307ed07363cefbf6f20cedf","tools/run_c211.ps1":"0faddc0532a1b5f963af0e1955372051a0624fc6","tools/run_c212.ps1":"d670b2a29dc63b35560d1426de707e75b55ceef4","tools/run_c213.ps1":"9e553a637ebc89895999548ff229c9f023ee2f95","tools/run_c214.ps1":"38da9e2467ed2f91d28a7473f0ba9b465c5087f2","tools/run_c215.ps1":"3d0ba9b38925ef6b047efd1964e8b24641c0df22","tools/run_c216.ps1":"b7863f77fc228d7ee3bb592f8a454ba2246cf3c7","tools/run_c217.ps1":"f30087b8997a1e0e22a71d8feae294fb61f397db","tools/run_c218.ps1":"216c2a47a5c664b4c65b5e259ff4aa54df0c3126","tools/run_c219.ps1":"be010ca31909b089e08035ffe10070a253146a9f","tools/run_c220.ps1":"5290d4d973f815e868c0475f42c0520bd41a21d9","tools/run_c221.ps1":"33eff61d19bd42978a56ed51aa09d88b0e7af230","tools/run_c222.ps1":"7dfb5257eabb5f0dd0151f378b86b930cf31ad71","tools/run_c223.ps1":"bd48777f2af3a7108b4cdeaf611ba192ce068312","tools/run_c224.ps1":"32b2546292f3379c34714da347baf488544e6967","tools/run_c225.ps1":"fc1ffdcd62e0d526bd84ffc279dca2b838937f5e","tools/run_c226.ps1":"0e86e6460a11abc6764265a1b7b89e92adaaae38","tools/run_c227.ps1":"96c726decbe99e2ee9490c53096f0c089efe6c9a","tools/run_c228.ps1":"2e5ddbece39b08fe92404777c0642136a1b58d78","tools/run_c229.ps1":"1ec615bde643b7633e3b4e71b48c69e0da821609","tools/run_c230.ps1":"314f15cba80da0178bbb6e6593b18124c7e1e873","tools/run_c231.ps1":"bccf9a96fda3ea9e58a7e1e7edd6d4db51b9ff21","tools/run_c232.ps1":"8dc24a77e78236cd79325a1417fd1f8baefd3767","tools/run_c233.ps1":"39203be26a07e2b7262e8ee081bc75723e4ddc33"},"stage":"V5-B-BACKBONE-MATCHED-CORE-ABLATION","status":"FAIL","validation_summary":{"all_replays":true,"baseline_parameters":10160,"baseline_qualified":true,"baseline_win_cells":3,"delta_full_minus_baseline_bpb":[0.05027566352322094,0.08939633795366692,-0.07622489378015423,0.02959042344798002,-0.019968895284093846,-0.02018922907054116],"full_parameters":13488,"full_retraining_steps":0,"full_win_cells":3,"gate_f_candidate":false,"general_language_claim":false,"parameter_matched":false,"seeds":[232001,232002,232003],"tied_cells":0,"total_new_byte_presentations":38400,"total_new_training_steps":1200}}

=== C233 COMPARISONS; BACKBONE MATCHED, NOT PARAMETER MATCHED ===
[
  {
    "checkpoint_roundtrip": true,
    "final_eval": {
      "all": {
        "bits_per_byte": 0.4642461851230849,
        "bytes": 316,
        "nll_sum": 101.68593523999344
      },
      "en": {
        "bits_per_byte": 0.4910411857956119,
        "bytes": 164,
        "nll_sum": 55.81966540957866
      },
      "ja": {
        "bits_per_byte": 0.43533578966062153,
        "bytes": 152,
        "nll_sum": 45.86626983041477
      }
    },
    "final_sha256": "4903cda9211c860115ebf7ac4b9cc2c30a129c9335db4c9418e7640b20d68838",
    "final_train": {
      "all": {
        "bits_per_byte": 0.4552925800402589,
        "bytes": 948,
        "nll_sum": 299.1743602391607
      },
      "en": {
        "bits_per_byte": 0.4798103371646389,
        "bytes": 492,
        "nll_sum": 163.6289577453196
      },
      "ja": {
        "bits_per_byte": 0.42883921051132257,
        "bytes": 456,
        "nll_sum": 135.5454024938411
      }
    },
    "fit": {
      "byte_presentations": 12800,
      "first_batch_nll": 5.676750250247554,
      "fit_wall_seconds": 3.6105869000020903,
      "last_batch_nll": 0.4552562167913057,
      "steps": 400
    },
    "full_eval": {
      "all": {
        "bits_per_byte": 0.5333393882457609,
        "bytes": 316,
        "nll_sum": 116.81973106514039
      },
      "en": {
        "bits_per_byte": 0.5413168493188328,
        "bytes": 164,
        "nll_sum": 61.534808654770444
      },
      "ja": {
        "bits_per_byte": 0.5247321276142884,
        "bytes": 152,
        "nll_sum": 55.28492241036995
      }
    },
    "full_replay_error": 0.0,
    "generation": [
      {
        "generated_hex": "69732068",
        "id": "en-0-0-0"
      },
      {
        "generated_hex": "6f6b2069",
        "id": "en-0-0-1"
      },
      {
        "generated_hex": "20697320",
        "id": "en-1-3-0"
      },
      {
        "generated_hex": "626f6f6b",
        "id": "en-1-3-1"
      },
      {
        "generated_hex": "20697320",
        "id": "en-2-2-0"
      },
      {
        "generated_hex": "62616c6c",
        "id": "en-2-2-1"
      },
      {
        "generated_hex": "656c6c61",
        "id": "en-3-1-0"
      },
      {
        "generated_hex": "6d627265",
        "id": "en-3-1-1"
      },
      {
        "generated_hex": "a4e38184",
        "id": "ja-0-0-0"
      },
      {
        "generated_hex": "b1e3818c",
        "id": "ja-0-0-1"
      },
      {
        "generated_hex": "92e38184",
        "id": "ja-1-3-0"
      },
      {
        "generated_hex": "ace3818c",
        "id": "ja-1-3-1"
      },
      {
        "generated_hex": "bde38184",
        "id": "ja-2-2-0"
      },
      {
        "generated_hex": "89e3818c",
        "id": "ja-2-2-1"
      },
      {
        "generated_hex": "92e38184",
        "id": "ja-3-1-0"
      },
      {
        "generated_hex": "98e3818c",
        "id": "ja-3-1-1"
      }
    ],
    "generation_replayed": true,
    "initial_eval": {
      "all": {
        "bits_per_byte": 8.030714252526192,
        "bytes": 316,
        "nll_sum": 1759.003553678667
      },
      "en": {
        "bits_per_byte": 8.131309684006737,
        "bytes": 164,
        "nll_sum": 924.3358786035641
      },
      "ja": {
        "bits_per_byte": 7.9221770764550765,
        "bytes": 152,
        "nll_sum": 834.6676750751029
      }
    },
    "initial_sha256": "06ddb148d83a46f6267d2d6c35055929e4fc73613e0c1d432983e6586c977ecf",
    "initial_train": {
      "all": {
        "bits_per_byte": 8.031203469696674,
        "bytes": 948,
        "nll_sum": 5277.332127364278
      },
      "en": {
        "bits_per_byte": 8.132506417466793,
        "bytes": 492,
        "nll_sum": 2773.4157559231626
      },
      "ja": {
        "bits_per_byte": 7.9219029207868115,
        "bytes": 456,
        "nll_sum": 2503.916371441116
      }
    },
    "reload_max_error": 0.0,
    "seed": 232001,
    "unigram_eval": {
      "all": {
        "bits_per_byte": 4.609744152357109,
        "bytes": 316,
        "nll_sum": 1009.693047289652
      },
      "en": {
        "bits_per_byte": 4.579441272479047,
        "bytes": 164,
        "nll_sum": 520.5731962756267
      },
      "ja": {
        "bits_per_byte": 4.642439364857124,
        "bytes": 152,
        "nll_sum": 489.1198510140252
      }
    },
    "weights_changed": true
  },
  {
    "checkpoint_roundtrip": true,
    "final_eval": {
      "all": {
        "bits_per_byte": 0.5120115313714156,
        "bytes": 316,
        "nll_sum": 112.14819440543144
      },
      "en": {
        "bits_per_byte": 0.5028083066473705,
        "bytes": 164,
        "nll_sum": 57.157306258818224
      },
      "ja": {
        "bits_per_byte": 0.5219413264684115,
        "bytes": 152,
        "nll_sum": 54.99088814661321
      }
    },
    "final_sha256": "9c40128a2ab437df3e2b20c22699ea798af0bf1e66756d471049a86d05d6f304",
    "final_train": {
      "all": {
        "bits_per_byte": 0.5018258487588483,
        "bytes": 948,
        "nll_sum": 329.75153524493373
      },
      "en": {
        "bits_per_byte": 0.484395817865342,
        "bytes": 492,
        "nll_sum": 165.1927369507682
      },
      "ja": {
        "bits_per_byte": 0.5206319347228943,
        "bytes": 456,
        "nll_sum": 164.5587982941655
      }
    },
    "fit": {
      "byte_presentations": 12800,
      "first_batch_nll": 5.6137464896063785,
      "fit_wall_seconds": 3.4305623000254855,
      "last_batch_nll": 0.5252852825445239,
      "steps": 400
    },
    "full_eval": {
      "all": {
        "bits_per_byte": 0.4866851446123892,
        "bytes": 316,
        "nll_sum": 106.60084171548183
      },
      "en": {
        "bits_per_byte": 0.4265834128672163,
        "bytes": 164,
        "nll_sum": 48.49235474401821
      },
      "ja": {
        "bits_per_byte": 0.5515317499163915,
        "bytes": 152,
        "nll_sum": 58.10848697146363
      }
    },
    "full_replay_error": 0.0,
    "generation": [
      {
        "generated_hex": "69732068",
        "id": "en-0-0-0"
      },
      {
        "generated_hex": "78206973",
        "id": "en-0-0-1"
      },
      {
        "generated_hex": "20697320",
        "id": "en-1-3-0"
      },
      {
        "generated_hex": "756d6272",
        "id": "en-1-3-1"
      },
      {
        "generated_hex": "20697320",
        "id": "en-2-2-0"
      },
      {
        "generated_hex": "626f7820",
        "id": "en-2-2-1"
      },
      {
        "generated_hex": "656c6c61",
        "id": "en-3-1-0"
      },
      {
        "generated_hex": "6d627265",
        "id": "en-3-1-1"
      },
      {
        "generated_hex": "a4e38184",
        "id": "ja-0-0-0"
      },
      {
        "generated_hex": "b1e3818c",
        "id": "ja-0-0-1"
      },
      {
        "generated_hex": "92e38184",
        "id": "ja-1-3-0"
      },
      {
        "generated_hex": "ace3818c",
        "id": "ja-1-3-1"
      },
      {
        "generated_hex": "bde38184",
        "id": "ja-2-2-0"
      },
      {
        "generated_hex": "89e3818c",
        "id": "ja-2-2-1"
      },
      {
        "generated_hex": "92e38184",
        "id": "ja-3-1-0"
      },
      {
        "generated_hex": "98e3818c",
        "id": "ja-3-1-1"
      }
    ],
    "generation_replayed": true,
    "initial_eval": {
      "all": {
        "bits_per_byte": 7.99109538506224,
        "bytes": 316,
        "nll_sum": 1750.3256544943083
      },
      "en": {
        "bits_per_byte": 8.045938889196673,
        "bytes": 164,
        "nll_sum": 914.6312563847039
      },
      "ja": {
        "bits_per_byte": 7.931922130601405,
        "bytes": 152,
        "nll_sum": 835.6943981096045
      }
    },
    "initial_sha256": "c38a1af994c5b373efec89ac2d1bf24f98007bd415dbbc3138f1589a7d44944f",
    "initial_train": {
      "all": {
        "bits_per_byte": 7.991479267225881,
        "bytes": 948,
        "nll_sum": 5251.229213806671
      },
      "en": {
        "bits_per_byte": 8.04571687160599,
        "bytes": 492,
        "nll_sum": 2743.8180548475393
      },
      "ja": {
        "bits_per_byte": 7.932959746710499,
        "bytes": 456,
        "nll_sum": 2507.4111589591316
      }
    },
    "reload_max_error": 0.0,
    "seed": 232002,
    "unigram_eval": {
      "all": {
        "bits_per_byte": 4.609744152357109,
        "bytes": 316,
        "nll_sum": 1009.693047289652
      },
      "en": {
        "bits_per_byte": 4.579441272479047,
        "bytes": 164,
        "nll_sum": 520.5731962756267
      },
      "ja": {
        "bits_per_byte": 4.642439364857124,
        "bytes": 152,
        "nll_sum": 489.1198510140252
      }
    },
    "weights_changed": true
  },
  {
    "checkpoint_roundtrip": true,
    "final_eval": {
      "all": {
        "bits_per_byte": 0.4849464361149608,
        "bytes": 316,
        "nll_sum": 106.22000455335447
      },
      "en": {
        "bits_per_byte": 0.49971860443620225,
        "bytes": 164,
        "nll_sum": 56.80608084508188
      },
      "ja": {
        "bits_per_byte": 0.46900804397888435,
        "bytes": 152,
        "nll_sum": 49.41392370827258
      }
    },
    "final_sha256": "143fb401209ba6db7f43c1ef7a550207ef1f4cac5e3ba8b99c30af78093da404",
    "final_train": {
      "all": {
        "bits_per_byte": 0.47643331195016553,
        "bytes": 948,
        "nll_sum": 313.0660097441332
      },
      "en": {
        "bits_per_byte": 0.49024327058693873,
        "bytes": 492,
        "nll_sum": 167.1868844715449
      },
      "ja": {
        "bits_per_byte": 0.46153309342101545,
        "bytes": 456,
        "nll_sum": 145.87912527258834
      }
    },
    "fit": {
      "byte_presentations": 12800,
      "first_batch_nll": 5.477344268692227,
      "fit_wall_seconds": 3.4956548000045586,
      "last_batch_nll": 0.3834919364991397,
      "steps": 400
    },
    "full_eval": {
      "all": {
        "bits_per_byte": 0.4648715574905505,
        "bytes": 316,
        "nll_sum": 101.82291336947904
      },
      "en": {
        "bits_per_byte": 0.4797497091521084,
        "bytes": 164,
        "nll_sum": 54.53609395681099
      },
      "ja": {
        "bits_per_byte": 0.4488188149083432,
        "bytes": 152,
        "nll_sum": 47.28681941266805
      }
    },
    "full_replay_error": 0.0,
    "generation": [
      {
        "generated_hex": "69732068",
        "id": "en-0-0-0"
      },
      {
        "generated_hex": "6f6b2069",
        "id": "en-0-0-1"
      },
      {
        "generated_hex": "20697320",
        "id": "en-1-3-0"
      },
      {
        "generated_hex": "626f6f6b",
        "id": "en-1-3-1"
      },
      {
        "generated_hex": "20697320",
        "id": "en-2-2-0"
      },
      {
        "generated_hex": "626f6f6b",
        "id": "en-2-2-1"
      },
      {
        "generated_hex": "656c6c61",
        "id": "en-3-1-0"
      },
      {
        "generated_hex": "6d627265",
        "id": "en-3-1-1"
      },
      {
        "generated_hex": "a4e38184",
        "id": "ja-0-0-0"
      },
      {
        "generated_hex": "b1e381af",
        "id": "ja-0-0-1"
      },
      {
        "generated_hex": "92e38184",
        "id": "ja-1-3-0"
      },
      {
        "generated_hex": "ace3818c",
        "id": "ja-1-3-1"
      },
      {
        "generated_hex": "bde38184",
        "id": "ja-2-2-0"
      },
      {
        "generated_hex": "89e3818c",
        "id": "ja-2-2-1"
      },
      {
        "generated_hex": "92e38184",
        "id": "ja-3-1-0"
      },
      {
        "generated_hex": "98e3818c",
        "id": "ja-3-1-1"
      }
    ],
    "generation_replayed": true,
    "initial_eval": {
      "all": {
        "bits_per_byte": 7.968909315067513,
        "bytes": 316,
        "nll_sum": 1745.4661395451103
      },
      "en": {
        "bits_per_byte": 8.112697333966187,
        "bytes": 164,
        "nll_sum": 922.2200985390749
      },
      "ja": {
        "bits_per_byte": 7.813769610466314,
        "bytes": 152,
        "nll_sum": 823.2460410060355
      }
    },
    "initial_sha256": "a13cd0654d766f4b2903a213611efe54af697aea9140299dc25de48a600fa561",
    "initial_train": {
      "all": {
        "bits_per_byte": 7.968908922890738,
        "bytes": 948,
        "nll_sum": 5236.398160934588
      },
      "en": {
        "bits_per_byte": 8.114386464792386,
        "bytes": 492,
        "nll_sum": 2767.236337221955
      },
      "ja": {
        "bits_per_byte": 7.81194631189159,
        "bytes": 456,
        "nll_sum": 2469.161823712633
      }
    },
    "reload_max_error": 0.0,
    "seed": 232003,
    "unigram_eval": {
      "all": {
        "bits_per_byte": 4.609744152357109,
        "bytes": 316,
        "nll_sum": 1009.693047289652
      },
      "en": {
        "bits_per_byte": 4.579441272479047,
        "bytes": 164,
        "nll_sum": 520.5731962756267
      },
      "ja": {
        "bits_per_byte": 4.642439364857124,
        "bytes": 152,
        "nll_sum": 489.1198510140252
      }
    },
    "weights_changed": true
  }
]
summary = M:\asobiba\fold\runs\c233-v5b-core-ablation-f73f95f4afa44668a64b953f1bbad723\summary.json
summary_sha256 = 5e9895008ebf02c72c3b5c00a8668f1c8078feef94dd2fc1eff192d41e8709bf
scientific_status = FAIL
baseline_qualified = True
full_win_cells = 3
baseline_win_cells = 3
tied_cells = 0
delta_full_minus_baseline_bpb = [0.05027566352322094, 0.08939633795366692, -0.07622489378015423, 0.02959042344798002, -0.019968895284093846, -0.02018922907054116]
all_replays = True
total_new_training_steps = 1200
full_retraining_steps = 0
interpretation = QUALIFIED_COMPARISON
core_ablation_gate = False
=== C233 POSTCHECK ===
protected_inputs = preserved; tracked_tree = clean; execution_HEAD = preserved
run_execution_valid = True
